mtllib volvo_vm270_chassis.mtl
# Volvo VM 270 6x2 corrugated box truck model generated by scripts/generate-volvo-box-truck-model.mjs

v -2.8500 0.1200 -1.1200
v 4.7800 0.1200 -1.1200
v 4.7800 2.3200 -1.1200
v -2.8500 2.3200 -1.1200
v -2.8500 0.1200 1.1200
v 4.7800 0.1200 1.1200
v 4.7800 2.3200 1.1200
v -2.8500 2.3200 1.1200
v -2.9000 2.3200 -1.1400
v 4.8200 2.3200 -1.1400
v 4.8200 2.4000 -1.1400
v -2.9000 2.4000 -1.1400
v -2.9000 2.3200 1.1400
v 4.8200 2.3200 1.1400
v 4.8200 2.4000 1.1400
v -2.9000 2.4000 1.1400
v -2.9200 0.0800 -1.1800
v -2.8200 0.0800 -1.1800
v -2.8200 2.4000 -1.1800
v -2.9200 2.4000 -1.1800
v -2.9200 0.0800 1.1800
v -2.8200 0.0800 1.1800
v -2.8200 2.4000 1.1800
v -2.9200 2.4000 1.1800
v 4.7200 0.0600 -1.2000
v 4.9000 0.0600 -1.2000
v 4.9000 2.4200 -1.2000
v 4.7200 2.4200 -1.2000
v 4.7200 0.0600 1.2000
v 4.9000 0.0600 1.2000
v 4.9000 2.4200 1.2000
v 4.7200 2.4200 1.2000
v -2.9000 0.0200 -1.1800
v 4.8600 0.0200 -1.1800
v 4.8600 0.1800 -1.1800
v -2.9000 0.1800 -1.1800
v -2.9000 0.0200 -1.1000
v 4.8600 0.0200 -1.1000
v 4.8600 0.1800 -1.1000
v -2.9000 0.1800 -1.1000
v -2.9000 0.0200 1.1000
v 4.8600 0.0200 1.1000
v 4.8600 0.1800 1.1000
v -2.9000 0.1800 1.1000
v -2.9000 0.0200 1.1800
v 4.8600 0.0200 1.1800
v 4.8600 0.1800 1.1800
v -2.9000 0.1800 1.1800
v -2.9000 2.2300 -1.1800
v 4.8600 2.2300 -1.1800
v 4.8600 2.3900 -1.1800
v -2.9000 2.3900 -1.1800
v -2.9000 2.2300 -1.1000
v 4.8600 2.2300 -1.1000
v 4.8600 2.3900 -1.1000
v -2.9000 2.3900 -1.1000
v -2.9000 2.2300 1.1000
v 4.8600 2.2300 1.1000
v 4.8600 2.3900 1.1000
v -2.9000 2.3900 1.1000
v -2.9000 2.2300 1.1800
v 4.8600 2.2300 1.1800
v 4.8600 2.3900 1.1800
v -2.9000 2.3900 1.1800
v -2.8600 0.2800 1.1190
v 4.8000 0.2800 1.1190
v 4.8000 0.2980 1.1190
v -2.8600 0.2980 1.1190
v -2.8600 0.2800 1.1530
v 4.8000 0.2800 1.1530
v 4.8000 0.2980 1.1530
v -2.8600 0.2980 1.1530
v -2.8600 0.2800 -1.1530
v 4.8000 0.2800 -1.1530
v 4.8000 0.2980 -1.1530
v -2.8600 0.2980 -1.1530
v -2.8600 0.2800 -1.1190
v 4.8000 0.2800 -1.1190
v 4.8000 0.2980 -1.1190
v -2.8600 0.2980 -1.1190
v -2.8600 0.3580 1.1190
v 4.8000 0.3580 1.1190
v 4.8000 0.3760 1.1190
v -2.8600 0.3760 1.1190
v -2.8600 0.3580 1.1530
v 4.8000 0.3580 1.1530
v 4.8000 0.3760 1.1530
v -2.8600 0.3760 1.1530
v -2.8600 0.3580 -1.1530
v 4.8000 0.3580 -1.1530
v 4.8000 0.3760 -1.1530
v -2.8600 0.3760 -1.1530
v -2.8600 0.3580 -1.1190
v 4.8000 0.3580 -1.1190
v 4.8000 0.3760 -1.1190
v -2.8600 0.3760 -1.1190
v -2.8600 0.4360 1.1190
v 4.8000 0.4360 1.1190
v 4.8000 0.4540 1.1190
v -2.8600 0.4540 1.1190
v -2.8600 0.4360 1.1530
v 4.8000 0.4360 1.1530
v 4.8000 0.4540 1.1530
v -2.8600 0.4540 1.1530
v -2.8600 0.4360 -1.1530
v 4.8000 0.4360 -1.1530
v 4.8000 0.4540 -1.1530
v -2.8600 0.4540 -1.1530
v -2.8600 0.4360 -1.1190
v 4.8000 0.4360 -1.1190
v 4.8000 0.4540 -1.1190
v -2.8600 0.4540 -1.1190
v -2.8600 0.5140 1.1190
v 4.8000 0.5140 1.1190
v 4.8000 0.5320 1.1190
v -2.8600 0.5320 1.1190
v -2.8600 0.5140 1.1530
v 4.8000 0.5140 1.1530
v 4.8000 0.5320 1.1530
v -2.8600 0.5320 1.1530
v -2.8600 0.5140 -1.1530
v 4.8000 0.5140 -1.1530
v 4.8000 0.5320 -1.1530
v -2.8600 0.5320 -1.1530
v -2.8600 0.5140 -1.1190
v 4.8000 0.5140 -1.1190
v 4.8000 0.5320 -1.1190
v -2.8600 0.5320 -1.1190
v -2.8600 0.5920 1.1190
v 4.8000 0.5920 1.1190
v 4.8000 0.6100 1.1190
v -2.8600 0.6100 1.1190
v -2.8600 0.5920 1.1530
v 4.8000 0.5920 1.1530
v 4.8000 0.6100 1.1530
v -2.8600 0.6100 1.1530
v -2.8600 0.5920 -1.1530
v 4.8000 0.5920 -1.1530
v 4.8000 0.6100 -1.1530
v -2.8600 0.6100 -1.1530
v -2.8600 0.5920 -1.1190
v 4.8000 0.5920 -1.1190
v 4.8000 0.6100 -1.1190
v -2.8600 0.6100 -1.1190
v -2.8600 0.6700 1.1190
v 4.8000 0.6700 1.1190
v 4.8000 0.6880 1.1190
v -2.8600 0.6880 1.1190
v -2.8600 0.6700 1.1530
v 4.8000 0.6700 1.1530
v 4.8000 0.6880 1.1530
v -2.8600 0.6880 1.1530
v -2.8600 0.6700 -1.1530
v 4.8000 0.6700 -1.1530
v 4.8000 0.6880 -1.1530
v -2.8600 0.6880 -1.1530
v -2.8600 0.6700 -1.1190
v 4.8000 0.6700 -1.1190
v 4.8000 0.6880 -1.1190
v -2.8600 0.6880 -1.1190
v -2.8600 0.7480 1.1190
v 4.8000 0.7480 1.1190
v 4.8000 0.7660 1.1190
v -2.8600 0.7660 1.1190
v -2.8600 0.7480 1.1530
v 4.8000 0.7480 1.1530
v 4.8000 0.7660 1.1530
v -2.8600 0.7660 1.1530
v -2.8600 0.7480 -1.1530
v 4.8000 0.7480 -1.1530
v 4.8000 0.7660 -1.1530
v -2.8600 0.7660 -1.1530
v -2.8600 0.7480 -1.1190
v 4.8000 0.7480 -1.1190
v 4.8000 0.7660 -1.1190
v -2.8600 0.7660 -1.1190
v -2.8600 0.8260 1.1190
v 4.8000 0.8260 1.1190
v 4.8000 0.8440 1.1190
v -2.8600 0.8440 1.1190
v -2.8600 0.8260 1.1530
v 4.8000 0.8260 1.1530
v 4.8000 0.8440 1.1530
v -2.8600 0.8440 1.1530
v -2.8600 0.8260 -1.1530
v 4.8000 0.8260 -1.1530
v 4.8000 0.8440 -1.1530
v -2.8600 0.8440 -1.1530
v -2.8600 0.8260 -1.1190
v 4.8000 0.8260 -1.1190
v 4.8000 0.8440 -1.1190
v -2.8600 0.8440 -1.1190
v -2.8600 0.9040 1.1190
v 4.8000 0.9040 1.1190
v 4.8000 0.9220 1.1190
v -2.8600 0.9220 1.1190
v -2.8600 0.9040 1.1530
v 4.8000 0.9040 1.1530
v 4.8000 0.9220 1.1530
v -2.8600 0.9220 1.1530
v -2.8600 0.9040 -1.1530
v 4.8000 0.9040 -1.1530
v 4.8000 0.9220 -1.1530
v -2.8600 0.9220 -1.1530
v -2.8600 0.9040 -1.1190
v 4.8000 0.9040 -1.1190
v 4.8000 0.9220 -1.1190
v -2.8600 0.9220 -1.1190
v -2.8600 0.9820 1.1190
v 4.8000 0.9820 1.1190
v 4.8000 1.0000 1.1190
v -2.8600 1.0000 1.1190
v -2.8600 0.9820 1.1530
v 4.8000 0.9820 1.1530
v 4.8000 1.0000 1.1530
v -2.8600 1.0000 1.1530
v -2.8600 0.9820 -1.1530
v 4.8000 0.9820 -1.1530
v 4.8000 1.0000 -1.1530
v -2.8600 1.0000 -1.1530
v -2.8600 0.9820 -1.1190
v 4.8000 0.9820 -1.1190
v 4.8000 1.0000 -1.1190
v -2.8600 1.0000 -1.1190
v -2.8600 1.0600 1.1190
v 4.8000 1.0600 1.1190
v 4.8000 1.0780 1.1190
v -2.8600 1.0780 1.1190
v -2.8600 1.0600 1.1530
v 4.8000 1.0600 1.1530
v 4.8000 1.0780 1.1530
v -2.8600 1.0780 1.1530
v -2.8600 1.0600 -1.1530
v 4.8000 1.0600 -1.1530
v 4.8000 1.0780 -1.1530
v -2.8600 1.0780 -1.1530
v -2.8600 1.0600 -1.1190
v 4.8000 1.0600 -1.1190
v 4.8000 1.0780 -1.1190
v -2.8600 1.0780 -1.1190
v -2.8600 1.1380 1.1190
v 4.8000 1.1380 1.1190
v 4.8000 1.1560 1.1190
v -2.8600 1.1560 1.1190
v -2.8600 1.1380 1.1530
v 4.8000 1.1380 1.1530
v 4.8000 1.1560 1.1530
v -2.8600 1.1560 1.1530
v -2.8600 1.1380 -1.1530
v 4.8000 1.1380 -1.1530
v 4.8000 1.1560 -1.1530
v -2.8600 1.1560 -1.1530
v -2.8600 1.1380 -1.1190
v 4.8000 1.1380 -1.1190
v 4.8000 1.1560 -1.1190
v -2.8600 1.1560 -1.1190
v -2.8600 1.2160 1.1190
v 4.8000 1.2160 1.1190
v 4.8000 1.2340 1.1190
v -2.8600 1.2340 1.1190
v -2.8600 1.2160 1.1530
v 4.8000 1.2160 1.1530
v 4.8000 1.2340 1.1530
v -2.8600 1.2340 1.1530
v -2.8600 1.2160 -1.1530
v 4.8000 1.2160 -1.1530
v 4.8000 1.2340 -1.1530
v -2.8600 1.2340 -1.1530
v -2.8600 1.2160 -1.1190
v 4.8000 1.2160 -1.1190
v 4.8000 1.2340 -1.1190
v -2.8600 1.2340 -1.1190
v -2.8600 1.2940 1.1190
v 4.8000 1.2940 1.1190
v 4.8000 1.3120 1.1190
v -2.8600 1.3120 1.1190
v -2.8600 1.2940 1.1530
v 4.8000 1.2940 1.1530
v 4.8000 1.3120 1.1530
v -2.8600 1.3120 1.1530
v -2.8600 1.2940 -1.1530
v 4.8000 1.2940 -1.1530
v 4.8000 1.3120 -1.1530
v -2.8600 1.3120 -1.1530
v -2.8600 1.2940 -1.1190
v 4.8000 1.2940 -1.1190
v 4.8000 1.3120 -1.1190
v -2.8600 1.3120 -1.1190
v -2.8600 1.3720 1.1190
v 4.8000 1.3720 1.1190
v 4.8000 1.3900 1.1190
v -2.8600 1.3900 1.1190
v -2.8600 1.3720 1.1530
v 4.8000 1.3720 1.1530
v 4.8000 1.3900 1.1530
v -2.8600 1.3900 1.1530
v -2.8600 1.3720 -1.1530
v 4.8000 1.3720 -1.1530
v 4.8000 1.3900 -1.1530
v -2.8600 1.3900 -1.1530
v -2.8600 1.3720 -1.1190
v 4.8000 1.3720 -1.1190
v 4.8000 1.3900 -1.1190
v -2.8600 1.3900 -1.1190
v -2.8600 1.4500 1.1190
v 4.8000 1.4500 1.1190
v 4.8000 1.4680 1.1190
v -2.8600 1.4680 1.1190
v -2.8600 1.4500 1.1530
v 4.8000 1.4500 1.1530
v 4.8000 1.4680 1.1530
v -2.8600 1.4680 1.1530
v -2.8600 1.4500 -1.1530
v 4.8000 1.4500 -1.1530
v 4.8000 1.4680 -1.1530
v -2.8600 1.4680 -1.1530
v -2.8600 1.4500 -1.1190
v 4.8000 1.4500 -1.1190
v 4.8000 1.4680 -1.1190
v -2.8600 1.4680 -1.1190
v -2.8600 1.5280 1.1190
v 4.8000 1.5280 1.1190
v 4.8000 1.5460 1.1190
v -2.8600 1.5460 1.1190
v -2.8600 1.5280 1.1530
v 4.8000 1.5280 1.1530
v 4.8000 1.5460 1.1530
v -2.8600 1.5460 1.1530
v -2.8600 1.5280 -1.1530
v 4.8000 1.5280 -1.1530
v 4.8000 1.5460 -1.1530
v -2.8600 1.5460 -1.1530
v -2.8600 1.5280 -1.1190
v 4.8000 1.5280 -1.1190
v 4.8000 1.5460 -1.1190
v -2.8600 1.5460 -1.1190
v -2.8600 1.6060 1.1190
v 4.8000 1.6060 1.1190
v 4.8000 1.6240 1.1190
v -2.8600 1.6240 1.1190
v -2.8600 1.6060 1.1530
v 4.8000 1.6060 1.1530
v 4.8000 1.6240 1.1530
v -2.8600 1.6240 1.1530
v -2.8600 1.6060 -1.1530
v 4.8000 1.6060 -1.1530
v 4.8000 1.6240 -1.1530
v -2.8600 1.6240 -1.1530
v -2.8600 1.6060 -1.1190
v 4.8000 1.6060 -1.1190
v 4.8000 1.6240 -1.1190
v -2.8600 1.6240 -1.1190
v -2.8600 1.6840 1.1190
v 4.8000 1.6840 1.1190
v 4.8000 1.7020 1.1190
v -2.8600 1.7020 1.1190
v -2.8600 1.6840 1.1530
v 4.8000 1.6840 1.1530
v 4.8000 1.7020 1.1530
v -2.8600 1.7020 1.1530
v -2.8600 1.6840 -1.1530
v 4.8000 1.6840 -1.1530
v 4.8000 1.7020 -1.1530
v -2.8600 1.7020 -1.1530
v -2.8600 1.6840 -1.1190
v 4.8000 1.6840 -1.1190
v 4.8000 1.7020 -1.1190
v -2.8600 1.7020 -1.1190
v -2.8600 1.7620 1.1190
v 4.8000 1.7620 1.1190
v 4.8000 1.7800 1.1190
v -2.8600 1.7800 1.1190
v -2.8600 1.7620 1.1530
v 4.8000 1.7620 1.1530
v 4.8000 1.7800 1.1530
v -2.8600 1.7800 1.1530
v -2.8600 1.7620 -1.1530
v 4.8000 1.7620 -1.1530
v 4.8000 1.7800 -1.1530
v -2.8600 1.7800 -1.1530
v -2.8600 1.7620 -1.1190
v 4.8000 1.7620 -1.1190
v 4.8000 1.7800 -1.1190
v -2.8600 1.7800 -1.1190
v -2.8600 1.8400 1.1190
v 4.8000 1.8400 1.1190
v 4.8000 1.8580 1.1190
v -2.8600 1.8580 1.1190
v -2.8600 1.8400 1.1530
v 4.8000 1.8400 1.1530
v 4.8000 1.8580 1.1530
v -2.8600 1.8580 1.1530
v -2.8600 1.8400 -1.1530
v 4.8000 1.8400 -1.1530
v 4.8000 1.8580 -1.1530
v -2.8600 1.8580 -1.1530
v -2.8600 1.8400 -1.1190
v 4.8000 1.8400 -1.1190
v 4.8000 1.8580 -1.1190
v -2.8600 1.8580 -1.1190
v -2.8600 1.9180 1.1190
v 4.8000 1.9180 1.1190
v 4.8000 1.9360 1.1190
v -2.8600 1.9360 1.1190
v -2.8600 1.9180 1.1530
v 4.8000 1.9180 1.1530
v 4.8000 1.9360 1.1530
v -2.8600 1.9360 1.1530
v -2.8600 1.9180 -1.1530
v 4.8000 1.9180 -1.1530
v 4.8000 1.9360 -1.1530
v -2.8600 1.9360 -1.1530
v -2.8600 1.9180 -1.1190
v 4.8000 1.9180 -1.1190
v 4.8000 1.9360 -1.1190
v -2.8600 1.9360 -1.1190
v -2.8600 1.9960 1.1190
v 4.8000 1.9960 1.1190
v 4.8000 2.0140 1.1190
v -2.8600 2.0140 1.1190
v -2.8600 1.9960 1.1530
v 4.8000 1.9960 1.1530
v 4.8000 2.0140 1.1530
v -2.8600 2.0140 1.1530
v -2.8600 1.9960 -1.1530
v 4.8000 1.9960 -1.1530
v 4.8000 2.0140 -1.1530
v -2.8600 2.0140 -1.1530
v -2.8600 1.9960 -1.1190
v 4.8000 1.9960 -1.1190
v 4.8000 2.0140 -1.1190
v -2.8600 2.0140 -1.1190
v -2.8600 2.0740 1.1190
v 4.8000 2.0740 1.1190
v 4.8000 2.0920 1.1190
v -2.8600 2.0920 1.1190
v -2.8600 2.0740 1.1530
v 4.8000 2.0740 1.1530
v 4.8000 2.0920 1.1530
v -2.8600 2.0920 1.1530
v -2.8600 2.0740 -1.1530
v 4.8000 2.0740 -1.1530
v 4.8000 2.0920 -1.1530
v -2.8600 2.0920 -1.1530
v -2.8600 2.0740 -1.1190
v 4.8000 2.0740 -1.1190
v 4.8000 2.0920 -1.1190
v -2.8600 2.0920 -1.1190
v -2.1500 0.1800 1.1220
v -2.1320 0.1800 1.1220
v -2.1320 2.2500 1.1220
v -2.1500 2.2500 1.1220
v -2.1500 0.1800 1.1450
v -2.1320 0.1800 1.1450
v -2.1320 2.2500 1.1450
v -2.1500 2.2500 1.1450
v -2.1500 0.1800 -1.1450
v -2.1320 0.1800 -1.1450
v -2.1320 2.2500 -1.1450
v -2.1500 2.2500 -1.1450
v -2.1500 0.1800 -1.1220
v -2.1320 0.1800 -1.1220
v -2.1320 2.2500 -1.1220
v -2.1500 2.2500 -1.1220
v -1.4700 0.1800 1.1220
v -1.4520 0.1800 1.1220
v -1.4520 2.2500 1.1220
v -1.4700 2.2500 1.1220
v -1.4700 0.1800 1.1450
v -1.4520 0.1800 1.1450
v -1.4520 2.2500 1.1450
v -1.4700 2.2500 1.1450
v -1.4700 0.1800 -1.1450
v -1.4520 0.1800 -1.1450
v -1.4520 2.2500 -1.1450
v -1.4700 2.2500 -1.1450
v -1.4700 0.1800 -1.1220
v -1.4520 0.1800 -1.1220
v -1.4520 2.2500 -1.1220
v -1.4700 2.2500 -1.1220
v -0.7900 0.1800 1.1220
v -0.7720 0.1800 1.1220
v -0.7720 2.2500 1.1220
v -0.7900 2.2500 1.1220
v -0.7900 0.1800 1.1450
v -0.7720 0.1800 1.1450
v -0.7720 2.2500 1.1450
v -0.7900 2.2500 1.1450
v -0.7900 0.1800 -1.1450
v -0.7720 0.1800 -1.1450
v -0.7720 2.2500 -1.1450
v -0.7900 2.2500 -1.1450
v -0.7900 0.1800 -1.1220
v -0.7720 0.1800 -1.1220
v -0.7720 2.2500 -1.1220
v -0.7900 2.2500 -1.1220
v -0.1100 0.1800 1.1220
v -0.0920 0.1800 1.1220
v -0.0920 2.2500 1.1220
v -0.1100 2.2500 1.1220
v -0.1100 0.1800 1.1450
v -0.0920 0.1800 1.1450
v -0.0920 2.2500 1.1450
v -0.1100 2.2500 1.1450
v -0.1100 0.1800 -1.1450
v -0.0920 0.1800 -1.1450
v -0.0920 2.2500 -1.1450
v -0.1100 2.2500 -1.1450
v -0.1100 0.1800 -1.1220
v -0.0920 0.1800 -1.1220
v -0.0920 2.2500 -1.1220
v -0.1100 2.2500 -1.1220
v 0.5700 0.1800 1.1220
v 0.5880 0.1800 1.1220
v 0.5880 2.2500 1.1220
v 0.5700 2.2500 1.1220
v 0.5700 0.1800 1.1450
v 0.5880 0.1800 1.1450
v 0.5880 2.2500 1.1450
v 0.5700 2.2500 1.1450
v 0.5700 0.1800 -1.1450
v 0.5880 0.1800 -1.1450
v 0.5880 2.2500 -1.1450
v 0.5700 2.2500 -1.1450
v 0.5700 0.1800 -1.1220
v 0.5880 0.1800 -1.1220
v 0.5880 2.2500 -1.1220
v 0.5700 2.2500 -1.1220
v 1.2500 0.1800 1.1220
v 1.2680 0.1800 1.1220
v 1.2680 2.2500 1.1220
v 1.2500 2.2500 1.1220
v 1.2500 0.1800 1.1450
v 1.2680 0.1800 1.1450
v 1.2680 2.2500 1.1450
v 1.2500 2.2500 1.1450
v 1.2500 0.1800 -1.1450
v 1.2680 0.1800 -1.1450
v 1.2680 2.2500 -1.1450
v 1.2500 2.2500 -1.1450
v 1.2500 0.1800 -1.1220
v 1.2680 0.1800 -1.1220
v 1.2680 2.2500 -1.1220
v 1.2500 2.2500 -1.1220
v 1.9300 0.1800 1.1220
v 1.9480 0.1800 1.1220
v 1.9480 2.2500 1.1220
v 1.9300 2.2500 1.1220
v 1.9300 0.1800 1.1450
v 1.9480 0.1800 1.1450
v 1.9480 2.2500 1.1450
v 1.9300 2.2500 1.1450
v 1.9300 0.1800 -1.1450
v 1.9480 0.1800 -1.1450
v 1.9480 2.2500 -1.1450
v 1.9300 2.2500 -1.1450
v 1.9300 0.1800 -1.1220
v 1.9480 0.1800 -1.1220
v 1.9480 2.2500 -1.1220
v 1.9300 2.2500 -1.1220
v 2.6100 0.1800 1.1220
v 2.6280 0.1800 1.1220
v 2.6280 2.2500 1.1220
v 2.6100 2.2500 1.1220
v 2.6100 0.1800 1.1450
v 2.6280 0.1800 1.1450
v 2.6280 2.2500 1.1450
v 2.6100 2.2500 1.1450
v 2.6100 0.1800 -1.1450
v 2.6280 0.1800 -1.1450
v 2.6280 2.2500 -1.1450
v 2.6100 2.2500 -1.1450
v 2.6100 0.1800 -1.1220
v 2.6280 0.1800 -1.1220
v 2.6280 2.2500 -1.1220
v 2.6100 2.2500 -1.1220
v 3.2900 0.1800 1.1220
v 3.3080 0.1800 1.1220
v 3.3080 2.2500 1.1220
v 3.2900 2.2500 1.1220
v 3.2900 0.1800 1.1450
v 3.3080 0.1800 1.1450
v 3.3080 2.2500 1.1450
v 3.2900 2.2500 1.1450
v 3.2900 0.1800 -1.1450
v 3.3080 0.1800 -1.1450
v 3.3080 2.2500 -1.1450
v 3.2900 2.2500 -1.1450
v 3.2900 0.1800 -1.1220
v 3.3080 0.1800 -1.1220
v 3.3080 2.2500 -1.1220
v 3.2900 2.2500 -1.1220
v 3.9700 0.1800 1.1220
v 3.9880 0.1800 1.1220
v 3.9880 2.2500 1.1220
v 3.9700 2.2500 1.1220
v 3.9700 0.1800 1.1450
v 3.9880 0.1800 1.1450
v 3.9880 2.2500 1.1450
v 3.9700 2.2500 1.1450
v 3.9700 0.1800 -1.1450
v 3.9880 0.1800 -1.1450
v 3.9880 2.2500 -1.1450
v 3.9700 2.2500 -1.1450
v 3.9700 0.1800 -1.1220
v 3.9880 0.1800 -1.1220
v 3.9880 2.2500 -1.1220
v 3.9700 2.2500 -1.1220
v 4.6500 0.1800 1.1220
v 4.6680 0.1800 1.1220
v 4.6680 2.2500 1.1220
v 4.6500 2.2500 1.1220
v 4.6500 0.1800 1.1450
v 4.6680 0.1800 1.1450
v 4.6680 2.2500 1.1450
v 4.6500 2.2500 1.1450
v 4.6500 0.1800 -1.1450
v 4.6680 0.1800 -1.1450
v 4.6680 2.2500 -1.1450
v 4.6500 2.2500 -1.1450
v 4.6500 0.1800 -1.1220
v 4.6680 0.1800 -1.1220
v 4.6680 2.2500 -1.1220
v 4.6500 2.2500 -1.1220
v 4.9000 0.1500 -1.0800
v 4.9400 0.1500 -1.0800
v 4.9400 2.2600 -1.0800
v 4.9000 2.2600 -1.0800
v 4.9000 0.1500 -0.0350
v 4.9400 0.1500 -0.0350
v 4.9400 2.2600 -0.0350
v 4.9000 2.2600 -0.0350
v 4.9000 0.1500 0.0350
v 4.9400 0.1500 0.0350
v 4.9400 2.2600 0.0350
v 4.9000 2.2600 0.0350
v 4.9000 0.1500 1.0800
v 4.9400 0.1500 1.0800
v 4.9400 2.2600 1.0800
v 4.9000 2.2600 1.0800
v 4.9450 0.1300 -0.0300
v 4.9850 0.1300 -0.0300
v 4.9850 2.2900 -0.0300
v 4.9450 2.2900 -0.0300
v 4.9450 0.1300 0.0300
v 4.9850 0.1300 0.0300
v 4.9850 2.2900 0.0300
v 4.9450 2.2900 0.0300
v 4.9500 2.1800 -1.1000
v 5.0000 2.1800 -1.1000
v 5.0000 2.3400 -1.1000
v 4.9500 2.3400 -1.1000
v 4.9500 2.1800 1.1000
v 5.0000 2.1800 1.1000
v 5.0000 2.3400 1.1000
v 4.9500 2.3400 1.1000
v 4.9500 0.0600 -1.1000
v 5.0200 0.0600 -1.1000
v 5.0200 0.2000 -1.1000
v 4.9500 0.2000 -1.1000
v 4.9500 0.0600 1.1000
v 5.0200 0.0600 1.1000
v 5.0200 0.2000 1.1000
v 4.9500 0.2000 1.1000
v 4.9800 0.2800 -0.5750
v 5.0400 0.2800 -0.5750
v 5.0400 1.9500 -0.5750
v 4.9800 1.9500 -0.5750
v 4.9800 0.2800 -0.5250
v 5.0400 0.2800 -0.5250
v 5.0400 1.9500 -0.5250
v 4.9800 1.9500 -0.5250
v 5.0200 0.8800 -0.6400
v 5.0900 0.8800 -0.6400
v 5.0900 0.9600 -0.6400
v 5.0200 0.9600 -0.6400
v 5.0200 0.8800 -0.4600
v 5.0900 0.8800 -0.4600
v 5.0900 0.9600 -0.4600
v 5.0200 0.9600 -0.4600
v 4.9800 0.2800 0.5250
v 5.0400 0.2800 0.5250
v 5.0400 1.9500 0.5250
v 4.9800 1.9500 0.5250
v 4.9800 0.2800 0.5750
v 5.0400 0.2800 0.5750
v 5.0400 1.9500 0.5750
v 4.9800 1.9500 0.5750
v 5.0200 0.8800 0.4600
v 5.0900 0.8800 0.4600
v 5.0900 0.9600 0.4600
v 5.0200 0.9600 0.4600
v 5.0200 0.8800 0.6400
v 5.0900 0.8800 0.6400
v 5.0900 0.9600 0.6400
v 5.0200 0.9600 0.6400
v 4.9800 0.3800 -1.0650
v 5.0600 0.3800 -1.0650
v 5.0600 0.5200 -1.0650
v 4.9800 0.5200 -1.0650
v 4.9800 0.3800 -0.9950
v 5.0600 0.3800 -0.9950
v 5.0600 0.5200 -0.9950
v 4.9800 0.5200 -0.9950
v 4.9800 0.8800 -1.0650
v 5.0600 0.8800 -1.0650
v 5.0600 1.0200 -1.0650
v 4.9800 1.0200 -1.0650
v 4.9800 0.8800 -0.9950
v 5.0600 0.8800 -0.9950
v 5.0600 1.0200 -0.9950
v 4.9800 1.0200 -0.9950
v 4.9800 1.3800 -1.0650
v 5.0600 1.3800 -1.0650
v 5.0600 1.5200 -1.0650
v 4.9800 1.5200 -1.0650
v 4.9800 1.3800 -0.9950
v 5.0600 1.3800 -0.9950
v 5.0600 1.5200 -0.9950
v 4.9800 1.5200 -0.9950
v 4.9800 1.8800 -1.0650
v 5.0600 1.8800 -1.0650
v 5.0600 2.0200 -1.0650
v 4.9800 2.0200 -1.0650
v 4.9800 1.8800 -0.9950
v 5.0600 1.8800 -0.9950
v 5.0600 2.0200 -0.9950
v 4.9800 2.0200 -0.9950
v 4.9800 0.3800 0.9950
v 5.0600 0.3800 0.9950
v 5.0600 0.5200 0.9950
v 4.9800 0.5200 0.9950
v 4.9800 0.3800 1.0650
v 5.0600 0.3800 1.0650
v 5.0600 0.5200 1.0650
v 4.9800 0.5200 1.0650
v 4.9800 0.8800 0.9950
v 5.0600 0.8800 0.9950
v 5.0600 1.0200 0.9950
v 4.9800 1.0200 0.9950
v 4.9800 0.8800 1.0650
v 5.0600 0.8800 1.0650
v 5.0600 1.0200 1.0650
v 4.9800 1.0200 1.0650
v 4.9800 1.3800 0.9950
v 5.0600 1.3800 0.9950
v 5.0600 1.5200 0.9950
v 4.9800 1.5200 0.9950
v 4.9800 1.3800 1.0650
v 5.0600 1.3800 1.0650
v 5.0600 1.5200 1.0650
v 4.9800 1.5200 1.0650
v 4.9800 1.8800 0.9950
v 5.0600 1.8800 0.9950
v 5.0600 2.0200 0.9950
v 4.9800 2.0200 0.9950
v 4.9800 1.8800 1.0650
v 5.0600 1.8800 1.0650
v 5.0600 2.0200 1.0650
v 4.9800 2.0200 1.0650
v 4.5500 -0.5600 -1.0500
v 5.0500 -0.5600 -1.0500
v 5.0500 -0.4300 -1.0500
v 4.5500 -0.4300 -1.0500
v 4.5500 -0.5600 1.0500
v 5.0500 -0.5600 1.0500
v 5.0500 -0.4300 1.0500
v 4.5500 -0.4300 1.0500
v 4.4800 -0.9000 -1.0600
v 4.5800 -0.9000 -1.0600
v 4.5800 -0.3500 -1.0600
v 4.4800 -0.3500 -1.0600
v 4.4800 -0.9000 -0.7600
v 4.5800 -0.9000 -0.7600
v 4.5800 -0.3500 -0.7600
v 4.4800 -0.3500 -0.7600
v 4.4800 -0.9000 0.7600
v 4.5800 -0.9000 0.7600
v 4.5800 -0.3500 0.7600
v 4.4800 -0.3500 0.7600
v 4.4800 -0.9000 1.0600
v 4.5800 -0.9000 1.0600
v 4.5800 -0.3500 1.0600
v 4.4800 -0.3500 1.0600
v 5.0400 -0.2400 -1.0500
v 5.0800 -0.2400 -1.0500
v 5.0800 -0.1000 -1.0500
v 5.0400 -0.1000 -1.0500
v 5.0400 -0.2400 -0.8200
v 5.0800 -0.2400 -0.8200
v 5.0800 -0.1000 -0.8200
v 5.0400 -0.1000 -0.8200
v 5.0400 -0.2400 0.8200
v 5.0800 -0.2400 0.8200
v 5.0800 -0.1000 0.8200
v 5.0400 -0.1000 0.8200
v 5.0400 -0.2400 1.0500
v 5.0800 -0.2400 1.0500
v 5.0800 -0.1000 1.0500
v 5.0400 -0.1000 1.0500
v -4.7200 -0.5600 -0.9000
v -3.1800 -0.5600 -0.9000
v -3.1800 0.5800 -0.9000
v -4.7200 0.5800 -0.9000
v -4.7200 -0.5600 0.9000
v -3.1800 -0.5600 0.9000
v -3.1800 0.5800 0.9000
v -4.7200 0.5800 0.9000
v -4.4200 0.5200 -0.8800
v -3.0800 0.5200 -0.8800
v -3.0800 1.4300 -0.8800
v -4.4200 1.4300 -0.8800
v -4.4200 0.5200 0.8800
v -3.0800 0.5200 0.8800
v -3.0800 1.4300 0.8800
v -4.4200 1.4300 0.8800
v -4.4800 1.4000 -0.9600
v -2.9800 1.4000 -0.9600
v -2.9800 1.5800 -0.9600
v -4.4800 1.5800 -0.9600
v -4.4800 1.4000 0.9600
v -2.9800 1.4000 0.9600
v -2.9800 1.5800 0.9600
v -4.4800 1.5800 0.9600
v -4.7400 1.3500 -0.9200
v -4.3400 1.3500 -0.9200
v -4.3400 1.4900 -0.9200
v -4.7400 1.4900 -0.9200
v -4.7400 1.3500 0.9200
v -4.3400 1.3500 0.9200
v -4.3400 1.4900 0.9200
v -4.7400 1.4900 0.9200
v -4.9000 -0.6700 -0.9800
v -4.6100 -0.6700 -0.9800
v -4.6100 -0.3200 -0.9800
v -4.9000 -0.3200 -0.9800
v -4.9000 -0.6700 0.9800
v -4.6100 -0.6700 0.9800
v -4.6100 -0.3200 0.9800
v -4.9000 -0.3200 0.9800
v -4.8200 -0.3400 -0.8800
v -4.6000 -0.3400 -0.8800
v -4.6000 -0.1200 -0.8800
v -4.8200 -0.1200 -0.8800
v -4.8200 -0.3400 0.8800
v -4.6000 -0.3400 0.8800
v -4.6000 -0.1200 0.8800
v -4.8200 -0.1200 0.8800
v -4.5000 0.6200 -0.6400
v -4.5000 0.6200 0.6400
v -4.2400 1.3000 0.6000
v -4.2400 1.3000 -0.6000
v -4.5500 0.5800 -0.7000
v -4.4900 0.5800 -0.7000
v -4.4900 0.6400 -0.7000
v -4.5500 0.6400 -0.7000
v -4.5500 0.5800 0.7000
v -4.4900 0.5800 0.7000
v -4.4900 0.6400 0.7000
v -4.5500 0.6400 0.7000
v -4.2800 1.2800 -0.6800
v -4.1800 1.2800 -0.6800
v -4.1800 1.3600 -0.6800
v -4.2800 1.3600 -0.6800
v -4.2800 1.2800 0.6800
v -4.1800 1.2800 0.6800
v -4.1800 1.3600 0.6800
v -4.2800 1.3600 0.6800
v -4.5200 0.6200 -0.0250
v -4.2200 0.6200 -0.0250
v -4.2200 1.3100 -0.0250
v -4.5200 1.3100 -0.0250
v -4.5200 0.6200 0.0250
v -4.2200 0.6200 0.0250
v -4.2200 1.3100 0.0250
v -4.5200 1.3100 0.0250
v -4.1200 0.6600 -0.9100
v -3.4200 0.6600 -0.9100
v -3.4200 1.2300 -0.9100
v -4.1200 1.2300 -0.9100
v -4.1200 0.6600 -0.8800
v -3.4200 0.6600 -0.8800
v -3.4200 1.2300 -0.8800
v -4.1200 1.2300 -0.8800
v -3.3800 -0.4200 -0.9100
v -3.3400 -0.4200 -0.9100
v -3.3400 1.2800 -0.9100
v -3.3800 1.2800 -0.9100
v -3.3800 -0.4200 -0.8800
v -3.3400 -0.4200 -0.8800
v -3.3400 1.2800 -0.8800
v -3.3800 1.2800 -0.8800
v -4.1700 0.6000 -0.9100
v -4.1000 0.6000 -0.9100
v -4.1000 1.2800 -0.9100
v -4.1700 1.2800 -0.9100
v -4.1700 0.6000 -0.8800
v -4.1000 0.6000 -0.8800
v -4.1000 1.2800 -0.8800
v -4.1700 1.2800 -0.8800
v -3.5500 0.1800 -0.9100
v -3.3200 0.1800 -0.9100
v -3.3200 0.2500 -0.9100
v -3.5500 0.2500 -0.9100
v -3.5500 0.1800 -0.8800
v -3.3200 0.1800 -0.8800
v -3.3200 0.2500 -0.8800
v -3.5500 0.2500 -0.8800
v -4.1400 -0.6800 -1.0800
v -3.4500 -0.6800 -1.0800
v -3.4500 -0.5500 -1.0800
v -4.1400 -0.5500 -1.0800
v -4.1400 -0.6800 -0.9200
v -3.4500 -0.6800 -0.9200
v -3.4500 -0.5500 -0.9200
v -4.1400 -0.5500 -0.9200
v -4.2300 -0.8200 -1.1200
v -3.3600 -0.8200 -1.1200
v -3.3600 -0.6900 -1.1200
v -4.2300 -0.6900 -1.1200
v -4.2300 -0.8200 -0.9400
v -3.3600 -0.8200 -0.9400
v -3.3600 -0.6900 -0.9400
v -4.2300 -0.6900 -0.9400
v -4.4800 0.8800 -1.1800
v -4.1200 0.8800 -1.1800
v -4.1200 0.9600 -1.1800
v -4.4800 0.9600 -1.1800
v -4.4800 0.8800 -0.8800
v -4.1200 0.8800 -0.8800
v -4.1200 0.9600 -0.8800
v -4.4800 0.9600 -0.8800
v -4.5400 0.6500 -1.2800
v -4.2500 0.6500 -1.2800
v -4.2500 1.1000 -1.2800
v -4.5400 1.1000 -1.2800
v -4.5400 0.6500 -1.1600
v -4.2500 0.6500 -1.1600
v -4.2500 1.1000 -1.1600
v -4.5400 1.1000 -1.1600
v -4.1200 0.6600 0.8800
v -3.4200 0.6600 0.8800
v -3.4200 1.2300 0.8800
v -4.1200 1.2300 0.8800
v -4.1200 0.6600 0.9100
v -3.4200 0.6600 0.9100
v -3.4200 1.2300 0.9100
v -4.1200 1.2300 0.9100
v -3.3800 -0.4200 0.8800
v -3.3400 -0.4200 0.8800
v -3.3400 1.2800 0.8800
v -3.3800 1.2800 0.8800
v -3.3800 -0.4200 0.9100
v -3.3400 -0.4200 0.9100
v -3.3400 1.2800 0.9100
v -3.3800 1.2800 0.9100
v -4.1700 0.6000 0.8800
v -4.1000 0.6000 0.8800
v -4.1000 1.2800 0.8800
v -4.1700 1.2800 0.8800
v -4.1700 0.6000 0.9100
v -4.1000 0.6000 0.9100
v -4.1000 1.2800 0.9100
v -4.1700 1.2800 0.9100
v -3.5500 0.1800 0.8800
v -3.3200 0.1800 0.8800
v -3.3200 0.2500 0.8800
v -3.5500 0.2500 0.8800
v -3.5500 0.1800 0.9100
v -3.3200 0.1800 0.9100
v -3.3200 0.2500 0.9100
v -3.5500 0.2500 0.9100
v -4.1400 -0.6800 0.9200
v -3.4500 -0.6800 0.9200
v -3.4500 -0.5500 0.9200
v -4.1400 -0.5500 0.9200
v -4.1400 -0.6800 1.0800
v -3.4500 -0.6800 1.0800
v -3.4500 -0.5500 1.0800
v -4.1400 -0.5500 1.0800
v -4.2300 -0.8200 0.9400
v -3.3600 -0.8200 0.9400
v -3.3600 -0.6900 0.9400
v -4.2300 -0.6900 0.9400
v -4.2300 -0.8200 1.1200
v -3.3600 -0.8200 1.1200
v -3.3600 -0.6900 1.1200
v -4.2300 -0.6900 1.1200
v -4.4800 0.8800 0.8800
v -4.1200 0.8800 0.8800
v -4.1200 0.9600 0.8800
v -4.4800 0.9600 0.8800
v -4.4800 0.8800 1.1800
v -4.1200 0.8800 1.1800
v -4.1200 0.9600 1.1800
v -4.4800 0.9600 1.1800
v -4.5400 0.6500 1.1600
v -4.2500 0.6500 1.1600
v -4.2500 1.1000 1.1600
v -4.5400 1.1000 1.1600
v -4.5400 0.6500 1.2800
v -4.2500 0.6500 1.2800
v -4.2500 1.1000 1.2800
v -4.5400 1.1000 1.2800
v -4.9100 -0.0800 -0.6200
v -4.8400 -0.0800 -0.6200
v -4.8400 0.4200 -0.6200
v -4.9100 0.4200 -0.6200
v -4.9100 -0.0800 0.6200
v -4.8400 -0.0800 0.6200
v -4.8400 0.4200 0.6200
v -4.9100 0.4200 0.6200
v -4.9300 -0.0200 -0.6100
v -4.8800 -0.0200 -0.6100
v -4.8800 0.0000 -0.6100
v -4.9300 0.0000 -0.6100
v -4.9300 -0.0200 0.6100
v -4.8800 -0.0200 0.6100
v -4.8800 0.0000 0.6100
v -4.9300 0.0000 0.6100
v -4.9300 0.0800 -0.6100
v -4.8800 0.0800 -0.6100
v -4.8800 0.1000 -0.6100
v -4.9300 0.1000 -0.6100
v -4.9300 0.0800 0.6100
v -4.8800 0.0800 0.6100
v -4.8800 0.1000 0.6100
v -4.9300 0.1000 0.6100
v -4.9300 0.1800 -0.6100
v -4.8800 0.1800 -0.6100
v -4.8800 0.2000 -0.6100
v -4.9300 0.2000 -0.6100
v -4.9300 0.1800 0.6100
v -4.8800 0.1800 0.6100
v -4.8800 0.2000 0.6100
v -4.9300 0.2000 0.6100
v -4.9300 0.2800 -0.6100
v -4.8800 0.2800 -0.6100
v -4.8800 0.3000 -0.6100
v -4.9300 0.3000 -0.6100
v -4.9300 0.2800 0.6100
v -4.8800 0.2800 0.6100
v -4.8800 0.3000 0.6100
v -4.9300 0.3000 0.6100
v -4.9300 0.3800 -0.6100
v -4.8800 0.3800 -0.6100
v -4.8800 0.4000 -0.6100
v -4.9300 0.4000 -0.6100
v -4.9300 0.3800 0.6100
v -4.8800 0.3800 0.6100
v -4.8800 0.4000 0.6100
v -4.9300 0.4000 0.6100
v -4.9400 -0.0800 -0.0350
v -4.8800 -0.0800 -0.0350
v -4.8800 0.4300 -0.0350
v -4.9400 0.4300 -0.0350
v -4.9400 -0.0800 0.0350
v -4.8800 -0.0800 0.0350
v -4.8800 0.4300 0.0350
v -4.9400 0.4300 0.0350
v -4.9730 -0.0380 -0.2260
v -4.9370 -0.0380 -0.2260
v -4.9370 0.3420 0.2540
v -4.9730 0.3420 0.2540
v -4.9730 -0.0020 -0.2540
v -4.9370 -0.0020 -0.2540
v -4.9370 0.3780 0.2260
v -4.9730 0.3780 0.2260
v -4.9600 0.1700 -0.1200
v -4.9000 0.1700 -0.1200
v -4.9000 0.2500 -0.1200
v -4.9600 0.2500 -0.1200
v -4.9600 0.1700 0.1200
v -4.9000 0.1700 0.1200
v -4.9000 0.2500 0.1200
v -4.9600 0.2500 0.1200
v -4.9300 -0.2500 -0.8600
v -4.8600 -0.2500 -0.8600
v -4.8600 -0.0800 -0.8600
v -4.9300 -0.0800 -0.8600
v -4.9300 -0.2500 -0.5000
v -4.8600 -0.2500 -0.5000
v -4.8600 -0.0800 -0.5000
v -4.9300 -0.0800 -0.5000
v -4.9400 -0.0900 -0.8600
v -4.8700 -0.0900 -0.8600
v -4.8700 0.0100 -0.8600
v -4.9400 0.0100 -0.8600
v -4.9400 -0.0900 -0.5000
v -4.8700 -0.0900 -0.5000
v -4.8700 0.0100 -0.5000
v -4.9400 0.0100 -0.5000
v -4.9300 -0.2500 0.5000
v -4.8600 -0.2500 0.5000
v -4.8600 -0.0800 0.5000
v -4.9300 -0.0800 0.5000
v -4.9300 -0.2500 0.8600
v -4.8600 -0.2500 0.8600
v -4.8600 -0.0800 0.8600
v -4.9300 -0.0800 0.8600
v -4.9400 -0.0900 0.5000
v -4.8700 -0.0900 0.5000
v -4.8700 0.0100 0.5000
v -4.9400 0.0100 0.5000
v -4.9400 -0.0900 0.8600
v -4.8700 -0.0900 0.8600
v -4.8700 0.0100 0.8600
v -4.9400 0.0100 0.8600
v -4.9400 -0.5200 -0.2000
v -4.8800 -0.5200 -0.2000
v -4.8800 -0.4300 -0.2000
v -4.9400 -0.4300 -0.2000
v -4.9400 -0.5200 0.2000
v -4.8800 -0.5200 0.2000
v -4.8800 -0.4300 0.2000
v -4.9400 -0.4300 0.2000
v -3.0800 -0.4600 -0.9500
v -2.9500 -0.4600 -0.9500
v -2.9500 1.3400 -0.9500
v -3.0800 1.3400 -0.9500
v -3.0800 -0.4600 0.9500
v -2.9500 -0.4600 0.9500
v -2.9500 1.3400 0.9500
v -3.0800 1.3400 0.9500
v -4.5500 -0.2800 -0.4800
v 4.7200 -0.2800 -0.4800
v 4.7200 -0.0800 -0.4800
v -4.5500 -0.0800 -0.4800
v -4.5500 -0.2800 -0.3600
v 4.7200 -0.2800 -0.3600
v 4.7200 -0.0800 -0.3600
v -4.5500 -0.0800 -0.3600
v -4.5500 -0.2800 0.3600
v 4.7200 -0.2800 0.3600
v 4.7200 -0.0800 0.3600
v -4.5500 -0.0800 0.3600
v -4.5500 -0.2800 0.4800
v 4.7200 -0.2800 0.4800
v 4.7200 -0.0800 0.4800
v -4.5500 -0.0800 0.4800
v -4.2500 -0.2400 -0.5400
v -4.1700 -0.2400 -0.5400
v -4.1700 -0.0800 -0.5400
v -4.2500 -0.0800 -0.5400
v -4.2500 -0.2400 0.5400
v -4.1700 -0.2400 0.5400
v -4.1700 -0.0800 0.5400
v -4.2500 -0.0800 0.5400
v -3.5000 -0.2400 -0.5400
v -3.4200 -0.2400 -0.5400
v -3.4200 -0.0800 -0.5400
v -3.5000 -0.0800 -0.5400
v -3.5000 -0.2400 0.5400
v -3.4200 -0.2400 0.5400
v -3.4200 -0.0800 0.5400
v -3.5000 -0.0800 0.5400
v -2.7500 -0.2400 -0.5400
v -2.6700 -0.2400 -0.5400
v -2.6700 -0.0800 -0.5400
v -2.7500 -0.0800 -0.5400
v -2.7500 -0.2400 0.5400
v -2.6700 -0.2400 0.5400
v -2.6700 -0.0800 0.5400
v -2.7500 -0.0800 0.5400
v -2.0000 -0.2400 -0.5400
v -1.9200 -0.2400 -0.5400
v -1.9200 -0.0800 -0.5400
v -2.0000 -0.0800 -0.5400
v -2.0000 -0.2400 0.5400
v -1.9200 -0.2400 0.5400
v -1.9200 -0.0800 0.5400
v -2.0000 -0.0800 0.5400
v -1.2500 -0.2400 -0.5400
v -1.1700 -0.2400 -0.5400
v -1.1700 -0.0800 -0.5400
v -1.2500 -0.0800 -0.5400
v -1.2500 -0.2400 0.5400
v -1.1700 -0.2400 0.5400
v -1.1700 -0.0800 0.5400
v -1.2500 -0.0800 0.5400
v -0.5000 -0.2400 -0.5400
v -0.4200 -0.2400 -0.5400
v -0.4200 -0.0800 -0.5400
v -0.5000 -0.0800 -0.5400
v -0.5000 -0.2400 0.5400
v -0.4200 -0.2400 0.5400
v -0.4200 -0.0800 0.5400
v -0.5000 -0.0800 0.5400
v 0.2500 -0.2400 -0.5400
v 0.3300 -0.2400 -0.5400
v 0.3300 -0.0800 -0.5400
v 0.2500 -0.0800 -0.5400
v 0.2500 -0.2400 0.5400
v 0.3300 -0.2400 0.5400
v 0.3300 -0.0800 0.5400
v 0.2500 -0.0800 0.5400
v 1.0000 -0.2400 -0.5400
v 1.0800 -0.2400 -0.5400
v 1.0800 -0.0800 -0.5400
v 1.0000 -0.0800 -0.5400
v 1.0000 -0.2400 0.5400
v 1.0800 -0.2400 0.5400
v 1.0800 -0.0800 0.5400
v 1.0000 -0.0800 0.5400
v 1.7500 -0.2400 -0.5400
v 1.8300 -0.2400 -0.5400
v 1.8300 -0.0800 -0.5400
v 1.7500 -0.0800 -0.5400
v 1.7500 -0.2400 0.5400
v 1.8300 -0.2400 0.5400
v 1.8300 -0.0800 0.5400
v 1.7500 -0.0800 0.5400
v 2.5000 -0.2400 -0.5400
v 2.5800 -0.2400 -0.5400
v 2.5800 -0.0800 -0.5400
v 2.5000 -0.0800 -0.5400
v 2.5000 -0.2400 0.5400
v 2.5800 -0.2400 0.5400
v 2.5800 -0.0800 0.5400
v 2.5000 -0.0800 0.5400
v 3.2500 -0.2400 -0.5400
v 3.3300 -0.2400 -0.5400
v 3.3300 -0.0800 -0.5400
v 3.2500 -0.0800 -0.5400
v 3.2500 -0.2400 0.5400
v 3.3300 -0.2400 0.5400
v 3.3300 -0.0800 0.5400
v 3.2500 -0.0800 0.5400
v 4.0000 -0.2400 -0.5400
v 4.0800 -0.2400 -0.5400
v 4.0800 -0.0800 -0.5400
v 4.0000 -0.0800 -0.5400
v 4.0000 -0.2400 0.5400
v 4.0800 -0.2400 0.5400
v 4.0800 -0.0800 0.5400
v 4.0000 -0.0800 0.5400
v -2.5500 -0.5500 -1.0500
v 1.8500 -0.5500 -1.0500
v 1.8500 -0.4700 -1.0500
v -2.5500 -0.4700 -1.0500
v -2.5500 -0.5500 -0.9300
v 1.8500 -0.5500 -0.9300
v 1.8500 -0.4700 -0.9300
v -2.5500 -0.4700 -0.9300
v -2.5500 -0.5500 0.9300
v 1.8500 -0.5500 0.9300
v 1.8500 -0.4700 0.9300
v -2.5500 -0.4700 0.9300
v -2.5500 -0.5500 1.0500
v 1.8500 -0.5500 1.0500
v 1.8500 -0.4700 1.0500
v -2.5500 -0.4700 1.0500
v -2.3600 -0.5800 -1.0300
v -2.2800 -0.5800 -1.0300
v -2.2800 -0.1400 -1.0300
v -2.3600 -0.1400 -1.0300
v -2.3600 -0.5800 -0.9300
v -2.2800 -0.5800 -0.9300
v -2.2800 -0.1400 -0.9300
v -2.3600 -0.1400 -0.9300
v 1.5300 -0.5800 -1.0300
v 1.6100 -0.5800 -1.0300
v 1.6100 -0.1400 -1.0300
v 1.5300 -0.1400 -1.0300
v 1.5300 -0.5800 -0.9300
v 1.6100 -0.5800 -0.9300
v 1.6100 -0.1400 -0.9300
v 1.5300 -0.1400 -0.9300
v -2.3600 -0.5800 0.9300
v -2.2800 -0.5800 0.9300
v -2.2800 -0.1400 0.9300
v -2.3600 -0.1400 0.9300
v -2.3600 -0.5800 1.0300
v -2.2800 -0.5800 1.0300
v -2.2800 -0.1400 1.0300
v -2.3600 -0.1400 1.0300
v 1.5300 -0.5800 0.9300
v 1.6100 -0.5800 0.9300
v 1.6100 -0.1400 0.9300
v 1.5300 -0.1400 0.9300
v 1.5300 -0.5800 1.0300
v 1.6100 -0.5800 1.0300
v 1.6100 -0.1400 1.0300
v 1.5300 -0.1400 1.0300
v -2.5750 -0.2000 -0.8300
v -1.6250 -0.2000 -0.8300
v -2.5750 -0.2033 -0.7918
v -1.6250 -0.2033 -0.7918
v -2.5750 -0.2133 -0.7548
v -1.6250 -0.2133 -0.7548
v -2.5750 -0.2295 -0.7200
v -1.6250 -0.2295 -0.7200
v -2.5750 -0.2515 -0.6886
v -1.6250 -0.2515 -0.6886
v -2.5750 -0.2786 -0.6615
v -1.6250 -0.2786 -0.6615
v -2.5750 -0.3100 -0.6395
v -1.6250 -0.3100 -0.6395
v -2.5750 -0.3448 -0.6233
v -1.6250 -0.3448 -0.6233
v -2.5750 -0.3818 -0.6133
v -1.6250 -0.3818 -0.6133
v -2.5750 -0.4200 -0.6100
v -1.6250 -0.4200 -0.6100
v -2.5750 -0.4582 -0.6133
v -1.6250 -0.4582 -0.6133
v -2.5750 -0.4952 -0.6233
v -1.6250 -0.4952 -0.6233
v -2.5750 -0.5300 -0.6395
v -1.6250 -0.5300 -0.6395
v -2.5750 -0.5614 -0.6615
v -1.6250 -0.5614 -0.6615
v -2.5750 -0.5885 -0.6886
v -1.6250 -0.5885 -0.6886
v -2.5750 -0.6105 -0.7200
v -1.6250 -0.6105 -0.7200
v -2.5750 -0.6267 -0.7548
v -1.6250 -0.6267 -0.7548
v -2.5750 -0.6367 -0.7918
v -1.6250 -0.6367 -0.7918
v -2.5750 -0.6400 -0.8300
v -1.6250 -0.6400 -0.8300
v -2.5750 -0.6367 -0.8682
v -1.6250 -0.6367 -0.8682
v -2.5750 -0.6267 -0.9052
v -1.6250 -0.6267 -0.9052
v -2.5750 -0.6105 -0.9400
v -1.6250 -0.6105 -0.9400
v -2.5750 -0.5885 -0.9714
v -1.6250 -0.5885 -0.9714
v -2.5750 -0.5614 -0.9985
v -1.6250 -0.5614 -0.9985
v -2.5750 -0.5300 -1.0205
v -1.6250 -0.5300 -1.0205
v -2.5750 -0.4952 -1.0367
v -1.6250 -0.4952 -1.0367
v -2.5750 -0.4582 -1.0467
v -1.6250 -0.4582 -1.0467
v -2.5750 -0.4200 -1.0500
v -1.6250 -0.4200 -1.0500
v -2.5750 -0.3818 -1.0467
v -1.6250 -0.3818 -1.0467
v -2.5750 -0.3448 -1.0367
v -1.6250 -0.3448 -1.0367
v -2.5750 -0.3100 -1.0205
v -1.6250 -0.3100 -1.0205
v -2.5750 -0.2786 -0.9985
v -1.6250 -0.2786 -0.9985
v -2.5750 -0.2515 -0.9714
v -1.6250 -0.2515 -0.9714
v -2.5750 -0.2295 -0.9400
v -1.6250 -0.2295 -0.9400
v -2.5750 -0.2133 -0.9052
v -1.6250 -0.2133 -0.9052
v -2.5750 -0.2033 -0.8682
v -1.6250 -0.2033 -0.8682
v -2.5750 -0.4200 -0.8300
v -1.6250 -0.4200 -0.8300
v -1.8750 -0.3600 0.7800
v -1.2250 -0.3600 0.7800
v -1.8750 -0.3635 0.8112
v -1.2250 -0.3635 0.8112
v -1.8750 -0.3739 0.8407
v -1.2250 -0.3739 0.8407
v -1.8750 -0.3905 0.8673
v -1.2250 -0.3905 0.8673
v -1.8750 -0.4127 0.8895
v -1.2250 -0.4127 0.8895
v -1.8750 -0.4393 0.9061
v -1.2250 -0.4393 0.9061
v -1.8750 -0.4688 0.9165
v -1.2250 -0.4688 0.9165
v -1.8750 -0.5000 0.9200
v -1.2250 -0.5000 0.9200
v -1.8750 -0.5312 0.9165
v -1.2250 -0.5312 0.9165
v -1.8750 -0.5607 0.9061
v -1.2250 -0.5607 0.9061
v -1.8750 -0.5873 0.8895
v -1.2250 -0.5873 0.8895
v -1.8750 -0.6095 0.8673
v -1.2250 -0.6095 0.8673
v -1.8750 -0.6261 0.8407
v -1.2250 -0.6261 0.8407
v -1.8750 -0.6365 0.8112
v -1.2250 -0.6365 0.8112
v -1.8750 -0.6400 0.7800
v -1.2250 -0.6400 0.7800
v -1.8750 -0.6365 0.7488
v -1.2250 -0.6365 0.7488
v -1.8750 -0.6261 0.7193
v -1.2250 -0.6261 0.7193
v -1.8750 -0.6095 0.6927
v -1.2250 -0.6095 0.6927
v -1.8750 -0.5873 0.6705
v -1.2250 -0.5873 0.6705
v -1.8750 -0.5607 0.6539
v -1.2250 -0.5607 0.6539
v -1.8750 -0.5312 0.6435
v -1.2250 -0.5312 0.6435
v -1.8750 -0.5000 0.6400
v -1.2250 -0.5000 0.6400
v -1.8750 -0.4688 0.6435
v -1.2250 -0.4688 0.6435
v -1.8750 -0.4393 0.6539
v -1.2250 -0.4393 0.6539
v -1.8750 -0.4127 0.6705
v -1.2250 -0.4127 0.6705
v -1.8750 -0.3905 0.6927
v -1.2250 -0.3905 0.6927
v -1.8750 -0.3739 0.7193
v -1.2250 -0.3739 0.7193
v -1.8750 -0.3635 0.7488
v -1.2250 -0.3635 0.7488
v -1.8750 -0.5000 0.7800
v -1.2250 -0.5000 0.7800
v -1.1250 -0.3600 0.7800
v -0.4750 -0.3600 0.7800
v -1.1250 -0.3635 0.8112
v -0.4750 -0.3635 0.8112
v -1.1250 -0.3739 0.8407
v -0.4750 -0.3739 0.8407
v -1.1250 -0.3905 0.8673
v -0.4750 -0.3905 0.8673
v -1.1250 -0.4127 0.8895
v -0.4750 -0.4127 0.8895
v -1.1250 -0.4393 0.9061
v -0.4750 -0.4393 0.9061
v -1.1250 -0.4688 0.9165
v -0.4750 -0.4688 0.9165
v -1.1250 -0.5000 0.9200
v -0.4750 -0.5000 0.9200
v -1.1250 -0.5312 0.9165
v -0.4750 -0.5312 0.9165
v -1.1250 -0.5607 0.9061
v -0.4750 -0.5607 0.9061
v -1.1250 -0.5873 0.8895
v -0.4750 -0.5873 0.8895
v -1.1250 -0.6095 0.8673
v -0.4750 -0.6095 0.8673
v -1.1250 -0.6261 0.8407
v -0.4750 -0.6261 0.8407
v -1.1250 -0.6365 0.8112
v -0.4750 -0.6365 0.8112
v -1.1250 -0.6400 0.7800
v -0.4750 -0.6400 0.7800
v -1.1250 -0.6365 0.7488
v -0.4750 -0.6365 0.7488
v -1.1250 -0.6261 0.7193
v -0.4750 -0.6261 0.7193
v -1.1250 -0.6095 0.6927
v -0.4750 -0.6095 0.6927
v -1.1250 -0.5873 0.6705
v -0.4750 -0.5873 0.6705
v -1.1250 -0.5607 0.6539
v -0.4750 -0.5607 0.6539
v -1.1250 -0.5312 0.6435
v -0.4750 -0.5312 0.6435
v -1.1250 -0.5000 0.6400
v -0.4750 -0.5000 0.6400
v -1.1250 -0.4688 0.6435
v -0.4750 -0.4688 0.6435
v -1.1250 -0.4393 0.6539
v -0.4750 -0.4393 0.6539
v -1.1250 -0.4127 0.6705
v -0.4750 -0.4127 0.6705
v -1.1250 -0.3905 0.6927
v -0.4750 -0.3905 0.6927
v -1.1250 -0.3739 0.7193
v -0.4750 -0.3739 0.7193
v -1.1250 -0.3635 0.7488
v -0.4750 -0.3635 0.7488
v -1.1250 -0.5000 0.7800
v -0.4750 -0.5000 0.7800
v -2.6500 -0.5800 0.6200
v -1.9500 -0.5800 0.6200
v -1.9500 -0.2000 0.6200
v -2.6500 -0.2000 0.6200
v -2.6500 -0.5800 1.0000
v -1.9500 -0.5800 1.0000
v -1.9500 -0.2000 1.0000
v -2.6500 -0.2000 1.0000
v -1.2000 -0.5800 -1.0000
v -0.4500 -0.5800 -1.0000
v -0.4500 -0.2000 -1.0000
v -1.2000 -0.2000 -1.0000
v -1.2000 -0.5800 -0.6200
v -0.4500 -0.5800 -0.6200
v -0.4500 -0.2000 -0.6200
v -1.2000 -0.2000 -0.6200
v -3.3300 -0.0400 0.7700
v -2.7500 -0.0400 0.7700
v -3.3300 -0.0440 0.8056
v -2.7500 -0.0440 0.8056
v -3.3300 -0.0558 0.8394
v -2.7500 -0.0558 0.8394
v -3.3300 -0.0749 0.8698
v -2.7500 -0.0749 0.8698
v -3.3300 -0.1002 0.8951
v -2.7500 -0.1002 0.8951
v -3.3300 -0.1306 0.9142
v -2.7500 -0.1306 0.9142
v -3.3300 -0.1644 0.9260
v -2.7500 -0.1644 0.9260
v -3.3300 -0.2000 0.9300
v -2.7500 -0.2000 0.9300
v -3.3300 -0.2356 0.9260
v -2.7500 -0.2356 0.9260
v -3.3300 -0.2694 0.9142
v -2.7500 -0.2694 0.9142
v -3.3300 -0.2998 0.8951
v -2.7500 -0.2998 0.8951
v -3.3300 -0.3251 0.8698
v -2.7500 -0.3251 0.8698
v -3.3300 -0.3442 0.8394
v -2.7500 -0.3442 0.8394
v -3.3300 -0.3560 0.8056
v -2.7500 -0.3560 0.8056
v -3.3300 -0.3600 0.7700
v -2.7500 -0.3600 0.7700
v -3.3300 -0.3560 0.7344
v -2.7500 -0.3560 0.7344
v -3.3300 -0.3442 0.7006
v -2.7500 -0.3442 0.7006
v -3.3300 -0.3251 0.6702
v -2.7500 -0.3251 0.6702
v -3.3300 -0.2998 0.6449
v -2.7500 -0.2998 0.6449
v -3.3300 -0.2694 0.6258
v -2.7500 -0.2694 0.6258
v -3.3300 -0.2356 0.6140
v -2.7500 -0.2356 0.6140
v -3.3300 -0.2000 0.6100
v -2.7500 -0.2000 0.6100
v -3.3300 -0.1644 0.6140
v -2.7500 -0.1644 0.6140
v -3.3300 -0.1306 0.6258
v -2.7500 -0.1306 0.6258
v -3.3300 -0.1002 0.6449
v -2.7500 -0.1002 0.6449
v -3.3300 -0.0749 0.6702
v -2.7500 -0.0749 0.6702
v -3.3300 -0.0558 0.7006
v -2.7500 -0.0558 0.7006
v -3.3300 -0.0440 0.7344
v -2.7500 -0.0440 0.7344
v -3.3300 -0.2000 0.7700
v -2.7500 -0.2000 0.7700
v -3.0800 -0.1000 0.7500
v -2.9600 -0.1000 0.7500
v -2.9600 1.4000 0.7500
v -3.0800 1.4000 0.7500
v -3.0800 -0.1000 0.8700
v -2.9600 -0.1000 0.8700
v -2.9600 1.4000 0.8700
v -3.0800 1.4000 0.8700
v -3.1200 1.3500 0.7000
v -2.8600 1.3500 0.7000
v -2.8600 1.4600 0.7000
v -3.1200 1.4600 0.7000
v -3.1200 1.3500 0.9300
v -2.8600 1.3500 0.9300
v -2.8600 1.4600 0.9300
v -3.1200 1.4600 0.9300
v 1.5400 -0.4800 -1.0200
v 1.7000 -0.4800 -1.0200
v 1.7000 -0.3400 -1.0200
v 1.5400 -0.3400 -1.0200
v 1.5400 -0.4800 1.0200
v 1.7000 -0.4800 1.0200
v 1.7000 -0.3400 1.0200
v 1.5400 -0.3400 1.0200
v 1.2600 -0.2300 -1.0200
v 1.9800 -0.2300 -1.0200
v 1.9800 -0.1200 -1.0200
v 1.2600 -0.1200 -1.0200
v 1.2600 -0.2300 -0.6800
v 1.9800 -0.2300 -0.6800
v 1.9800 -0.1200 -0.6800
v 1.2600 -0.1200 -0.6800
v 1.2600 -0.2300 0.6800
v 1.9800 -0.2300 0.6800
v 1.9800 -0.1200 0.6800
v 1.2600 -0.1200 0.6800
v 1.2600 -0.2300 1.0200
v 1.9800 -0.2300 1.0200
v 1.9800 -0.1200 1.0200
v 1.2600 -0.1200 1.0200
v 2.5000 -0.4800 -1.0200
v 2.6600 -0.4800 -1.0200
v 2.6600 -0.3400 -1.0200
v 2.5000 -0.3400 -1.0200
v 2.5000 -0.4800 1.0200
v 2.6600 -0.4800 1.0200
v 2.6600 -0.3400 1.0200
v 2.5000 -0.3400 1.0200
v 2.2200 -0.2300 -1.0200
v 2.9400 -0.2300 -1.0200
v 2.9400 -0.1200 -1.0200
v 2.2200 -0.1200 -1.0200
v 2.2200 -0.2300 -0.6800
v 2.9400 -0.2300 -0.6800
v 2.9400 -0.1200 -0.6800
v 2.2200 -0.1200 -0.6800
v 2.2200 -0.2300 0.6800
v 2.9400 -0.2300 0.6800
v 2.9400 -0.1200 0.6800
v 2.2200 -0.1200 0.6800
v 2.2200 -0.2300 1.0200
v 2.9400 -0.2300 1.0200
v 2.9400 -0.1200 1.0200
v 2.2200 -0.1200 1.0200
v -4.0800 -0.4800 -1.0000
v -3.9200 -0.4800 -1.0000
v -3.9200 -0.3400 -1.0000
v -4.0800 -0.3400 -1.0000
v -4.0800 -0.4800 1.0000
v -3.9200 -0.4800 1.0000
v -3.9200 -0.3400 1.0000
v -4.0800 -0.3400 1.0000
v 1.2000 -0.1200 -1.1000
v 3.0500 -0.1200 -1.1000
v 3.0500 0.2000 -1.1000
v 1.2000 0.2000 -1.1000
v 1.2000 -0.1200 -0.7300
v 3.0500 -0.1200 -0.7300
v 3.0500 0.2000 -0.7300
v 1.2000 0.2000 -0.7300
v 1.2000 -0.1200 0.7300
v 3.0500 -0.1200 0.7300
v 3.0500 0.2000 0.7300
v 1.2000 0.2000 0.7300
v 1.2000 -0.1200 1.1000
v 3.0500 -0.1200 1.1000
v 3.0500 0.2000 1.1000
v 1.2000 0.2000 1.1000
v -4.5500 -0.1400 -1.0700
v -3.5500 -0.1400 -1.0700
v -3.5500 0.1500 -1.0700
v -4.5500 0.1500 -1.0700
v -4.5500 -0.1400 -0.7200
v -3.5500 -0.1400 -0.7200
v -3.5500 0.1500 -0.7200
v -4.5500 0.1500 -0.7200
v -4.5500 -0.1400 0.7200
v -3.5500 -0.1400 0.7200
v -3.5500 0.1500 0.7200
v -4.5500 0.1500 0.7200
v -4.5500 -0.1400 1.0700
v -3.5500 -0.1400 1.0700
v -3.5500 0.1500 1.0700
v -4.5500 0.1500 1.0700
v -3.5900 -0.5200 -1.1500
v -3.5900 -0.5200 -0.8100
v -3.5927 -0.4719 -1.1500
v -3.5927 -0.4719 -0.8100
v -3.6008 -0.4243 -1.1500
v -3.6008 -0.4243 -0.8100
v -3.6141 -0.3780 -1.1500
v -3.6141 -0.3780 -0.8100
v -3.6326 -0.3334 -1.1500
v -3.6326 -0.3334 -0.8100
v -3.6559 -0.2912 -1.1500
v -3.6559 -0.2912 -0.8100
v -3.6838 -0.2519 -1.1500
v -3.6838 -0.2519 -0.8100
v -3.7159 -0.2159 -1.1500
v -3.7159 -0.2159 -0.8100
v -3.7519 -0.1838 -1.1500
v -3.7519 -0.1838 -0.8100
v -3.7912 -0.1559 -1.1500
v -3.7912 -0.1559 -0.8100
v -3.8334 -0.1326 -1.1500
v -3.8334 -0.1326 -0.8100
v -3.8780 -0.1141 -1.1500
v -3.8780 -0.1141 -0.8100
v -3.9243 -0.1008 -1.1500
v -3.9243 -0.1008 -0.8100
v -3.9719 -0.0927 -1.1500
v -3.9719 -0.0927 -0.8100
v -4.0200 -0.0900 -1.1500
v -4.0200 -0.0900 -0.8100
v -4.0681 -0.0927 -1.1500
v -4.0681 -0.0927 -0.8100
v -4.1157 -0.1008 -1.1500
v -4.1157 -0.1008 -0.8100
v -4.1620 -0.1141 -1.1500
v -4.1620 -0.1141 -0.8100
v -4.2066 -0.1326 -1.1500
v -4.2066 -0.1326 -0.8100
v -4.2488 -0.1559 -1.1500
v -4.2488 -0.1559 -0.8100
v -4.2881 -0.1838 -1.1500
v -4.2881 -0.1838 -0.8100
v -4.3241 -0.2159 -1.1500
v -4.3241 -0.2159 -0.8100
v -4.3562 -0.2519 -1.1500
v -4.3562 -0.2519 -0.8100
v -4.3841 -0.2912 -1.1500
v -4.3841 -0.2912 -0.8100
v -4.4074 -0.3334 -1.1500
v -4.4074 -0.3334 -0.8100
v -4.4259 -0.3780 -1.1500
v -4.4259 -0.3780 -0.8100
v -4.4392 -0.4243 -1.1500
v -4.4392 -0.4243 -0.8100
v -4.4473 -0.4719 -1.1500
v -4.4473 -0.4719 -0.8100
v -4.4500 -0.5200 -1.1500
v -4.4500 -0.5200 -0.8100
v -4.4473 -0.5681 -1.1500
v -4.4473 -0.5681 -0.8100
v -4.4392 -0.6157 -1.1500
v -4.4392 -0.6157 -0.8100
v -4.4259 -0.6620 -1.1500
v -4.4259 -0.6620 -0.8100
v -4.4074 -0.7066 -1.1500
v -4.4074 -0.7066 -0.8100
v -4.3841 -0.7488 -1.1500
v -4.3841 -0.7488 -0.8100
v -4.3562 -0.7881 -1.1500
v -4.3562 -0.7881 -0.8100
v -4.3241 -0.8241 -1.1500
v -4.3241 -0.8241 -0.8100
v -4.2881 -0.8562 -1.1500
v -4.2881 -0.8562 -0.8100
v -4.2488 -0.8841 -1.1500
v -4.2488 -0.8841 -0.8100
v -4.2066 -0.9074 -1.1500
v -4.2066 -0.9074 -0.8100
v -4.1620 -0.9259 -1.1500
v -4.1620 -0.9259 -0.8100
v -4.1157 -0.9392 -1.1500
v -4.1157 -0.9392 -0.8100
v -4.0681 -0.9473 -1.1500
v -4.0681 -0.9473 -0.8100
v -4.0200 -0.9500 -1.1500
v -4.0200 -0.9500 -0.8100
v -3.9719 -0.9473 -1.1500
v -3.9719 -0.9473 -0.8100
v -3.9243 -0.9392 -1.1500
v -3.9243 -0.9392 -0.8100
v -3.8780 -0.9259 -1.1500
v -3.8780 -0.9259 -0.8100
v -3.8334 -0.9074 -1.1500
v -3.8334 -0.9074 -0.8100
v -3.7912 -0.8841 -1.1500
v -3.7912 -0.8841 -0.8100
v -3.7519 -0.8562 -1.1500
v -3.7519 -0.8562 -0.8100
v -3.7159 -0.8241 -1.1500
v -3.7159 -0.8241 -0.8100
v -3.6838 -0.7881 -1.1500
v -3.6838 -0.7881 -0.8100
v -3.6559 -0.7488 -1.1500
v -3.6559 -0.7488 -0.8100
v -3.6326 -0.7066 -1.1500
v -3.6326 -0.7066 -0.8100
v -3.6141 -0.6620 -1.1500
v -3.6141 -0.6620 -0.8100
v -3.6008 -0.6157 -1.1500
v -3.6008 -0.6157 -0.8100
v -3.5927 -0.5681 -1.1500
v -3.5927 -0.5681 -0.8100
v -4.0200 -0.5200 -1.1500
v -4.0200 -0.5200 -0.8100
v -3.5850 -0.5200 -1.1740
v -3.5850 -0.5200 -1.1500
v -3.5877 -0.4713 -1.1740
v -3.5877 -0.4713 -1.1500
v -3.5959 -0.4232 -1.1740
v -3.5959 -0.4232 -1.1500
v -3.6094 -0.3763 -1.1740
v -3.6094 -0.3763 -1.1500
v -3.6281 -0.3313 -1.1740
v -3.6281 -0.3313 -1.1500
v -3.6517 -0.2886 -1.1740
v -3.6517 -0.2886 -1.1500
v -3.6799 -0.2488 -1.1740
v -3.6799 -0.2488 -1.1500
v -3.7124 -0.2124 -1.1740
v -3.7124 -0.2124 -1.1500
v -3.7488 -0.1799 -1.1740
v -3.7488 -0.1799 -1.1500
v -3.7886 -0.1517 -1.1740
v -3.7886 -0.1517 -1.1500
v -3.8313 -0.1281 -1.1740
v -3.8313 -0.1281 -1.1500
v -3.8763 -0.1094 -1.1740
v -3.8763 -0.1094 -1.1500
v -3.9232 -0.0959 -1.1740
v -3.9232 -0.0959 -1.1500
v -3.9713 -0.0877 -1.1740
v -3.9713 -0.0877 -1.1500
v -4.0200 -0.0850 -1.1740
v -4.0200 -0.0850 -1.1500
v -4.0687 -0.0877 -1.1740
v -4.0687 -0.0877 -1.1500
v -4.1168 -0.0959 -1.1740
v -4.1168 -0.0959 -1.1500
v -4.1637 -0.1094 -1.1740
v -4.1637 -0.1094 -1.1500
v -4.2087 -0.1281 -1.1740
v -4.2087 -0.1281 -1.1500
v -4.2514 -0.1517 -1.1740
v -4.2514 -0.1517 -1.1500
v -4.2912 -0.1799 -1.1740
v -4.2912 -0.1799 -1.1500
v -4.3276 -0.2124 -1.1740
v -4.3276 -0.2124 -1.1500
v -4.3601 -0.2488 -1.1740
v -4.3601 -0.2488 -1.1500
v -4.3883 -0.2886 -1.1740
v -4.3883 -0.2886 -1.1500
v -4.4119 -0.3313 -1.1740
v -4.4119 -0.3313 -1.1500
v -4.4306 -0.3763 -1.1740
v -4.4306 -0.3763 -1.1500
v -4.4441 -0.4232 -1.1740
v -4.4441 -0.4232 -1.1500
v -4.4523 -0.4713 -1.1740
v -4.4523 -0.4713 -1.1500
v -4.4550 -0.5200 -1.1740
v -4.4550 -0.5200 -1.1500
v -4.4523 -0.5687 -1.1740
v -4.4523 -0.5687 -1.1500
v -4.4441 -0.6168 -1.1740
v -4.4441 -0.6168 -1.1500
v -4.4306 -0.6637 -1.1740
v -4.4306 -0.6637 -1.1500
v -4.4119 -0.7087 -1.1740
v -4.4119 -0.7087 -1.1500
v -4.3883 -0.7514 -1.1740
v -4.3883 -0.7514 -1.1500
v -4.3601 -0.7912 -1.1740
v -4.3601 -0.7912 -1.1500
v -4.3276 -0.8276 -1.1740
v -4.3276 -0.8276 -1.1500
v -4.2912 -0.8601 -1.1740
v -4.2912 -0.8601 -1.1500
v -4.2514 -0.8883 -1.1740
v -4.2514 -0.8883 -1.1500
v -4.2087 -0.9119 -1.1740
v -4.2087 -0.9119 -1.1500
v -4.1637 -0.9306 -1.1740
v -4.1637 -0.9306 -1.1500
v -4.1168 -0.9441 -1.1740
v -4.1168 -0.9441 -1.1500
v -4.0687 -0.9523 -1.1740
v -4.0687 -0.9523 -1.1500
v -4.0200 -0.9550 -1.1740
v -4.0200 -0.9550 -1.1500
v -3.9713 -0.9523 -1.1740
v -3.9713 -0.9523 -1.1500
v -3.9232 -0.9441 -1.1740
v -3.9232 -0.9441 -1.1500
v -3.8763 -0.9306 -1.1740
v -3.8763 -0.9306 -1.1500
v -3.8313 -0.9119 -1.1740
v -3.8313 -0.9119 -1.1500
v -3.7886 -0.8883 -1.1740
v -3.7886 -0.8883 -1.1500
v -3.7488 -0.8601 -1.1740
v -3.7488 -0.8601 -1.1500
v -3.7124 -0.8276 -1.1740
v -3.7124 -0.8276 -1.1500
v -3.6799 -0.7912 -1.1740
v -3.6799 -0.7912 -1.1500
v -3.6517 -0.7514 -1.1740
v -3.6517 -0.7514 -1.1500
v -3.6281 -0.7087 -1.1740
v -3.6281 -0.7087 -1.1500
v -3.6094 -0.6637 -1.1740
v -3.6094 -0.6637 -1.1500
v -3.5959 -0.6168 -1.1740
v -3.5959 -0.6168 -1.1500
v -3.5877 -0.5687 -1.1740
v -3.5877 -0.5687 -1.1500
v -4.0200 -0.5200 -1.1740
v -4.0200 -0.5200 -1.1500
v -3.7850 -0.5200 -1.1915
v -3.7850 -0.5200 -1.1565
v -3.7879 -0.4832 -1.1915
v -3.7879 -0.4832 -1.1565
v -3.7965 -0.4474 -1.1915
v -3.7965 -0.4474 -1.1565
v -3.8106 -0.4133 -1.1915
v -3.8106 -0.4133 -1.1565
v -3.8299 -0.3819 -1.1915
v -3.8299 -0.3819 -1.1565
v -3.8538 -0.3538 -1.1915
v -3.8538 -0.3538 -1.1565
v -3.8819 -0.3299 -1.1915
v -3.8819 -0.3299 -1.1565
v -3.9133 -0.3106 -1.1915
v -3.9133 -0.3106 -1.1565
v -3.9474 -0.2965 -1.1915
v -3.9474 -0.2965 -1.1565
v -3.9832 -0.2879 -1.1915
v -3.9832 -0.2879 -1.1565
v -4.0200 -0.2850 -1.1915
v -4.0200 -0.2850 -1.1565
v -4.0568 -0.2879 -1.1915
v -4.0568 -0.2879 -1.1565
v -4.0926 -0.2965 -1.1915
v -4.0926 -0.2965 -1.1565
v -4.1267 -0.3106 -1.1915
v -4.1267 -0.3106 -1.1565
v -4.1581 -0.3299 -1.1915
v -4.1581 -0.3299 -1.1565
v -4.1862 -0.3538 -1.1915
v -4.1862 -0.3538 -1.1565
v -4.2101 -0.3819 -1.1915
v -4.2101 -0.3819 -1.1565
v -4.2294 -0.4133 -1.1915
v -4.2294 -0.4133 -1.1565
v -4.2435 -0.4474 -1.1915
v -4.2435 -0.4474 -1.1565
v -4.2521 -0.4832 -1.1915
v -4.2521 -0.4832 -1.1565
v -4.2550 -0.5200 -1.1915
v -4.2550 -0.5200 -1.1565
v -4.2521 -0.5568 -1.1915
v -4.2521 -0.5568 -1.1565
v -4.2435 -0.5926 -1.1915
v -4.2435 -0.5926 -1.1565
v -4.2294 -0.6267 -1.1915
v -4.2294 -0.6267 -1.1565
v -4.2101 -0.6581 -1.1915
v -4.2101 -0.6581 -1.1565
v -4.1862 -0.6862 -1.1915
v -4.1862 -0.6862 -1.1565
v -4.1581 -0.7101 -1.1915
v -4.1581 -0.7101 -1.1565
v -4.1267 -0.7294 -1.1915
v -4.1267 -0.7294 -1.1565
v -4.0926 -0.7435 -1.1915
v -4.0926 -0.7435 -1.1565
v -4.0568 -0.7521 -1.1915
v -4.0568 -0.7521 -1.1565
v -4.0200 -0.7550 -1.1915
v -4.0200 -0.7550 -1.1565
v -3.9832 -0.7521 -1.1915
v -3.9832 -0.7521 -1.1565
v -3.9474 -0.7435 -1.1915
v -3.9474 -0.7435 -1.1565
v -3.9133 -0.7294 -1.1915
v -3.9133 -0.7294 -1.1565
v -3.8819 -0.7101 -1.1915
v -3.8819 -0.7101 -1.1565
v -3.8538 -0.6862 -1.1915
v -3.8538 -0.6862 -1.1565
v -3.8299 -0.6581 -1.1915
v -3.8299 -0.6581 -1.1565
v -3.8106 -0.6267 -1.1915
v -3.8106 -0.6267 -1.1565
v -3.7965 -0.5926 -1.1915
v -3.7965 -0.5926 -1.1565
v -3.7879 -0.5568 -1.1915
v -3.7879 -0.5568 -1.1565
v -4.0200 -0.5200 -1.1915
v -4.0200 -0.5200 -1.1565
v -3.9080 -0.5200 -1.2060
v -3.9080 -0.5200 -1.1660
v -3.9102 -0.4981 -1.2060
v -3.9102 -0.4981 -1.1660
v -3.9165 -0.4771 -1.2060
v -3.9165 -0.4771 -1.1660
v -3.9269 -0.4578 -1.2060
v -3.9269 -0.4578 -1.1660
v -3.9408 -0.4408 -1.2060
v -3.9408 -0.4408 -1.1660
v -3.9578 -0.4269 -1.2060
v -3.9578 -0.4269 -1.1660
v -3.9771 -0.4165 -1.2060
v -3.9771 -0.4165 -1.1660
v -3.9981 -0.4102 -1.2060
v -3.9981 -0.4102 -1.1660
v -4.0200 -0.4080 -1.2060
v -4.0200 -0.4080 -1.1660
v -4.0419 -0.4102 -1.2060
v -4.0419 -0.4102 -1.1660
v -4.0629 -0.4165 -1.2060
v -4.0629 -0.4165 -1.1660
v -4.0822 -0.4269 -1.2060
v -4.0822 -0.4269 -1.1660
v -4.0992 -0.4408 -1.2060
v -4.0992 -0.4408 -1.1660
v -4.1131 -0.4578 -1.2060
v -4.1131 -0.4578 -1.1660
v -4.1235 -0.4771 -1.2060
v -4.1235 -0.4771 -1.1660
v -4.1298 -0.4981 -1.2060
v -4.1298 -0.4981 -1.1660
v -4.1320 -0.5200 -1.2060
v -4.1320 -0.5200 -1.1660
v -4.1298 -0.5419 -1.2060
v -4.1298 -0.5419 -1.1660
v -4.1235 -0.5629 -1.2060
v -4.1235 -0.5629 -1.1660
v -4.1131 -0.5822 -1.2060
v -4.1131 -0.5822 -1.1660
v -4.0992 -0.5992 -1.2060
v -4.0992 -0.5992 -1.1660
v -4.0822 -0.6131 -1.2060
v -4.0822 -0.6131 -1.1660
v -4.0629 -0.6235 -1.2060
v -4.0629 -0.6235 -1.1660
v -4.0419 -0.6298 -1.2060
v -4.0419 -0.6298 -1.1660
v -4.0200 -0.6320 -1.2060
v -4.0200 -0.6320 -1.1660
v -3.9981 -0.6298 -1.2060
v -3.9981 -0.6298 -1.1660
v -3.9771 -0.6235 -1.2060
v -3.9771 -0.6235 -1.1660
v -3.9578 -0.6131 -1.2060
v -3.9578 -0.6131 -1.1660
v -3.9408 -0.5992 -1.2060
v -3.9408 -0.5992 -1.1660
v -3.9269 -0.5822 -1.2060
v -3.9269 -0.5822 -1.1660
v -3.9165 -0.5629 -1.2060
v -3.9165 -0.5629 -1.1660
v -3.9102 -0.5419 -1.2060
v -3.9102 -0.5419 -1.1660
v -4.0200 -0.5200 -1.2060
v -4.0200 -0.5200 -1.1660
v -3.8470 -0.5200 -1.2120
v -3.8470 -0.5200 -1.1840
v -3.8494 -0.5110 -1.2120
v -3.8494 -0.5110 -1.1840
v -3.8560 -0.5044 -1.2120
v -3.8560 -0.5044 -1.1840
v -3.8650 -0.5020 -1.2120
v -3.8650 -0.5020 -1.1840
v -3.8740 -0.5044 -1.2120
v -3.8740 -0.5044 -1.1840
v -3.8806 -0.5110 -1.2120
v -3.8806 -0.5110 -1.1840
v -3.8830 -0.5200 -1.2120
v -3.8830 -0.5200 -1.1840
v -3.8806 -0.5290 -1.2120
v -3.8806 -0.5290 -1.1840
v -3.8740 -0.5356 -1.2120
v -3.8740 -0.5356 -1.1840
v -3.8650 -0.5380 -1.2120
v -3.8650 -0.5380 -1.1840
v -3.8560 -0.5356 -1.2120
v -3.8560 -0.5356 -1.1840
v -3.8494 -0.5290 -1.2120
v -3.8494 -0.5290 -1.1840
v -3.8650 -0.5200 -1.2120
v -3.8650 -0.5200 -1.1840
v -3.8766 -0.4289 -1.2120
v -3.8766 -0.4289 -1.1840
v -3.8790 -0.4199 -1.2120
v -3.8790 -0.4199 -1.1840
v -3.8856 -0.4133 -1.2120
v -3.8856 -0.4133 -1.1840
v -3.8946 -0.4109 -1.2120
v -3.8946 -0.4109 -1.1840
v -3.9036 -0.4133 -1.2120
v -3.9036 -0.4133 -1.1840
v -3.9102 -0.4199 -1.2120
v -3.9102 -0.4199 -1.1840
v -3.9126 -0.4289 -1.2120
v -3.9126 -0.4289 -1.1840
v -3.9102 -0.4379 -1.2120
v -3.9102 -0.4379 -1.1840
v -3.9036 -0.4445 -1.2120
v -3.9036 -0.4445 -1.1840
v -3.8946 -0.4469 -1.2120
v -3.8946 -0.4469 -1.1840
v -3.8856 -0.4445 -1.2120
v -3.8856 -0.4445 -1.1840
v -3.8790 -0.4379 -1.2120
v -3.8790 -0.4379 -1.1840
v -3.8946 -0.4289 -1.2120
v -3.8946 -0.4289 -1.1840
v -3.9541 -0.3726 -1.2120
v -3.9541 -0.3726 -1.1840
v -3.9565 -0.3636 -1.2120
v -3.9565 -0.3636 -1.1840
v -3.9631 -0.3570 -1.2120
v -3.9631 -0.3570 -1.1840
v -3.9721 -0.3546 -1.2120
v -3.9721 -0.3546 -1.1840
v -3.9811 -0.3570 -1.2120
v -3.9811 -0.3570 -1.1840
v -3.9877 -0.3636 -1.2120
v -3.9877 -0.3636 -1.1840
v -3.9901 -0.3726 -1.2120
v -3.9901 -0.3726 -1.1840
v -3.9877 -0.3816 -1.2120
v -3.9877 -0.3816 -1.1840
v -3.9811 -0.3882 -1.2120
v -3.9811 -0.3882 -1.1840
v -3.9721 -0.3906 -1.2120
v -3.9721 -0.3906 -1.1840
v -3.9631 -0.3882 -1.2120
v -3.9631 -0.3882 -1.1840
v -3.9565 -0.3816 -1.2120
v -3.9565 -0.3816 -1.1840
v -3.9721 -0.3726 -1.2120
v -3.9721 -0.3726 -1.1840
v -4.0499 -0.3726 -1.2120
v -4.0499 -0.3726 -1.1840
v -4.0523 -0.3636 -1.2120
v -4.0523 -0.3636 -1.1840
v -4.0589 -0.3570 -1.2120
v -4.0589 -0.3570 -1.1840
v -4.0679 -0.3546 -1.2120
v -4.0679 -0.3546 -1.1840
v -4.0769 -0.3570 -1.2120
v -4.0769 -0.3570 -1.1840
v -4.0835 -0.3636 -1.2120
v -4.0835 -0.3636 -1.1840
v -4.0859 -0.3726 -1.2120
v -4.0859 -0.3726 -1.1840
v -4.0835 -0.3816 -1.2120
v -4.0835 -0.3816 -1.1840
v -4.0769 -0.3882 -1.2120
v -4.0769 -0.3882 -1.1840
v -4.0679 -0.3906 -1.2120
v -4.0679 -0.3906 -1.1840
v -4.0589 -0.3882 -1.2120
v -4.0589 -0.3882 -1.1840
v -4.0523 -0.3816 -1.2120
v -4.0523 -0.3816 -1.1840
v -4.0679 -0.3726 -1.2120
v -4.0679 -0.3726 -1.1840
v -4.1274 -0.4289 -1.2120
v -4.1274 -0.4289 -1.1840
v -4.1298 -0.4199 -1.2120
v -4.1298 -0.4199 -1.1840
v -4.1364 -0.4133 -1.2120
v -4.1364 -0.4133 -1.1840
v -4.1454 -0.4109 -1.2120
v -4.1454 -0.4109 -1.1840
v -4.1544 -0.4133 -1.2120
v -4.1544 -0.4133 -1.1840
v -4.1610 -0.4199 -1.2120
v -4.1610 -0.4199 -1.1840
v -4.1634 -0.4289 -1.2120
v -4.1634 -0.4289 -1.1840
v -4.1610 -0.4379 -1.2120
v -4.1610 -0.4379 -1.1840
v -4.1544 -0.4445 -1.2120
v -4.1544 -0.4445 -1.1840
v -4.1454 -0.4469 -1.2120
v -4.1454 -0.4469 -1.1840
v -4.1364 -0.4445 -1.2120
v -4.1364 -0.4445 -1.1840
v -4.1298 -0.4379 -1.2120
v -4.1298 -0.4379 -1.1840
v -4.1454 -0.4289 -1.2120
v -4.1454 -0.4289 -1.1840
v -4.1570 -0.5200 -1.2120
v -4.1570 -0.5200 -1.1840
v -4.1594 -0.5110 -1.2120
v -4.1594 -0.5110 -1.1840
v -4.1660 -0.5044 -1.2120
v -4.1660 -0.5044 -1.1840
v -4.1750 -0.5020 -1.2120
v -4.1750 -0.5020 -1.1840
v -4.1840 -0.5044 -1.2120
v -4.1840 -0.5044 -1.1840
v -4.1906 -0.5110 -1.2120
v -4.1906 -0.5110 -1.1840
v -4.1930 -0.5200 -1.2120
v -4.1930 -0.5200 -1.1840
v -4.1906 -0.5290 -1.2120
v -4.1906 -0.5290 -1.1840
v -4.1840 -0.5356 -1.2120
v -4.1840 -0.5356 -1.1840
v -4.1750 -0.5380 -1.2120
v -4.1750 -0.5380 -1.1840
v -4.1660 -0.5356 -1.2120
v -4.1660 -0.5356 -1.1840
v -4.1594 -0.5290 -1.2120
v -4.1594 -0.5290 -1.1840
v -4.1750 -0.5200 -1.2120
v -4.1750 -0.5200 -1.1840
v -4.1274 -0.6111 -1.2120
v -4.1274 -0.6111 -1.1840
v -4.1298 -0.6021 -1.2120
v -4.1298 -0.6021 -1.1840
v -4.1364 -0.5955 -1.2120
v -4.1364 -0.5955 -1.1840
v -4.1454 -0.5931 -1.2120
v -4.1454 -0.5931 -1.1840
v -4.1544 -0.5955 -1.2120
v -4.1544 -0.5955 -1.1840
v -4.1610 -0.6021 -1.2120
v -4.1610 -0.6021 -1.1840
v -4.1634 -0.6111 -1.2120
v -4.1634 -0.6111 -1.1840
v -4.1610 -0.6201 -1.2120
v -4.1610 -0.6201 -1.1840
v -4.1544 -0.6267 -1.2120
v -4.1544 -0.6267 -1.1840
v -4.1454 -0.6291 -1.2120
v -4.1454 -0.6291 -1.1840
v -4.1364 -0.6267 -1.2120
v -4.1364 -0.6267 -1.1840
v -4.1298 -0.6201 -1.2120
v -4.1298 -0.6201 -1.1840
v -4.1454 -0.6111 -1.2120
v -4.1454 -0.6111 -1.1840
v -4.0499 -0.6674 -1.2120
v -4.0499 -0.6674 -1.1840
v -4.0523 -0.6584 -1.2120
v -4.0523 -0.6584 -1.1840
v -4.0589 -0.6518 -1.2120
v -4.0589 -0.6518 -1.1840
v -4.0679 -0.6494 -1.2120
v -4.0679 -0.6494 -1.1840
v -4.0769 -0.6518 -1.2120
v -4.0769 -0.6518 -1.1840
v -4.0835 -0.6584 -1.2120
v -4.0835 -0.6584 -1.1840
v -4.0859 -0.6674 -1.2120
v -4.0859 -0.6674 -1.1840
v -4.0835 -0.6764 -1.2120
v -4.0835 -0.6764 -1.1840
v -4.0769 -0.6830 -1.2120
v -4.0769 -0.6830 -1.1840
v -4.0679 -0.6854 -1.2120
v -4.0679 -0.6854 -1.1840
v -4.0589 -0.6830 -1.2120
v -4.0589 -0.6830 -1.1840
v -4.0523 -0.6764 -1.2120
v -4.0523 -0.6764 -1.1840
v -4.0679 -0.6674 -1.2120
v -4.0679 -0.6674 -1.1840
v -3.9541 -0.6674 -1.2120
v -3.9541 -0.6674 -1.1840
v -3.9565 -0.6584 -1.2120
v -3.9565 -0.6584 -1.1840
v -3.9631 -0.6518 -1.2120
v -3.9631 -0.6518 -1.1840
v -3.9721 -0.6494 -1.2120
v -3.9721 -0.6494 -1.1840
v -3.9811 -0.6518 -1.2120
v -3.9811 -0.6518 -1.1840
v -3.9877 -0.6584 -1.2120
v -3.9877 -0.6584 -1.1840
v -3.9901 -0.6674 -1.2120
v -3.9901 -0.6674 -1.1840
v -3.9877 -0.6764 -1.2120
v -3.9877 -0.6764 -1.1840
v -3.9811 -0.6830 -1.2120
v -3.9811 -0.6830 -1.1840
v -3.9721 -0.6854 -1.2120
v -3.9721 -0.6854 -1.1840
v -3.9631 -0.6830 -1.2120
v -3.9631 -0.6830 -1.1840
v -3.9565 -0.6764 -1.2120
v -3.9565 -0.6764 -1.1840
v -3.9721 -0.6674 -1.2120
v -3.9721 -0.6674 -1.1840
v -3.8766 -0.6111 -1.2120
v -3.8766 -0.6111 -1.1840
v -3.8790 -0.6021 -1.2120
v -3.8790 -0.6021 -1.1840
v -3.8856 -0.5955 -1.2120
v -3.8856 -0.5955 -1.1840
v -3.8946 -0.5931 -1.2120
v -3.8946 -0.5931 -1.1840
v -3.9036 -0.5955 -1.2120
v -3.9036 -0.5955 -1.1840
v -3.9102 -0.6021 -1.2120
v -3.9102 -0.6021 -1.1840
v -3.9126 -0.6111 -1.2120
v -3.9126 -0.6111 -1.1840
v -3.9102 -0.6201 -1.2120
v -3.9102 -0.6201 -1.1840
v -3.9036 -0.6267 -1.2120
v -3.9036 -0.6267 -1.1840
v -3.8946 -0.6291 -1.2120
v -3.8946 -0.6291 -1.1840
v -3.8856 -0.6267 -1.2120
v -3.8856 -0.6267 -1.1840
v -3.8790 -0.6201 -1.2120
v -3.8790 -0.6201 -1.1840
v -3.8946 -0.6111 -1.2120
v -3.8946 -0.6111 -1.1840
v -3.6150 -0.5600 -1.1500
v -3.5250 -0.5600 -1.1500
v -3.5250 -0.4800 -1.1500
v -3.6150 -0.4800 -1.1500
v -3.6150 -0.5600 -0.8100
v -3.5250 -0.5600 -0.8100
v -3.5250 -0.4800 -0.8100
v -3.6150 -0.4800 -0.8100
v -3.6163 -0.4689 -1.1500
v -3.5285 -0.4488 -1.1500
v -3.5463 -0.3709 -1.1500
v -3.6341 -0.3909 -1.1500
v -3.6163 -0.4689 -0.8100
v -3.5285 -0.4488 -0.8100
v -3.5463 -0.3709 -0.8100
v -3.6341 -0.3909 -0.8100
v -3.6378 -0.3803 -1.1500
v -3.5567 -0.3413 -1.1500
v -3.5914 -0.2692 -1.1500
v -3.6725 -0.3082 -1.1500
v -3.6378 -0.3803 -0.8100
v -3.5567 -0.3413 -0.8100
v -3.5914 -0.2692 -0.8100
v -3.6725 -0.3082 -0.8100
v -3.6784 -0.2988 -1.1500
v -3.6081 -0.2426 -1.1500
v -3.6579 -0.1801 -1.1500
v -3.7283 -0.2362 -1.1500
v -3.6784 -0.2988 -0.8100
v -3.6081 -0.2426 -0.8100
v -3.6579 -0.1801 -0.8100
v -3.7283 -0.2362 -0.8100
v -3.7362 -0.2283 -1.1500
v -3.6801 -0.1579 -1.1500
v -3.7426 -0.1081 -1.1500
v -3.7988 -0.1784 -1.1500
v -3.7362 -0.2283 -0.8100
v -3.6801 -0.1579 -0.8100
v -3.7426 -0.1081 -0.8100
v -3.7988 -0.1784 -0.8100
v -3.8082 -0.1725 -1.1500
v -3.7692 -0.0914 -1.1500
v -3.8413 -0.0567 -1.1500
v -3.8803 -0.1378 -1.1500
v -3.8082 -0.1725 -0.8100
v -3.7692 -0.0914 -0.8100
v -3.8413 -0.0567 -0.8100
v -3.8803 -0.1378 -0.8100
v -3.8909 -0.1341 -1.1500
v -3.8709 -0.0463 -1.1500
v -3.9488 -0.0285 -1.1500
v -3.9689 -0.1163 -1.1500
v -3.8909 -0.1341 -0.8100
v -3.8709 -0.0463 -0.8100
v -3.9488 -0.0285 -0.8100
v -3.9689 -0.1163 -0.8100
v -3.9800 -0.1150 -1.1500
v -3.9800 -0.0250 -1.1500
v -4.0600 -0.0250 -1.1500
v -4.0600 -0.1150 -1.1500
v -3.9800 -0.1150 -0.8100
v -3.9800 -0.0250 -0.8100
v -4.0600 -0.0250 -0.8100
v -4.0600 -0.1150 -0.8100
v -4.0711 -0.1163 -1.1500
v -4.0912 -0.0285 -1.1500
v -4.1691 -0.0463 -1.1500
v -4.1491 -0.1341 -1.1500
v -4.0711 -0.1163 -0.8100
v -4.0912 -0.0285 -0.8100
v -4.1691 -0.0463 -0.8100
v -4.1491 -0.1341 -0.8100
v -4.1597 -0.1378 -1.1500
v -4.1987 -0.0567 -1.1500
v -4.2708 -0.0914 -1.1500
v -4.2318 -0.1725 -1.1500
v -4.1597 -0.1378 -0.8100
v -4.1987 -0.0567 -0.8100
v -4.2708 -0.0914 -0.8100
v -4.2318 -0.1725 -0.8100
v -4.2412 -0.1784 -1.1500
v -4.2974 -0.1081 -1.1500
v -4.3599 -0.1579 -1.1500
v -4.3038 -0.2283 -1.1500
v -4.2412 -0.1784 -0.8100
v -4.2974 -0.1081 -0.8100
v -4.3599 -0.1579 -0.8100
v -4.3038 -0.2283 -0.8100
v -4.3117 -0.2362 -1.1500
v -4.3821 -0.1801 -1.1500
v -4.4319 -0.2426 -1.1500
v -4.3616 -0.2988 -1.1500
v -4.3117 -0.2362 -0.8100
v -4.3821 -0.1801 -0.8100
v -4.4319 -0.2426 -0.8100
v -4.3616 -0.2988 -0.8100
v -4.3675 -0.3082 -1.1500
v -4.4486 -0.2692 -1.1500
v -4.4833 -0.3413 -1.1500
v -4.4022 -0.3803 -1.1500
v -4.3675 -0.3082 -0.8100
v -4.4486 -0.2692 -0.8100
v -4.4833 -0.3413 -0.8100
v -4.4022 -0.3803 -0.8100
v -4.4059 -0.3909 -1.1500
v -4.4937 -0.3709 -1.1500
v -4.5115 -0.4488 -1.1500
v -4.4237 -0.4689 -1.1500
v -4.4059 -0.3909 -0.8100
v -4.4937 -0.3709 -0.8100
v -4.5115 -0.4488 -0.8100
v -4.4237 -0.4689 -0.8100
v -4.4250 -0.4800 -1.1500
v -4.5150 -0.4800 -1.1500
v -4.5150 -0.5600 -1.1500
v -4.4250 -0.5600 -1.1500
v -4.4250 -0.4800 -0.8100
v -4.5150 -0.4800 -0.8100
v -4.5150 -0.5600 -0.8100
v -4.4250 -0.5600 -0.8100
v -4.4237 -0.5711 -1.1500
v -4.5115 -0.5912 -1.1500
v -4.4937 -0.6691 -1.1500
v -4.4059 -0.6491 -1.1500
v -4.4237 -0.5711 -0.8100
v -4.5115 -0.5912 -0.8100
v -4.4937 -0.6691 -0.8100
v -4.4059 -0.6491 -0.8100
v -4.4022 -0.6597 -1.1500
v -4.4833 -0.6987 -1.1500
v -4.4486 -0.7708 -1.1500
v -4.3675 -0.7318 -1.1500
v -4.4022 -0.6597 -0.8100
v -4.4833 -0.6987 -0.8100
v -4.4486 -0.7708 -0.8100
v -4.3675 -0.7318 -0.8100
v -4.3616 -0.7412 -1.1500
v -4.4319 -0.7974 -1.1500
v -4.3821 -0.8599 -1.1500
v -4.3117 -0.8038 -1.1500
v -4.3616 -0.7412 -0.8100
v -4.4319 -0.7974 -0.8100
v -4.3821 -0.8599 -0.8100
v -4.3117 -0.8038 -0.8100
v -4.3038 -0.8117 -1.1500
v -4.3599 -0.8821 -1.1500
v -4.2974 -0.9319 -1.1500
v -4.2412 -0.8616 -1.1500
v -4.3038 -0.8117 -0.8100
v -4.3599 -0.8821 -0.8100
v -4.2974 -0.9319 -0.8100
v -4.2412 -0.8616 -0.8100
v -4.2318 -0.8675 -1.1500
v -4.2708 -0.9486 -1.1500
v -4.1987 -0.9833 -1.1500
v -4.1597 -0.9022 -1.1500
v -4.2318 -0.8675 -0.8100
v -4.2708 -0.9486 -0.8100
v -4.1987 -0.9833 -0.8100
v -4.1597 -0.9022 -0.8100
v -4.1491 -0.9059 -1.1500
v -4.1691 -0.9937 -1.1500
v -4.0912 -1.0115 -1.1500
v -4.0711 -0.9237 -1.1500
v -4.1491 -0.9059 -0.8100
v -4.1691 -0.9937 -0.8100
v -4.0912 -1.0115 -0.8100
v -4.0711 -0.9237 -0.8100
v -4.0600 -0.9250 -1.1500
v -4.0600 -1.0150 -1.1500
v -3.9800 -1.0150 -1.1500
v -3.9800 -0.9250 -1.1500
v -4.0600 -0.9250 -0.8100
v -4.0600 -1.0150 -0.8100
v -3.9800 -1.0150 -0.8100
v -3.9800 -0.9250 -0.8100
v -3.9689 -0.9237 -1.1500
v -3.9488 -1.0115 -1.1500
v -3.8709 -0.9937 -1.1500
v -3.8909 -0.9059 -1.1500
v -3.9689 -0.9237 -0.8100
v -3.9488 -1.0115 -0.8100
v -3.8709 -0.9937 -0.8100
v -3.8909 -0.9059 -0.8100
v -3.8803 -0.9022 -1.1500
v -3.8413 -0.9833 -1.1500
v -3.7692 -0.9486 -1.1500
v -3.8082 -0.8675 -1.1500
v -3.8803 -0.9022 -0.8100
v -3.8413 -0.9833 -0.8100
v -3.7692 -0.9486 -0.8100
v -3.8082 -0.8675 -0.8100
v -3.7988 -0.8616 -1.1500
v -3.7426 -0.9319 -1.1500
v -3.6801 -0.8821 -1.1500
v -3.7362 -0.8117 -1.1500
v -3.7988 -0.8616 -0.8100
v -3.7426 -0.9319 -0.8100
v -3.6801 -0.8821 -0.8100
v -3.7362 -0.8117 -0.8100
v -3.7283 -0.8038 -1.1500
v -3.6579 -0.8599 -1.1500
v -3.6081 -0.7974 -1.1500
v -3.6784 -0.7412 -1.1500
v -3.7283 -0.8038 -0.8100
v -3.6579 -0.8599 -0.8100
v -3.6081 -0.7974 -0.8100
v -3.6784 -0.7412 -0.8100
v -3.6725 -0.7318 -1.1500
v -3.5914 -0.7708 -1.1500
v -3.5567 -0.6987 -1.1500
v -3.6378 -0.6597 -1.1500
v -3.6725 -0.7318 -0.8100
v -3.5914 -0.7708 -0.8100
v -3.5567 -0.6987 -0.8100
v -3.6378 -0.6597 -0.8100
v -3.6341 -0.6491 -1.1500
v -3.5463 -0.6691 -1.1500
v -3.5285 -0.5912 -1.1500
v -3.6163 -0.5711 -1.1500
v -3.6341 -0.6491 -0.8100
v -3.5463 -0.6691 -0.8100
v -3.5285 -0.5912 -0.8100
v -3.6163 -0.5711 -0.8100
v -3.5900 -0.5200 0.8100
v -3.5900 -0.5200 1.1500
v -3.5927 -0.4719 0.8100
v -3.5927 -0.4719 1.1500
v -3.6008 -0.4243 0.8100
v -3.6008 -0.4243 1.1500
v -3.6141 -0.3780 0.8100
v -3.6141 -0.3780 1.1500
v -3.6326 -0.3334 0.8100
v -3.6326 -0.3334 1.1500
v -3.6559 -0.2912 0.8100
v -3.6559 -0.2912 1.1500
v -3.6838 -0.2519 0.8100
v -3.6838 -0.2519 1.1500
v -3.7159 -0.2159 0.8100
v -3.7159 -0.2159 1.1500
v -3.7519 -0.1838 0.8100
v -3.7519 -0.1838 1.1500
v -3.7912 -0.1559 0.8100
v -3.7912 -0.1559 1.1500
v -3.8334 -0.1326 0.8100
v -3.8334 -0.1326 1.1500
v -3.8780 -0.1141 0.8100
v -3.8780 -0.1141 1.1500
v -3.9243 -0.1008 0.8100
v -3.9243 -0.1008 1.1500
v -3.9719 -0.0927 0.8100
v -3.9719 -0.0927 1.1500
v -4.0200 -0.0900 0.8100
v -4.0200 -0.0900 1.1500
v -4.0681 -0.0927 0.8100
v -4.0681 -0.0927 1.1500
v -4.1157 -0.1008 0.8100
v -4.1157 -0.1008 1.1500
v -4.1620 -0.1141 0.8100
v -4.1620 -0.1141 1.1500
v -4.2066 -0.1326 0.8100
v -4.2066 -0.1326 1.1500
v -4.2488 -0.1559 0.8100
v -4.2488 -0.1559 1.1500
v -4.2881 -0.1838 0.8100
v -4.2881 -0.1838 1.1500
v -4.3241 -0.2159 0.8100
v -4.3241 -0.2159 1.1500
v -4.3562 -0.2519 0.8100
v -4.3562 -0.2519 1.1500
v -4.3841 -0.2912 0.8100
v -4.3841 -0.2912 1.1500
v -4.4074 -0.3334 0.8100
v -4.4074 -0.3334 1.1500
v -4.4259 -0.3780 0.8100
v -4.4259 -0.3780 1.1500
v -4.4392 -0.4243 0.8100
v -4.4392 -0.4243 1.1500
v -4.4473 -0.4719 0.8100
v -4.4473 -0.4719 1.1500
v -4.4500 -0.5200 0.8100
v -4.4500 -0.5200 1.1500
v -4.4473 -0.5681 0.8100
v -4.4473 -0.5681 1.1500
v -4.4392 -0.6157 0.8100
v -4.4392 -0.6157 1.1500
v -4.4259 -0.6620 0.8100
v -4.4259 -0.6620 1.1500
v -4.4074 -0.7066 0.8100
v -4.4074 -0.7066 1.1500
v -4.3841 -0.7488 0.8100
v -4.3841 -0.7488 1.1500
v -4.3562 -0.7881 0.8100
v -4.3562 -0.7881 1.1500
v -4.3241 -0.8241 0.8100
v -4.3241 -0.8241 1.1500
v -4.2881 -0.8562 0.8100
v -4.2881 -0.8562 1.1500
v -4.2488 -0.8841 0.8100
v -4.2488 -0.8841 1.1500
v -4.2066 -0.9074 0.8100
v -4.2066 -0.9074 1.1500
v -4.1620 -0.9259 0.8100
v -4.1620 -0.9259 1.1500
v -4.1157 -0.9392 0.8100
v -4.1157 -0.9392 1.1500
v -4.0681 -0.9473 0.8100
v -4.0681 -0.9473 1.1500
v -4.0200 -0.9500 0.8100
v -4.0200 -0.9500 1.1500
v -3.9719 -0.9473 0.8100
v -3.9719 -0.9473 1.1500
v -3.9243 -0.9392 0.8100
v -3.9243 -0.9392 1.1500
v -3.8780 -0.9259 0.8100
v -3.8780 -0.9259 1.1500
v -3.8334 -0.9074 0.8100
v -3.8334 -0.9074 1.1500
v -3.7912 -0.8841 0.8100
v -3.7912 -0.8841 1.1500
v -3.7519 -0.8562 0.8100
v -3.7519 -0.8562 1.1500
v -3.7159 -0.8241 0.8100
v -3.7159 -0.8241 1.1500
v -3.6838 -0.7881 0.8100
v -3.6838 -0.7881 1.1500
v -3.6559 -0.7488 0.8100
v -3.6559 -0.7488 1.1500
v -3.6326 -0.7066 0.8100
v -3.6326 -0.7066 1.1500
v -3.6141 -0.6620 0.8100
v -3.6141 -0.6620 1.1500
v -3.6008 -0.6157 0.8100
v -3.6008 -0.6157 1.1500
v -3.5927 -0.5681 0.8100
v -3.5927 -0.5681 1.1500
v -4.0200 -0.5200 0.8100
v -4.0200 -0.5200 1.1500
v -3.5850 -0.5200 1.1500
v -3.5850 -0.5200 1.1740
v -3.5877 -0.4713 1.1500
v -3.5877 -0.4713 1.1740
v -3.5959 -0.4232 1.1500
v -3.5959 -0.4232 1.1740
v -3.6094 -0.3763 1.1500
v -3.6094 -0.3763 1.1740
v -3.6281 -0.3313 1.1500
v -3.6281 -0.3313 1.1740
v -3.6517 -0.2886 1.1500
v -3.6517 -0.2886 1.1740
v -3.6799 -0.2488 1.1500
v -3.6799 -0.2488 1.1740
v -3.7124 -0.2124 1.1500
v -3.7124 -0.2124 1.1740
v -3.7488 -0.1799 1.1500
v -3.7488 -0.1799 1.1740
v -3.7886 -0.1517 1.1500
v -3.7886 -0.1517 1.1740
v -3.8313 -0.1281 1.1500
v -3.8313 -0.1281 1.1740
v -3.8763 -0.1094 1.1500
v -3.8763 -0.1094 1.1740
v -3.9232 -0.0959 1.1500
v -3.9232 -0.0959 1.1740
v -3.9713 -0.0877 1.1500
v -3.9713 -0.0877 1.1740
v -4.0200 -0.0850 1.1500
v -4.0200 -0.0850 1.1740
v -4.0687 -0.0877 1.1500
v -4.0687 -0.0877 1.1740
v -4.1168 -0.0959 1.1500
v -4.1168 -0.0959 1.1740
v -4.1637 -0.1094 1.1500
v -4.1637 -0.1094 1.1740
v -4.2087 -0.1281 1.1500
v -4.2087 -0.1281 1.1740
v -4.2514 -0.1517 1.1500
v -4.2514 -0.1517 1.1740
v -4.2912 -0.1799 1.1500
v -4.2912 -0.1799 1.1740
v -4.3276 -0.2124 1.1500
v -4.3276 -0.2124 1.1740
v -4.3601 -0.2488 1.1500
v -4.3601 -0.2488 1.1740
v -4.3883 -0.2886 1.1500
v -4.3883 -0.2886 1.1740
v -4.4119 -0.3313 1.1500
v -4.4119 -0.3313 1.1740
v -4.4306 -0.3763 1.1500
v -4.4306 -0.3763 1.1740
v -4.4441 -0.4232 1.1500
v -4.4441 -0.4232 1.1740
v -4.4523 -0.4713 1.1500
v -4.4523 -0.4713 1.1740
v -4.4550 -0.5200 1.1500
v -4.4550 -0.5200 1.1740
v -4.4523 -0.5687 1.1500
v -4.4523 -0.5687 1.1740
v -4.4441 -0.6168 1.1500
v -4.4441 -0.6168 1.1740
v -4.4306 -0.6637 1.1500
v -4.4306 -0.6637 1.1740
v -4.4119 -0.7087 1.1500
v -4.4119 -0.7087 1.1740
v -4.3883 -0.7514 1.1500
v -4.3883 -0.7514 1.1740
v -4.3601 -0.7912 1.1500
v -4.3601 -0.7912 1.1740
v -4.3276 -0.8276 1.1500
v -4.3276 -0.8276 1.1740
v -4.2912 -0.8601 1.1500
v -4.2912 -0.8601 1.1740
v -4.2514 -0.8883 1.1500
v -4.2514 -0.8883 1.1740
v -4.2087 -0.9119 1.1500
v -4.2087 -0.9119 1.1740
v -4.1637 -0.9306 1.1500
v -4.1637 -0.9306 1.1740
v -4.1168 -0.9441 1.1500
v -4.1168 -0.9441 1.1740
v -4.0687 -0.9523 1.1500
v -4.0687 -0.9523 1.1740
v -4.0200 -0.9550 1.1500
v -4.0200 -0.9550 1.1740
v -3.9713 -0.9523 1.1500
v -3.9713 -0.9523 1.1740
v -3.9232 -0.9441 1.1500
v -3.9232 -0.9441 1.1740
v -3.8763 -0.9306 1.1500
v -3.8763 -0.9306 1.1740
v -3.8313 -0.9119 1.1500
v -3.8313 -0.9119 1.1740
v -3.7886 -0.8883 1.1500
v -3.7886 -0.8883 1.1740
v -3.7488 -0.8601 1.1500
v -3.7488 -0.8601 1.1740
v -3.7124 -0.8276 1.1500
v -3.7124 -0.8276 1.1740
v -3.6799 -0.7912 1.1500
v -3.6799 -0.7912 1.1740
v -3.6517 -0.7514 1.1500
v -3.6517 -0.7514 1.1740
v -3.6281 -0.7087 1.1500
v -3.6281 -0.7087 1.1740
v -3.6094 -0.6637 1.1500
v -3.6094 -0.6637 1.1740
v -3.5959 -0.6168 1.1500
v -3.5959 -0.6168 1.1740
v -3.5877 -0.5687 1.1500
v -3.5877 -0.5687 1.1740
v -4.0200 -0.5200 1.1500
v -4.0200 -0.5200 1.1740
v -3.7850 -0.5200 1.1565
v -3.7850 -0.5200 1.1915
v -3.7879 -0.4832 1.1565
v -3.7879 -0.4832 1.1915
v -3.7965 -0.4474 1.1565
v -3.7965 -0.4474 1.1915
v -3.8106 -0.4133 1.1565
v -3.8106 -0.4133 1.1915
v -3.8299 -0.3819 1.1565
v -3.8299 -0.3819 1.1915
v -3.8538 -0.3538 1.1565
v -3.8538 -0.3538 1.1915
v -3.8819 -0.3299 1.1565
v -3.8819 -0.3299 1.1915
v -3.9133 -0.3106 1.1565
v -3.9133 -0.3106 1.1915
v -3.9474 -0.2965 1.1565
v -3.9474 -0.2965 1.1915
v -3.9832 -0.2879 1.1565
v -3.9832 -0.2879 1.1915
v -4.0200 -0.2850 1.1565
v -4.0200 -0.2850 1.1915
v -4.0568 -0.2879 1.1565
v -4.0568 -0.2879 1.1915
v -4.0926 -0.2965 1.1565
v -4.0926 -0.2965 1.1915
v -4.1267 -0.3106 1.1565
v -4.1267 -0.3106 1.1915
v -4.1581 -0.3299 1.1565
v -4.1581 -0.3299 1.1915
v -4.1862 -0.3538 1.1565
v -4.1862 -0.3538 1.1915
v -4.2101 -0.3819 1.1565
v -4.2101 -0.3819 1.1915
v -4.2294 -0.4133 1.1565
v -4.2294 -0.4133 1.1915
v -4.2435 -0.4474 1.1565
v -4.2435 -0.4474 1.1915
v -4.2521 -0.4832 1.1565
v -4.2521 -0.4832 1.1915
v -4.2550 -0.5200 1.1565
v -4.2550 -0.5200 1.1915
v -4.2521 -0.5568 1.1565
v -4.2521 -0.5568 1.1915
v -4.2435 -0.5926 1.1565
v -4.2435 -0.5926 1.1915
v -4.2294 -0.6267 1.1565
v -4.2294 -0.6267 1.1915
v -4.2101 -0.6581 1.1565
v -4.2101 -0.6581 1.1915
v -4.1862 -0.6862 1.1565
v -4.1862 -0.6862 1.1915
v -4.1581 -0.7101 1.1565
v -4.1581 -0.7101 1.1915
v -4.1267 -0.7294 1.1565
v -4.1267 -0.7294 1.1915
v -4.0926 -0.7435 1.1565
v -4.0926 -0.7435 1.1915
v -4.0568 -0.7521 1.1565
v -4.0568 -0.7521 1.1915
v -4.0200 -0.7550 1.1565
v -4.0200 -0.7550 1.1915
v -3.9832 -0.7521 1.1565
v -3.9832 -0.7521 1.1915
v -3.9474 -0.7435 1.1565
v -3.9474 -0.7435 1.1915
v -3.9133 -0.7294 1.1565
v -3.9133 -0.7294 1.1915
v -3.8819 -0.7101 1.1565
v -3.8819 -0.7101 1.1915
v -3.8538 -0.6862 1.1565
v -3.8538 -0.6862 1.1915
v -3.8299 -0.6581 1.1565
v -3.8299 -0.6581 1.1915
v -3.8106 -0.6267 1.1565
v -3.8106 -0.6267 1.1915
v -3.7965 -0.5926 1.1565
v -3.7965 -0.5926 1.1915
v -3.7879 -0.5568 1.1565
v -3.7879 -0.5568 1.1915
v -4.0200 -0.5200 1.1565
v -4.0200 -0.5200 1.1915
v -3.9080 -0.5200 1.1660
v -3.9080 -0.5200 1.2060
v -3.9102 -0.4981 1.1660
v -3.9102 -0.4981 1.2060
v -3.9165 -0.4771 1.1660
v -3.9165 -0.4771 1.2060
v -3.9269 -0.4578 1.1660
v -3.9269 -0.4578 1.2060
v -3.9408 -0.4408 1.1660
v -3.9408 -0.4408 1.2060
v -3.9578 -0.4269 1.1660
v -3.9578 -0.4269 1.2060
v -3.9771 -0.4165 1.1660
v -3.9771 -0.4165 1.2060
v -3.9981 -0.4102 1.1660
v -3.9981 -0.4102 1.2060
v -4.0200 -0.4080 1.1660
v -4.0200 -0.4080 1.2060
v -4.0419 -0.4102 1.1660
v -4.0419 -0.4102 1.2060
v -4.0629 -0.4165 1.1660
v -4.0629 -0.4165 1.2060
v -4.0822 -0.4269 1.1660
v -4.0822 -0.4269 1.2060
v -4.0992 -0.4408 1.1660
v -4.0992 -0.4408 1.2060
v -4.1131 -0.4578 1.1660
v -4.1131 -0.4578 1.2060
v -4.1235 -0.4771 1.1660
v -4.1235 -0.4771 1.2060
v -4.1298 -0.4981 1.1660
v -4.1298 -0.4981 1.2060
v -4.1320 -0.5200 1.1660
v -4.1320 -0.5200 1.2060
v -4.1298 -0.5419 1.1660
v -4.1298 -0.5419 1.2060
v -4.1235 -0.5629 1.1660
v -4.1235 -0.5629 1.2060
v -4.1131 -0.5822 1.1660
v -4.1131 -0.5822 1.2060
v -4.0992 -0.5992 1.1660
v -4.0992 -0.5992 1.2060
v -4.0822 -0.6131 1.1660
v -4.0822 -0.6131 1.2060
v -4.0629 -0.6235 1.1660
v -4.0629 -0.6235 1.2060
v -4.0419 -0.6298 1.1660
v -4.0419 -0.6298 1.2060
v -4.0200 -0.6320 1.1660
v -4.0200 -0.6320 1.2060
v -3.9981 -0.6298 1.1660
v -3.9981 -0.6298 1.2060
v -3.9771 -0.6235 1.1660
v -3.9771 -0.6235 1.2060
v -3.9578 -0.6131 1.1660
v -3.9578 -0.6131 1.2060
v -3.9408 -0.5992 1.1660
v -3.9408 -0.5992 1.2060
v -3.9269 -0.5822 1.1660
v -3.9269 -0.5822 1.2060
v -3.9165 -0.5629 1.1660
v -3.9165 -0.5629 1.2060
v -3.9102 -0.5419 1.1660
v -3.9102 -0.5419 1.2060
v -4.0200 -0.5200 1.1660
v -4.0200 -0.5200 1.2060
v -3.8470 -0.5200 1.1840
v -3.8470 -0.5200 1.2120
v -3.8494 -0.5110 1.1840
v -3.8494 -0.5110 1.2120
v -3.8560 -0.5044 1.1840
v -3.8560 -0.5044 1.2120
v -3.8650 -0.5020 1.1840
v -3.8650 -0.5020 1.2120
v -3.8740 -0.5044 1.1840
v -3.8740 -0.5044 1.2120
v -3.8806 -0.5110 1.1840
v -3.8806 -0.5110 1.2120
v -3.8830 -0.5200 1.1840
v -3.8830 -0.5200 1.2120
v -3.8806 -0.5290 1.1840
v -3.8806 -0.5290 1.2120
v -3.8740 -0.5356 1.1840
v -3.8740 -0.5356 1.2120
v -3.8650 -0.5380 1.1840
v -3.8650 -0.5380 1.2120
v -3.8560 -0.5356 1.1840
v -3.8560 -0.5356 1.2120
v -3.8494 -0.5290 1.1840
v -3.8494 -0.5290 1.2120
v -3.8650 -0.5200 1.1840
v -3.8650 -0.5200 1.2120
v -3.8766 -0.4289 1.1840
v -3.8766 -0.4289 1.2120
v -3.8790 -0.4199 1.1840
v -3.8790 -0.4199 1.2120
v -3.8856 -0.4133 1.1840
v -3.8856 -0.4133 1.2120
v -3.8946 -0.4109 1.1840
v -3.8946 -0.4109 1.2120
v -3.9036 -0.4133 1.1840
v -3.9036 -0.4133 1.2120
v -3.9102 -0.4199 1.1840
v -3.9102 -0.4199 1.2120
v -3.9126 -0.4289 1.1840
v -3.9126 -0.4289 1.2120
v -3.9102 -0.4379 1.1840
v -3.9102 -0.4379 1.2120
v -3.9036 -0.4445 1.1840
v -3.9036 -0.4445 1.2120
v -3.8946 -0.4469 1.1840
v -3.8946 -0.4469 1.2120
v -3.8856 -0.4445 1.1840
v -3.8856 -0.4445 1.2120
v -3.8790 -0.4379 1.1840
v -3.8790 -0.4379 1.2120
v -3.8946 -0.4289 1.1840
v -3.8946 -0.4289 1.2120
v -3.9541 -0.3726 1.1840
v -3.9541 -0.3726 1.2120
v -3.9565 -0.3636 1.1840
v -3.9565 -0.3636 1.2120
v -3.9631 -0.3570 1.1840
v -3.9631 -0.3570 1.2120
v -3.9721 -0.3546 1.1840
v -3.9721 -0.3546 1.2120
v -3.9811 -0.3570 1.1840
v -3.9811 -0.3570 1.2120
v -3.9877 -0.3636 1.1840
v -3.9877 -0.3636 1.2120
v -3.9901 -0.3726 1.1840
v -3.9901 -0.3726 1.2120
v -3.9877 -0.3816 1.1840
v -3.9877 -0.3816 1.2120
v -3.9811 -0.3882 1.1840
v -3.9811 -0.3882 1.2120
v -3.9721 -0.3906 1.1840
v -3.9721 -0.3906 1.2120
v -3.9631 -0.3882 1.1840
v -3.9631 -0.3882 1.2120
v -3.9565 -0.3816 1.1840
v -3.9565 -0.3816 1.2120
v -3.9721 -0.3726 1.1840
v -3.9721 -0.3726 1.2120
v -4.0499 -0.3726 1.1840
v -4.0499 -0.3726 1.2120
v -4.0523 -0.3636 1.1840
v -4.0523 -0.3636 1.2120
v -4.0589 -0.3570 1.1840
v -4.0589 -0.3570 1.2120
v -4.0679 -0.3546 1.1840
v -4.0679 -0.3546 1.2120
v -4.0769 -0.3570 1.1840
v -4.0769 -0.3570 1.2120
v -4.0835 -0.3636 1.1840
v -4.0835 -0.3636 1.2120
v -4.0859 -0.3726 1.1840
v -4.0859 -0.3726 1.2120
v -4.0835 -0.3816 1.1840
v -4.0835 -0.3816 1.2120
v -4.0769 -0.3882 1.1840
v -4.0769 -0.3882 1.2120
v -4.0679 -0.3906 1.1840
v -4.0679 -0.3906 1.2120
v -4.0589 -0.3882 1.1840
v -4.0589 -0.3882 1.2120
v -4.0523 -0.3816 1.1840
v -4.0523 -0.3816 1.2120
v -4.0679 -0.3726 1.1840
v -4.0679 -0.3726 1.2120
v -4.1274 -0.4289 1.1840
v -4.1274 -0.4289 1.2120
v -4.1298 -0.4199 1.1840
v -4.1298 -0.4199 1.2120
v -4.1364 -0.4133 1.1840
v -4.1364 -0.4133 1.2120
v -4.1454 -0.4109 1.1840
v -4.1454 -0.4109 1.2120
v -4.1544 -0.4133 1.1840
v -4.1544 -0.4133 1.2120
v -4.1610 -0.4199 1.1840
v -4.1610 -0.4199 1.2120
v -4.1634 -0.4289 1.1840
v -4.1634 -0.4289 1.2120
v -4.1610 -0.4379 1.1840
v -4.1610 -0.4379 1.2120
v -4.1544 -0.4445 1.1840
v -4.1544 -0.4445 1.2120
v -4.1454 -0.4469 1.1840
v -4.1454 -0.4469 1.2120
v -4.1364 -0.4445 1.1840
v -4.1364 -0.4445 1.2120
v -4.1298 -0.4379 1.1840
v -4.1298 -0.4379 1.2120
v -4.1454 -0.4289 1.1840
v -4.1454 -0.4289 1.2120
v -4.1570 -0.5200 1.1840
v -4.1570 -0.5200 1.2120
v -4.1594 -0.5110 1.1840
v -4.1594 -0.5110 1.2120
v -4.1660 -0.5044 1.1840
v -4.1660 -0.5044 1.2120
v -4.1750 -0.5020 1.1840
v -4.1750 -0.5020 1.2120
v -4.1840 -0.5044 1.1840
v -4.1840 -0.5044 1.2120
v -4.1906 -0.5110 1.1840
v -4.1906 -0.5110 1.2120
v -4.1930 -0.5200 1.1840
v -4.1930 -0.5200 1.2120
v -4.1906 -0.5290 1.1840
v -4.1906 -0.5290 1.2120
v -4.1840 -0.5356 1.1840
v -4.1840 -0.5356 1.2120
v -4.1750 -0.5380 1.1840
v -4.1750 -0.5380 1.2120
v -4.1660 -0.5356 1.1840
v -4.1660 -0.5356 1.2120
v -4.1594 -0.5290 1.1840
v -4.1594 -0.5290 1.2120
v -4.1750 -0.5200 1.1840
v -4.1750 -0.5200 1.2120
v -4.1274 -0.6111 1.1840
v -4.1274 -0.6111 1.2120
v -4.1298 -0.6021 1.1840
v -4.1298 -0.6021 1.2120
v -4.1364 -0.5955 1.1840
v -4.1364 -0.5955 1.2120
v -4.1454 -0.5931 1.1840
v -4.1454 -0.5931 1.2120
v -4.1544 -0.5955 1.1840
v -4.1544 -0.5955 1.2120
v -4.1610 -0.6021 1.1840
v -4.1610 -0.6021 1.2120
v -4.1634 -0.6111 1.1840
v -4.1634 -0.6111 1.2120
v -4.1610 -0.6201 1.1840
v -4.1610 -0.6201 1.2120
v -4.1544 -0.6267 1.1840
v -4.1544 -0.6267 1.2120
v -4.1454 -0.6291 1.1840
v -4.1454 -0.6291 1.2120
v -4.1364 -0.6267 1.1840
v -4.1364 -0.6267 1.2120
v -4.1298 -0.6201 1.1840
v -4.1298 -0.6201 1.2120
v -4.1454 -0.6111 1.1840
v -4.1454 -0.6111 1.2120
v -4.0499 -0.6674 1.1840
v -4.0499 -0.6674 1.2120
v -4.0523 -0.6584 1.1840
v -4.0523 -0.6584 1.2120
v -4.0589 -0.6518 1.1840
v -4.0589 -0.6518 1.2120
v -4.0679 -0.6494 1.1840
v -4.0679 -0.6494 1.2120
v -4.0769 -0.6518 1.1840
v -4.0769 -0.6518 1.2120
v -4.0835 -0.6584 1.1840
v -4.0835 -0.6584 1.2120
v -4.0859 -0.6674 1.1840
v -4.0859 -0.6674 1.2120
v -4.0835 -0.6764 1.1840
v -4.0835 -0.6764 1.2120
v -4.0769 -0.6830 1.1840
v -4.0769 -0.6830 1.2120
v -4.0679 -0.6854 1.1840
v -4.0679 -0.6854 1.2120
v -4.0589 -0.6830 1.1840
v -4.0589 -0.6830 1.2120
v -4.0523 -0.6764 1.1840
v -4.0523 -0.6764 1.2120
v -4.0679 -0.6674 1.1840
v -4.0679 -0.6674 1.2120
v -3.9541 -0.6674 1.1840
v -3.9541 -0.6674 1.2120
v -3.9565 -0.6584 1.1840
v -3.9565 -0.6584 1.2120
v -3.9631 -0.6518 1.1840
v -3.9631 -0.6518 1.2120
v -3.9721 -0.6494 1.1840
v -3.9721 -0.6494 1.2120
v -3.9811 -0.6518 1.1840
v -3.9811 -0.6518 1.2120
v -3.9877 -0.6584 1.1840
v -3.9877 -0.6584 1.2120
v -3.9901 -0.6674 1.1840
v -3.9901 -0.6674 1.2120
v -3.9877 -0.6764 1.1840
v -3.9877 -0.6764 1.2120
v -3.9811 -0.6830 1.1840
v -3.9811 -0.6830 1.2120
v -3.9721 -0.6854 1.1840
v -3.9721 -0.6854 1.2120
v -3.9631 -0.6830 1.1840
v -3.9631 -0.6830 1.2120
v -3.9565 -0.6764 1.1840
v -3.9565 -0.6764 1.2120
v -3.9721 -0.6674 1.1840
v -3.9721 -0.6674 1.2120
v -3.8766 -0.6111 1.1840
v -3.8766 -0.6111 1.2120
v -3.8790 -0.6021 1.1840
v -3.8790 -0.6021 1.2120
v -3.8856 -0.5955 1.1840
v -3.8856 -0.5955 1.2120
v -3.8946 -0.5931 1.1840
v -3.8946 -0.5931 1.2120
v -3.9036 -0.5955 1.1840
v -3.9036 -0.5955 1.2120
v -3.9102 -0.6021 1.1840
v -3.9102 -0.6021 1.2120
v -3.9126 -0.6111 1.1840
v -3.9126 -0.6111 1.2120
v -3.9102 -0.6201 1.1840
v -3.9102 -0.6201 1.2120
v -3.9036 -0.6267 1.1840
v -3.9036 -0.6267 1.2120
v -3.8946 -0.6291 1.1840
v -3.8946 -0.6291 1.2120
v -3.8856 -0.6267 1.1840
v -3.8856 -0.6267 1.2120
v -3.8790 -0.6201 1.1840
v -3.8790 -0.6201 1.2120
v -3.8946 -0.6111 1.1840
v -3.8946 -0.6111 1.2120
v -3.6150 -0.5600 0.8100
v -3.5250 -0.5600 0.8100
v -3.5250 -0.4800 0.8100
v -3.6150 -0.4800 0.8100
v -3.6150 -0.5600 1.1500
v -3.5250 -0.5600 1.1500
v -3.5250 -0.4800 1.1500
v -3.6150 -0.4800 1.1500
v -3.6163 -0.4689 0.8100
v -3.5285 -0.4488 0.8100
v -3.5463 -0.3709 0.8100
v -3.6341 -0.3909 0.8100
v -3.6163 -0.4689 1.1500
v -3.5285 -0.4488 1.1500
v -3.5463 -0.3709 1.1500
v -3.6341 -0.3909 1.1500
v -3.6378 -0.3803 0.8100
v -3.5567 -0.3413 0.8100
v -3.5914 -0.2692 0.8100
v -3.6725 -0.3082 0.8100
v -3.6378 -0.3803 1.1500
v -3.5567 -0.3413 1.1500
v -3.5914 -0.2692 1.1500
v -3.6725 -0.3082 1.1500
v -3.6784 -0.2988 0.8100
v -3.6081 -0.2426 0.8100
v -3.6579 -0.1801 0.8100
v -3.7283 -0.2362 0.8100
v -3.6784 -0.2988 1.1500
v -3.6081 -0.2426 1.1500
v -3.6579 -0.1801 1.1500
v -3.7283 -0.2362 1.1500
v -3.7362 -0.2283 0.8100
v -3.6801 -0.1579 0.8100
v -3.7426 -0.1081 0.8100
v -3.7988 -0.1784 0.8100
v -3.7362 -0.2283 1.1500
v -3.6801 -0.1579 1.1500
v -3.7426 -0.1081 1.1500
v -3.7988 -0.1784 1.1500
v -3.8082 -0.1725 0.8100
v -3.7692 -0.0914 0.8100
v -3.8413 -0.0567 0.8100
v -3.8803 -0.1378 0.8100
v -3.8082 -0.1725 1.1500
v -3.7692 -0.0914 1.1500
v -3.8413 -0.0567 1.1500
v -3.8803 -0.1378 1.1500
v -3.8909 -0.1341 0.8100
v -3.8709 -0.0463 0.8100
v -3.9488 -0.0285 0.8100
v -3.9689 -0.1163 0.8100
v -3.8909 -0.1341 1.1500
v -3.8709 -0.0463 1.1500
v -3.9488 -0.0285 1.1500
v -3.9689 -0.1163 1.1500
v -3.9800 -0.1150 0.8100
v -3.9800 -0.0250 0.8100
v -4.0600 -0.0250 0.8100
v -4.0600 -0.1150 0.8100
v -3.9800 -0.1150 1.1500
v -3.9800 -0.0250 1.1500
v -4.0600 -0.0250 1.1500
v -4.0600 -0.1150 1.1500
v -4.0711 -0.1163 0.8100
v -4.0912 -0.0285 0.8100
v -4.1691 -0.0463 0.8100
v -4.1491 -0.1341 0.8100
v -4.0711 -0.1163 1.1500
v -4.0912 -0.0285 1.1500
v -4.1691 -0.0463 1.1500
v -4.1491 -0.1341 1.1500
v -4.1597 -0.1378 0.8100
v -4.1987 -0.0567 0.8100
v -4.2708 -0.0914 0.8100
v -4.2318 -0.1725 0.8100
v -4.1597 -0.1378 1.1500
v -4.1987 -0.0567 1.1500
v -4.2708 -0.0914 1.1500
v -4.2318 -0.1725 1.1500
v -4.2412 -0.1784 0.8100
v -4.2974 -0.1081 0.8100
v -4.3599 -0.1579 0.8100
v -4.3038 -0.2283 0.8100
v -4.2412 -0.1784 1.1500
v -4.2974 -0.1081 1.1500
v -4.3599 -0.1579 1.1500
v -4.3038 -0.2283 1.1500
v -4.3117 -0.2362 0.8100
v -4.3821 -0.1801 0.8100
v -4.4319 -0.2426 0.8100
v -4.3616 -0.2988 0.8100
v -4.3117 -0.2362 1.1500
v -4.3821 -0.1801 1.1500
v -4.4319 -0.2426 1.1500
v -4.3616 -0.2988 1.1500
v -4.3675 -0.3082 0.8100
v -4.4486 -0.2692 0.8100
v -4.4833 -0.3413 0.8100
v -4.4022 -0.3803 0.8100
v -4.3675 -0.3082 1.1500
v -4.4486 -0.2692 1.1500
v -4.4833 -0.3413 1.1500
v -4.4022 -0.3803 1.1500
v -4.4059 -0.3909 0.8100
v -4.4937 -0.3709 0.8100
v -4.5115 -0.4488 0.8100
v -4.4237 -0.4689 0.8100
v -4.4059 -0.3909 1.1500
v -4.4937 -0.3709 1.1500
v -4.5115 -0.4488 1.1500
v -4.4237 -0.4689 1.1500
v -4.4250 -0.4800 0.8100
v -4.5150 -0.4800 0.8100
v -4.5150 -0.5600 0.8100
v -4.4250 -0.5600 0.8100
v -4.4250 -0.4800 1.1500
v -4.5150 -0.4800 1.1500
v -4.5150 -0.5600 1.1500
v -4.4250 -0.5600 1.1500
v -4.4237 -0.5711 0.8100
v -4.5115 -0.5912 0.8100
v -4.4937 -0.6691 0.8100
v -4.4059 -0.6491 0.8100
v -4.4237 -0.5711 1.1500
v -4.5115 -0.5912 1.1500
v -4.4937 -0.6691 1.1500
v -4.4059 -0.6491 1.1500
v -4.4022 -0.6597 0.8100
v -4.4833 -0.6987 0.8100
v -4.4486 -0.7708 0.8100
v -4.3675 -0.7318 0.8100
v -4.4022 -0.6597 1.1500
v -4.4833 -0.6987 1.1500
v -4.4486 -0.7708 1.1500
v -4.3675 -0.7318 1.1500
v -4.3616 -0.7412 0.8100
v -4.4319 -0.7974 0.8100
v -4.3821 -0.8599 0.8100
v -4.3117 -0.8038 0.8100
v -4.3616 -0.7412 1.1500
v -4.4319 -0.7974 1.1500
v -4.3821 -0.8599 1.1500
v -4.3117 -0.8038 1.1500
v -4.3038 -0.8117 0.8100
v -4.3599 -0.8821 0.8100
v -4.2974 -0.9319 0.8100
v -4.2412 -0.8616 0.8100
v -4.3038 -0.8117 1.1500
v -4.3599 -0.8821 1.1500
v -4.2974 -0.9319 1.1500
v -4.2412 -0.8616 1.1500
v -4.2318 -0.8675 0.8100
v -4.2708 -0.9486 0.8100
v -4.1987 -0.9833 0.8100
v -4.1597 -0.9022 0.8100
v -4.2318 -0.8675 1.1500
v -4.2708 -0.9486 1.1500
v -4.1987 -0.9833 1.1500
v -4.1597 -0.9022 1.1500
v -4.1491 -0.9059 0.8100
v -4.1691 -0.9937 0.8100
v -4.0912 -1.0115 0.8100
v -4.0711 -0.9237 0.8100
v -4.1491 -0.9059 1.1500
v -4.1691 -0.9937 1.1500
v -4.0912 -1.0115 1.1500
v -4.0711 -0.9237 1.1500
v -4.0600 -0.9250 0.8100
v -4.0600 -1.0150 0.8100
v -3.9800 -1.0150 0.8100
v -3.9800 -0.9250 0.8100
v -4.0600 -0.9250 1.1500
v -4.0600 -1.0150 1.1500
v -3.9800 -1.0150 1.1500
v -3.9800 -0.9250 1.1500
v -3.9689 -0.9237 0.8100
v -3.9488 -1.0115 0.8100
v -3.8709 -0.9937 0.8100
v -3.8909 -0.9059 0.8100
v -3.9689 -0.9237 1.1500
v -3.9488 -1.0115 1.1500
v -3.8709 -0.9937 1.1500
v -3.8909 -0.9059 1.1500
v -3.8803 -0.9022 0.8100
v -3.8413 -0.9833 0.8100
v -3.7692 -0.9486 0.8100
v -3.8082 -0.8675 0.8100
v -3.8803 -0.9022 1.1500
v -3.8413 -0.9833 1.1500
v -3.7692 -0.9486 1.1500
v -3.8082 -0.8675 1.1500
v -3.7988 -0.8616 0.8100
v -3.7426 -0.9319 0.8100
v -3.6801 -0.8821 0.8100
v -3.7362 -0.8117 0.8100
v -3.7988 -0.8616 1.1500
v -3.7426 -0.9319 1.1500
v -3.6801 -0.8821 1.1500
v -3.7362 -0.8117 1.1500
v -3.7283 -0.8038 0.8100
v -3.6579 -0.8599 0.8100
v -3.6081 -0.7974 0.8100
v -3.6784 -0.7412 0.8100
v -3.7283 -0.8038 1.1500
v -3.6579 -0.8599 1.1500
v -3.6081 -0.7974 1.1500
v -3.6784 -0.7412 1.1500
v -3.6725 -0.7318 0.8100
v -3.5914 -0.7708 0.8100
v -3.5567 -0.6987 0.8100
v -3.6378 -0.6597 0.8100
v -3.6725 -0.7318 1.1500
v -3.5914 -0.7708 1.1500
v -3.5567 -0.6987 1.1500
v -3.6378 -0.6597 1.1500
v -3.6341 -0.6491 0.8100
v -3.5463 -0.6691 0.8100
v -3.5285 -0.5912 0.8100
v -3.6163 -0.5711 0.8100
v -3.6341 -0.6491 1.1500
v -3.5463 -0.6691 1.1500
v -3.5285 -0.5912 1.1500
v -3.6163 -0.5711 1.1500
v 2.0500 -0.5200 -1.1500
v 2.0500 -0.5200 -0.8100
v 2.0473 -0.4719 -1.1500
v 2.0473 -0.4719 -0.8100
v 2.0392 -0.4243 -1.1500
v 2.0392 -0.4243 -0.8100
v 2.0259 -0.3780 -1.1500
v 2.0259 -0.3780 -0.8100
v 2.0074 -0.3334 -1.1500
v 2.0074 -0.3334 -0.8100
v 1.9841 -0.2912 -1.1500
v 1.9841 -0.2912 -0.8100
v 1.9562 -0.2519 -1.1500
v 1.9562 -0.2519 -0.8100
v 1.9241 -0.2159 -1.1500
v 1.9241 -0.2159 -0.8100
v 1.8881 -0.1838 -1.1500
v 1.8881 -0.1838 -0.8100
v 1.8488 -0.1559 -1.1500
v 1.8488 -0.1559 -0.8100
v 1.8066 -0.1326 -1.1500
v 1.8066 -0.1326 -0.8100
v 1.7620 -0.1141 -1.1500
v 1.7620 -0.1141 -0.8100
v 1.7157 -0.1008 -1.1500
v 1.7157 -0.1008 -0.8100
v 1.6681 -0.0927 -1.1500
v 1.6681 -0.0927 -0.8100
v 1.6200 -0.0900 -1.1500
v 1.6200 -0.0900 -0.8100
v 1.5719 -0.0927 -1.1500
v 1.5719 -0.0927 -0.8100
v 1.5243 -0.1008 -1.1500
v 1.5243 -0.1008 -0.8100
v 1.4780 -0.1141 -1.1500
v 1.4780 -0.1141 -0.8100
v 1.4334 -0.1326 -1.1500
v 1.4334 -0.1326 -0.8100
v 1.3912 -0.1559 -1.1500
v 1.3912 -0.1559 -0.8100
v 1.3519 -0.1838 -1.1500
v 1.3519 -0.1838 -0.8100
v 1.3159 -0.2159 -1.1500
v 1.3159 -0.2159 -0.8100
v 1.2838 -0.2519 -1.1500
v 1.2838 -0.2519 -0.8100
v 1.2559 -0.2912 -1.1500
v 1.2559 -0.2912 -0.8100
v 1.2326 -0.3334 -1.1500
v 1.2326 -0.3334 -0.8100
v 1.2141 -0.3780 -1.1500
v 1.2141 -0.3780 -0.8100
v 1.2008 -0.4243 -1.1500
v 1.2008 -0.4243 -0.8100
v 1.1927 -0.4719 -1.1500
v 1.1927 -0.4719 -0.8100
v 1.1900 -0.5200 -1.1500
v 1.1900 -0.5200 -0.8100
v 1.1927 -0.5681 -1.1500
v 1.1927 -0.5681 -0.8100
v 1.2008 -0.6157 -1.1500
v 1.2008 -0.6157 -0.8100
v 1.2141 -0.6620 -1.1500
v 1.2141 -0.6620 -0.8100
v 1.2326 -0.7066 -1.1500
v 1.2326 -0.7066 -0.8100
v 1.2559 -0.7488 -1.1500
v 1.2559 -0.7488 -0.8100
v 1.2838 -0.7881 -1.1500
v 1.2838 -0.7881 -0.8100
v 1.3159 -0.8241 -1.1500
v 1.3159 -0.8241 -0.8100
v 1.3519 -0.8562 -1.1500
v 1.3519 -0.8562 -0.8100
v 1.3912 -0.8841 -1.1500
v 1.3912 -0.8841 -0.8100
v 1.4334 -0.9074 -1.1500
v 1.4334 -0.9074 -0.8100
v 1.4780 -0.9259 -1.1500
v 1.4780 -0.9259 -0.8100
v 1.5243 -0.9392 -1.1500
v 1.5243 -0.9392 -0.8100
v 1.5719 -0.9473 -1.1500
v 1.5719 -0.9473 -0.8100
v 1.6200 -0.9500 -1.1500
v 1.6200 -0.9500 -0.8100
v 1.6681 -0.9473 -1.1500
v 1.6681 -0.9473 -0.8100
v 1.7157 -0.9392 -1.1500
v 1.7157 -0.9392 -0.8100
v 1.7620 -0.9259 -1.1500
v 1.7620 -0.9259 -0.8100
v 1.8066 -0.9074 -1.1500
v 1.8066 -0.9074 -0.8100
v 1.8488 -0.8841 -1.1500
v 1.8488 -0.8841 -0.8100
v 1.8881 -0.8562 -1.1500
v 1.8881 -0.8562 -0.8100
v 1.9241 -0.8241 -1.1500
v 1.9241 -0.8241 -0.8100
v 1.9562 -0.7881 -1.1500
v 1.9562 -0.7881 -0.8100
v 1.9841 -0.7488 -1.1500
v 1.9841 -0.7488 -0.8100
v 2.0074 -0.7066 -1.1500
v 2.0074 -0.7066 -0.8100
v 2.0259 -0.6620 -1.1500
v 2.0259 -0.6620 -0.8100
v 2.0392 -0.6157 -1.1500
v 2.0392 -0.6157 -0.8100
v 2.0473 -0.5681 -1.1500
v 2.0473 -0.5681 -0.8100
v 1.6200 -0.5200 -1.1500
v 1.6200 -0.5200 -0.8100
v 2.0550 -0.5200 -1.1740
v 2.0550 -0.5200 -1.1500
v 2.0523 -0.4713 -1.1740
v 2.0523 -0.4713 -1.1500
v 2.0441 -0.4232 -1.1740
v 2.0441 -0.4232 -1.1500
v 2.0306 -0.3763 -1.1740
v 2.0306 -0.3763 -1.1500
v 2.0119 -0.3313 -1.1740
v 2.0119 -0.3313 -1.1500
v 1.9883 -0.2886 -1.1740
v 1.9883 -0.2886 -1.1500
v 1.9601 -0.2488 -1.1740
v 1.9601 -0.2488 -1.1500
v 1.9276 -0.2124 -1.1740
v 1.9276 -0.2124 -1.1500
v 1.8912 -0.1799 -1.1740
v 1.8912 -0.1799 -1.1500
v 1.8514 -0.1517 -1.1740
v 1.8514 -0.1517 -1.1500
v 1.8087 -0.1281 -1.1740
v 1.8087 -0.1281 -1.1500
v 1.7637 -0.1094 -1.1740
v 1.7637 -0.1094 -1.1500
v 1.7168 -0.0959 -1.1740
v 1.7168 -0.0959 -1.1500
v 1.6687 -0.0877 -1.1740
v 1.6687 -0.0877 -1.1500
v 1.6200 -0.0850 -1.1740
v 1.6200 -0.0850 -1.1500
v 1.5713 -0.0877 -1.1740
v 1.5713 -0.0877 -1.1500
v 1.5232 -0.0959 -1.1740
v 1.5232 -0.0959 -1.1500
v 1.4763 -0.1094 -1.1740
v 1.4763 -0.1094 -1.1500
v 1.4313 -0.1281 -1.1740
v 1.4313 -0.1281 -1.1500
v 1.3886 -0.1517 -1.1740
v 1.3886 -0.1517 -1.1500
v 1.3488 -0.1799 -1.1740
v 1.3488 -0.1799 -1.1500
v 1.3124 -0.2124 -1.1740
v 1.3124 -0.2124 -1.1500
v 1.2799 -0.2488 -1.1740
v 1.2799 -0.2488 -1.1500
v 1.2517 -0.2886 -1.1740
v 1.2517 -0.2886 -1.1500
v 1.2281 -0.3313 -1.1740
v 1.2281 -0.3313 -1.1500
v 1.2094 -0.3763 -1.1740
v 1.2094 -0.3763 -1.1500
v 1.1959 -0.4232 -1.1740
v 1.1959 -0.4232 -1.1500
v 1.1877 -0.4713 -1.1740
v 1.1877 -0.4713 -1.1500
v 1.1850 -0.5200 -1.1740
v 1.1850 -0.5200 -1.1500
v 1.1877 -0.5687 -1.1740
v 1.1877 -0.5687 -1.1500
v 1.1959 -0.6168 -1.1740
v 1.1959 -0.6168 -1.1500
v 1.2094 -0.6637 -1.1740
v 1.2094 -0.6637 -1.1500
v 1.2281 -0.7087 -1.1740
v 1.2281 -0.7087 -1.1500
v 1.2517 -0.7514 -1.1740
v 1.2517 -0.7514 -1.1500
v 1.2799 -0.7912 -1.1740
v 1.2799 -0.7912 -1.1500
v 1.3124 -0.8276 -1.1740
v 1.3124 -0.8276 -1.1500
v 1.3488 -0.8601 -1.1740
v 1.3488 -0.8601 -1.1500
v 1.3886 -0.8883 -1.1740
v 1.3886 -0.8883 -1.1500
v 1.4313 -0.9119 -1.1740
v 1.4313 -0.9119 -1.1500
v 1.4763 -0.9306 -1.1740
v 1.4763 -0.9306 -1.1500
v 1.5232 -0.9441 -1.1740
v 1.5232 -0.9441 -1.1500
v 1.5713 -0.9523 -1.1740
v 1.5713 -0.9523 -1.1500
v 1.6200 -0.9550 -1.1740
v 1.6200 -0.9550 -1.1500
v 1.6687 -0.9523 -1.1740
v 1.6687 -0.9523 -1.1500
v 1.7168 -0.9441 -1.1740
v 1.7168 -0.9441 -1.1500
v 1.7637 -0.9306 -1.1740
v 1.7637 -0.9306 -1.1500
v 1.8087 -0.9119 -1.1740
v 1.8087 -0.9119 -1.1500
v 1.8514 -0.8883 -1.1740
v 1.8514 -0.8883 -1.1500
v 1.8912 -0.8601 -1.1740
v 1.8912 -0.8601 -1.1500
v 1.9276 -0.8276 -1.1740
v 1.9276 -0.8276 -1.1500
v 1.9601 -0.7912 -1.1740
v 1.9601 -0.7912 -1.1500
v 1.9883 -0.7514 -1.1740
v 1.9883 -0.7514 -1.1500
v 2.0119 -0.7087 -1.1740
v 2.0119 -0.7087 -1.1500
v 2.0306 -0.6637 -1.1740
v 2.0306 -0.6637 -1.1500
v 2.0441 -0.6168 -1.1740
v 2.0441 -0.6168 -1.1500
v 2.0523 -0.5687 -1.1740
v 2.0523 -0.5687 -1.1500
v 1.6200 -0.5200 -1.1740
v 1.6200 -0.5200 -1.1500
v 1.8550 -0.5200 -1.1915
v 1.8550 -0.5200 -1.1565
v 1.8521 -0.4832 -1.1915
v 1.8521 -0.4832 -1.1565
v 1.8435 -0.4474 -1.1915
v 1.8435 -0.4474 -1.1565
v 1.8294 -0.4133 -1.1915
v 1.8294 -0.4133 -1.1565
v 1.8101 -0.3819 -1.1915
v 1.8101 -0.3819 -1.1565
v 1.7862 -0.3538 -1.1915
v 1.7862 -0.3538 -1.1565
v 1.7581 -0.3299 -1.1915
v 1.7581 -0.3299 -1.1565
v 1.7267 -0.3106 -1.1915
v 1.7267 -0.3106 -1.1565
v 1.6926 -0.2965 -1.1915
v 1.6926 -0.2965 -1.1565
v 1.6568 -0.2879 -1.1915
v 1.6568 -0.2879 -1.1565
v 1.6200 -0.2850 -1.1915
v 1.6200 -0.2850 -1.1565
v 1.5832 -0.2879 -1.1915
v 1.5832 -0.2879 -1.1565
v 1.5474 -0.2965 -1.1915
v 1.5474 -0.2965 -1.1565
v 1.5133 -0.3106 -1.1915
v 1.5133 -0.3106 -1.1565
v 1.4819 -0.3299 -1.1915
v 1.4819 -0.3299 -1.1565
v 1.4538 -0.3538 -1.1915
v 1.4538 -0.3538 -1.1565
v 1.4299 -0.3819 -1.1915
v 1.4299 -0.3819 -1.1565
v 1.4106 -0.4133 -1.1915
v 1.4106 -0.4133 -1.1565
v 1.3965 -0.4474 -1.1915
v 1.3965 -0.4474 -1.1565
v 1.3879 -0.4832 -1.1915
v 1.3879 -0.4832 -1.1565
v 1.3850 -0.5200 -1.1915
v 1.3850 -0.5200 -1.1565
v 1.3879 -0.5568 -1.1915
v 1.3879 -0.5568 -1.1565
v 1.3965 -0.5926 -1.1915
v 1.3965 -0.5926 -1.1565
v 1.4106 -0.6267 -1.1915
v 1.4106 -0.6267 -1.1565
v 1.4299 -0.6581 -1.1915
v 1.4299 -0.6581 -1.1565
v 1.4538 -0.6862 -1.1915
v 1.4538 -0.6862 -1.1565
v 1.4819 -0.7101 -1.1915
v 1.4819 -0.7101 -1.1565
v 1.5133 -0.7294 -1.1915
v 1.5133 -0.7294 -1.1565
v 1.5474 -0.7435 -1.1915
v 1.5474 -0.7435 -1.1565
v 1.5832 -0.7521 -1.1915
v 1.5832 -0.7521 -1.1565
v 1.6200 -0.7550 -1.1915
v 1.6200 -0.7550 -1.1565
v 1.6568 -0.7521 -1.1915
v 1.6568 -0.7521 -1.1565
v 1.6926 -0.7435 -1.1915
v 1.6926 -0.7435 -1.1565
v 1.7267 -0.7294 -1.1915
v 1.7267 -0.7294 -1.1565
v 1.7581 -0.7101 -1.1915
v 1.7581 -0.7101 -1.1565
v 1.7862 -0.6862 -1.1915
v 1.7862 -0.6862 -1.1565
v 1.8101 -0.6581 -1.1915
v 1.8101 -0.6581 -1.1565
v 1.8294 -0.6267 -1.1915
v 1.8294 -0.6267 -1.1565
v 1.8435 -0.5926 -1.1915
v 1.8435 -0.5926 -1.1565
v 1.8521 -0.5568 -1.1915
v 1.8521 -0.5568 -1.1565
v 1.6200 -0.5200 -1.1915
v 1.6200 -0.5200 -1.1565
v 1.7320 -0.5200 -1.2060
v 1.7320 -0.5200 -1.1660
v 1.7298 -0.4981 -1.2060
v 1.7298 -0.4981 -1.1660
v 1.7235 -0.4771 -1.2060
v 1.7235 -0.4771 -1.1660
v 1.7131 -0.4578 -1.2060
v 1.7131 -0.4578 -1.1660
v 1.6992 -0.4408 -1.2060
v 1.6992 -0.4408 -1.1660
v 1.6822 -0.4269 -1.2060
v 1.6822 -0.4269 -1.1660
v 1.6629 -0.4165 -1.2060
v 1.6629 -0.4165 -1.1660
v 1.6419 -0.4102 -1.2060
v 1.6419 -0.4102 -1.1660
v 1.6200 -0.4080 -1.2060
v 1.6200 -0.4080 -1.1660
v 1.5981 -0.4102 -1.2060
v 1.5981 -0.4102 -1.1660
v 1.5771 -0.4165 -1.2060
v 1.5771 -0.4165 -1.1660
v 1.5578 -0.4269 -1.2060
v 1.5578 -0.4269 -1.1660
v 1.5408 -0.4408 -1.2060
v 1.5408 -0.4408 -1.1660
v 1.5269 -0.4578 -1.2060
v 1.5269 -0.4578 -1.1660
v 1.5165 -0.4771 -1.2060
v 1.5165 -0.4771 -1.1660
v 1.5102 -0.4981 -1.2060
v 1.5102 -0.4981 -1.1660
v 1.5080 -0.5200 -1.2060
v 1.5080 -0.5200 -1.1660
v 1.5102 -0.5419 -1.2060
v 1.5102 -0.5419 -1.1660
v 1.5165 -0.5629 -1.2060
v 1.5165 -0.5629 -1.1660
v 1.5269 -0.5822 -1.2060
v 1.5269 -0.5822 -1.1660
v 1.5408 -0.5992 -1.2060
v 1.5408 -0.5992 -1.1660
v 1.5578 -0.6131 -1.2060
v 1.5578 -0.6131 -1.1660
v 1.5771 -0.6235 -1.2060
v 1.5771 -0.6235 -1.1660
v 1.5981 -0.6298 -1.2060
v 1.5981 -0.6298 -1.1660
v 1.6200 -0.6320 -1.2060
v 1.6200 -0.6320 -1.1660
v 1.6419 -0.6298 -1.2060
v 1.6419 -0.6298 -1.1660
v 1.6629 -0.6235 -1.2060
v 1.6629 -0.6235 -1.1660
v 1.6822 -0.6131 -1.2060
v 1.6822 -0.6131 -1.1660
v 1.6992 -0.5992 -1.2060
v 1.6992 -0.5992 -1.1660
v 1.7131 -0.5822 -1.2060
v 1.7131 -0.5822 -1.1660
v 1.7235 -0.5629 -1.2060
v 1.7235 -0.5629 -1.1660
v 1.7298 -0.5419 -1.2060
v 1.7298 -0.5419 -1.1660
v 1.6200 -0.5200 -1.2060
v 1.6200 -0.5200 -1.1660
v 1.7930 -0.5200 -1.2120
v 1.7930 -0.5200 -1.1840
v 1.7906 -0.5110 -1.2120
v 1.7906 -0.5110 -1.1840
v 1.7840 -0.5044 -1.2120
v 1.7840 -0.5044 -1.1840
v 1.7750 -0.5020 -1.2120
v 1.7750 -0.5020 -1.1840
v 1.7660 -0.5044 -1.2120
v 1.7660 -0.5044 -1.1840
v 1.7594 -0.5110 -1.2120
v 1.7594 -0.5110 -1.1840
v 1.7570 -0.5200 -1.2120
v 1.7570 -0.5200 -1.1840
v 1.7594 -0.5290 -1.2120
v 1.7594 -0.5290 -1.1840
v 1.7660 -0.5356 -1.2120
v 1.7660 -0.5356 -1.1840
v 1.7750 -0.5380 -1.2120
v 1.7750 -0.5380 -1.1840
v 1.7840 -0.5356 -1.2120
v 1.7840 -0.5356 -1.1840
v 1.7906 -0.5290 -1.2120
v 1.7906 -0.5290 -1.1840
v 1.7750 -0.5200 -1.2120
v 1.7750 -0.5200 -1.1840
v 1.7634 -0.4289 -1.2120
v 1.7634 -0.4289 -1.1840
v 1.7610 -0.4199 -1.2120
v 1.7610 -0.4199 -1.1840
v 1.7544 -0.4133 -1.2120
v 1.7544 -0.4133 -1.1840
v 1.7454 -0.4109 -1.2120
v 1.7454 -0.4109 -1.1840
v 1.7364 -0.4133 -1.2120
v 1.7364 -0.4133 -1.1840
v 1.7298 -0.4199 -1.2120
v 1.7298 -0.4199 -1.1840
v 1.7274 -0.4289 -1.2120
v 1.7274 -0.4289 -1.1840
v 1.7298 -0.4379 -1.2120
v 1.7298 -0.4379 -1.1840
v 1.7364 -0.4445 -1.2120
v 1.7364 -0.4445 -1.1840
v 1.7454 -0.4469 -1.2120
v 1.7454 -0.4469 -1.1840
v 1.7544 -0.4445 -1.2120
v 1.7544 -0.4445 -1.1840
v 1.7610 -0.4379 -1.2120
v 1.7610 -0.4379 -1.1840
v 1.7454 -0.4289 -1.2120
v 1.7454 -0.4289 -1.1840
v 1.6859 -0.3726 -1.2120
v 1.6859 -0.3726 -1.1840
v 1.6835 -0.3636 -1.2120
v 1.6835 -0.3636 -1.1840
v 1.6769 -0.3570 -1.2120
v 1.6769 -0.3570 -1.1840
v 1.6679 -0.3546 -1.2120
v 1.6679 -0.3546 -1.1840
v 1.6589 -0.3570 -1.2120
v 1.6589 -0.3570 -1.1840
v 1.6523 -0.3636 -1.2120
v 1.6523 -0.3636 -1.1840
v 1.6499 -0.3726 -1.2120
v 1.6499 -0.3726 -1.1840
v 1.6523 -0.3816 -1.2120
v 1.6523 -0.3816 -1.1840
v 1.6589 -0.3882 -1.2120
v 1.6589 -0.3882 -1.1840
v 1.6679 -0.3906 -1.2120
v 1.6679 -0.3906 -1.1840
v 1.6769 -0.3882 -1.2120
v 1.6769 -0.3882 -1.1840
v 1.6835 -0.3816 -1.2120
v 1.6835 -0.3816 -1.1840
v 1.6679 -0.3726 -1.2120
v 1.6679 -0.3726 -1.1840
v 1.5901 -0.3726 -1.2120
v 1.5901 -0.3726 -1.1840
v 1.5877 -0.3636 -1.2120
v 1.5877 -0.3636 -1.1840
v 1.5811 -0.3570 -1.2120
v 1.5811 -0.3570 -1.1840
v 1.5721 -0.3546 -1.2120
v 1.5721 -0.3546 -1.1840
v 1.5631 -0.3570 -1.2120
v 1.5631 -0.3570 -1.1840
v 1.5565 -0.3636 -1.2120
v 1.5565 -0.3636 -1.1840
v 1.5541 -0.3726 -1.2120
v 1.5541 -0.3726 -1.1840
v 1.5565 -0.3816 -1.2120
v 1.5565 -0.3816 -1.1840
v 1.5631 -0.3882 -1.2120
v 1.5631 -0.3882 -1.1840
v 1.5721 -0.3906 -1.2120
v 1.5721 -0.3906 -1.1840
v 1.5811 -0.3882 -1.2120
v 1.5811 -0.3882 -1.1840
v 1.5877 -0.3816 -1.2120
v 1.5877 -0.3816 -1.1840
v 1.5721 -0.3726 -1.2120
v 1.5721 -0.3726 -1.1840
v 1.5126 -0.4289 -1.2120
v 1.5126 -0.4289 -1.1840
v 1.5102 -0.4199 -1.2120
v 1.5102 -0.4199 -1.1840
v 1.5036 -0.4133 -1.2120
v 1.5036 -0.4133 -1.1840
v 1.4946 -0.4109 -1.2120
v 1.4946 -0.4109 -1.1840
v 1.4856 -0.4133 -1.2120
v 1.4856 -0.4133 -1.1840
v 1.4790 -0.4199 -1.2120
v 1.4790 -0.4199 -1.1840
v 1.4766 -0.4289 -1.2120
v 1.4766 -0.4289 -1.1840
v 1.4790 -0.4379 -1.2120
v 1.4790 -0.4379 -1.1840
v 1.4856 -0.4445 -1.2120
v 1.4856 -0.4445 -1.1840
v 1.4946 -0.4469 -1.2120
v 1.4946 -0.4469 -1.1840
v 1.5036 -0.4445 -1.2120
v 1.5036 -0.4445 -1.1840
v 1.5102 -0.4379 -1.2120
v 1.5102 -0.4379 -1.1840
v 1.4946 -0.4289 -1.2120
v 1.4946 -0.4289 -1.1840
v 1.4830 -0.5200 -1.2120
v 1.4830 -0.5200 -1.1840
v 1.4806 -0.5110 -1.2120
v 1.4806 -0.5110 -1.1840
v 1.4740 -0.5044 -1.2120
v 1.4740 -0.5044 -1.1840
v 1.4650 -0.5020 -1.2120
v 1.4650 -0.5020 -1.1840
v 1.4560 -0.5044 -1.2120
v 1.4560 -0.5044 -1.1840
v 1.4494 -0.5110 -1.2120
v 1.4494 -0.5110 -1.1840
v 1.4470 -0.5200 -1.2120
v 1.4470 -0.5200 -1.1840
v 1.4494 -0.5290 -1.2120
v 1.4494 -0.5290 -1.1840
v 1.4560 -0.5356 -1.2120
v 1.4560 -0.5356 -1.1840
v 1.4650 -0.5380 -1.2120
v 1.4650 -0.5380 -1.1840
v 1.4740 -0.5356 -1.2120
v 1.4740 -0.5356 -1.1840
v 1.4806 -0.5290 -1.2120
v 1.4806 -0.5290 -1.1840
v 1.4650 -0.5200 -1.2120
v 1.4650 -0.5200 -1.1840
v 1.5126 -0.6111 -1.2120
v 1.5126 -0.6111 -1.1840
v 1.5102 -0.6021 -1.2120
v 1.5102 -0.6021 -1.1840
v 1.5036 -0.5955 -1.2120
v 1.5036 -0.5955 -1.1840
v 1.4946 -0.5931 -1.2120
v 1.4946 -0.5931 -1.1840
v 1.4856 -0.5955 -1.2120
v 1.4856 -0.5955 -1.1840
v 1.4790 -0.6021 -1.2120
v 1.4790 -0.6021 -1.1840
v 1.4766 -0.6111 -1.2120
v 1.4766 -0.6111 -1.1840
v 1.4790 -0.6201 -1.2120
v 1.4790 -0.6201 -1.1840
v 1.4856 -0.6267 -1.2120
v 1.4856 -0.6267 -1.1840
v 1.4946 -0.6291 -1.2120
v 1.4946 -0.6291 -1.1840
v 1.5036 -0.6267 -1.2120
v 1.5036 -0.6267 -1.1840
v 1.5102 -0.6201 -1.2120
v 1.5102 -0.6201 -1.1840
v 1.4946 -0.6111 -1.2120
v 1.4946 -0.6111 -1.1840
v 1.5901 -0.6674 -1.2120
v 1.5901 -0.6674 -1.1840
v 1.5877 -0.6584 -1.2120
v 1.5877 -0.6584 -1.1840
v 1.5811 -0.6518 -1.2120
v 1.5811 -0.6518 -1.1840
v 1.5721 -0.6494 -1.2120
v 1.5721 -0.6494 -1.1840
v 1.5631 -0.6518 -1.2120
v 1.5631 -0.6518 -1.1840
v 1.5565 -0.6584 -1.2120
v 1.5565 -0.6584 -1.1840
v 1.5541 -0.6674 -1.2120
v 1.5541 -0.6674 -1.1840
v 1.5565 -0.6764 -1.2120
v 1.5565 -0.6764 -1.1840
v 1.5631 -0.6830 -1.2120
v 1.5631 -0.6830 -1.1840
v 1.5721 -0.6854 -1.2120
v 1.5721 -0.6854 -1.1840
v 1.5811 -0.6830 -1.2120
v 1.5811 -0.6830 -1.1840
v 1.5877 -0.6764 -1.2120
v 1.5877 -0.6764 -1.1840
v 1.5721 -0.6674 -1.2120
v 1.5721 -0.6674 -1.1840
v 1.6859 -0.6674 -1.2120
v 1.6859 -0.6674 -1.1840
v 1.6835 -0.6584 -1.2120
v 1.6835 -0.6584 -1.1840
v 1.6769 -0.6518 -1.2120
v 1.6769 -0.6518 -1.1840
v 1.6679 -0.6494 -1.2120
v 1.6679 -0.6494 -1.1840
v 1.6589 -0.6518 -1.2120
v 1.6589 -0.6518 -1.1840
v 1.6523 -0.6584 -1.2120
v 1.6523 -0.6584 -1.1840
v 1.6499 -0.6674 -1.2120
v 1.6499 -0.6674 -1.1840
v 1.6523 -0.6764 -1.2120
v 1.6523 -0.6764 -1.1840
v 1.6589 -0.6830 -1.2120
v 1.6589 -0.6830 -1.1840
v 1.6679 -0.6854 -1.2120
v 1.6679 -0.6854 -1.1840
v 1.6769 -0.6830 -1.2120
v 1.6769 -0.6830 -1.1840
v 1.6835 -0.6764 -1.2120
v 1.6835 -0.6764 -1.1840
v 1.6679 -0.6674 -1.2120
v 1.6679 -0.6674 -1.1840
v 1.7634 -0.6111 -1.2120
v 1.7634 -0.6111 -1.1840
v 1.7610 -0.6021 -1.2120
v 1.7610 -0.6021 -1.1840
v 1.7544 -0.5955 -1.2120
v 1.7544 -0.5955 -1.1840
v 1.7454 -0.5931 -1.2120
v 1.7454 -0.5931 -1.1840
v 1.7364 -0.5955 -1.2120
v 1.7364 -0.5955 -1.1840
v 1.7298 -0.6021 -1.2120
v 1.7298 -0.6021 -1.1840
v 1.7274 -0.6111 -1.2120
v 1.7274 -0.6111 -1.1840
v 1.7298 -0.6201 -1.2120
v 1.7298 -0.6201 -1.1840
v 1.7364 -0.6267 -1.2120
v 1.7364 -0.6267 -1.1840
v 1.7454 -0.6291 -1.2120
v 1.7454 -0.6291 -1.1840
v 1.7544 -0.6267 -1.2120
v 1.7544 -0.6267 -1.1840
v 1.7610 -0.6201 -1.2120
v 1.7610 -0.6201 -1.1840
v 1.7454 -0.6111 -1.2120
v 1.7454 -0.6111 -1.1840
v 2.0250 -0.5600 -1.1500
v 2.1150 -0.5600 -1.1500
v 2.1150 -0.4800 -1.1500
v 2.0250 -0.4800 -1.1500
v 2.0250 -0.5600 -0.8100
v 2.1150 -0.5600 -0.8100
v 2.1150 -0.4800 -0.8100
v 2.0250 -0.4800 -0.8100
v 2.0237 -0.4689 -1.1500
v 2.1115 -0.4488 -1.1500
v 2.0937 -0.3709 -1.1500
v 2.0059 -0.3909 -1.1500
v 2.0237 -0.4689 -0.8100
v 2.1115 -0.4488 -0.8100
v 2.0937 -0.3709 -0.8100
v 2.0059 -0.3909 -0.8100
v 2.0022 -0.3803 -1.1500
v 2.0833 -0.3413 -1.1500
v 2.0486 -0.2692 -1.1500
v 1.9675 -0.3082 -1.1500
v 2.0022 -0.3803 -0.8100
v 2.0833 -0.3413 -0.8100
v 2.0486 -0.2692 -0.8100
v 1.9675 -0.3082 -0.8100
v 1.9616 -0.2988 -1.1500
v 2.0319 -0.2426 -1.1500
v 1.9821 -0.1801 -1.1500
v 1.9117 -0.2362 -1.1500
v 1.9616 -0.2988 -0.8100
v 2.0319 -0.2426 -0.8100
v 1.9821 -0.1801 -0.8100
v 1.9117 -0.2362 -0.8100
v 1.9038 -0.2283 -1.1500
v 1.9599 -0.1579 -1.1500
v 1.8974 -0.1081 -1.1500
v 1.8412 -0.1784 -1.1500
v 1.9038 -0.2283 -0.8100
v 1.9599 -0.1579 -0.8100
v 1.8974 -0.1081 -0.8100
v 1.8412 -0.1784 -0.8100
v 1.8318 -0.1725 -1.1500
v 1.8708 -0.0914 -1.1500
v 1.7987 -0.0567 -1.1500
v 1.7597 -0.1378 -1.1500
v 1.8318 -0.1725 -0.8100
v 1.8708 -0.0914 -0.8100
v 1.7987 -0.0567 -0.8100
v 1.7597 -0.1378 -0.8100
v 1.7491 -0.1341 -1.1500
v 1.7691 -0.0463 -1.1500
v 1.6912 -0.0285 -1.1500
v 1.6711 -0.1163 -1.1500
v 1.7491 -0.1341 -0.8100
v 1.7691 -0.0463 -0.8100
v 1.6912 -0.0285 -0.8100
v 1.6711 -0.1163 -0.8100
v 1.6600 -0.1150 -1.1500
v 1.6600 -0.0250 -1.1500
v 1.5800 -0.0250 -1.1500
v 1.5800 -0.1150 -1.1500
v 1.6600 -0.1150 -0.8100
v 1.6600 -0.0250 -0.8100
v 1.5800 -0.0250 -0.8100
v 1.5800 -0.1150 -0.8100
v 1.5689 -0.1163 -1.1500
v 1.5488 -0.0285 -1.1500
v 1.4709 -0.0463 -1.1500
v 1.4909 -0.1341 -1.1500
v 1.5689 -0.1163 -0.8100
v 1.5488 -0.0285 -0.8100
v 1.4709 -0.0463 -0.8100
v 1.4909 -0.1341 -0.8100
v 1.4803 -0.1378 -1.1500
v 1.4413 -0.0567 -1.1500
v 1.3692 -0.0914 -1.1500
v 1.4082 -0.1725 -1.1500
v 1.4803 -0.1378 -0.8100
v 1.4413 -0.0567 -0.8100
v 1.3692 -0.0914 -0.8100
v 1.4082 -0.1725 -0.8100
v 1.3988 -0.1784 -1.1500
v 1.3426 -0.1081 -1.1500
v 1.2801 -0.1579 -1.1500
v 1.3362 -0.2283 -1.1500
v 1.3988 -0.1784 -0.8100
v 1.3426 -0.1081 -0.8100
v 1.2801 -0.1579 -0.8100
v 1.3362 -0.2283 -0.8100
v 1.3283 -0.2362 -1.1500
v 1.2579 -0.1801 -1.1500
v 1.2081 -0.2426 -1.1500
v 1.2784 -0.2988 -1.1500
v 1.3283 -0.2362 -0.8100
v 1.2579 -0.1801 -0.8100
v 1.2081 -0.2426 -0.8100
v 1.2784 -0.2988 -0.8100
v 1.2725 -0.3082 -1.1500
v 1.1914 -0.2692 -1.1500
v 1.1567 -0.3413 -1.1500
v 1.2378 -0.3803 -1.1500
v 1.2725 -0.3082 -0.8100
v 1.1914 -0.2692 -0.8100
v 1.1567 -0.3413 -0.8100
v 1.2378 -0.3803 -0.8100
v 1.2341 -0.3909 -1.1500
v 1.1463 -0.3709 -1.1500
v 1.1285 -0.4488 -1.1500
v 1.2163 -0.4689 -1.1500
v 1.2341 -0.3909 -0.8100
v 1.1463 -0.3709 -0.8100
v 1.1285 -0.4488 -0.8100
v 1.2163 -0.4689 -0.8100
v 1.2150 -0.4800 -1.1500
v 1.1250 -0.4800 -1.1500
v 1.1250 -0.5600 -1.1500
v 1.2150 -0.5600 -1.1500
v 1.2150 -0.4800 -0.8100
v 1.1250 -0.4800 -0.8100
v 1.1250 -0.5600 -0.8100
v 1.2150 -0.5600 -0.8100
v 1.2163 -0.5711 -1.1500
v 1.1285 -0.5912 -1.1500
v 1.1463 -0.6691 -1.1500
v 1.2341 -0.6491 -1.1500
v 1.2163 -0.5711 -0.8100
v 1.1285 -0.5912 -0.8100
v 1.1463 -0.6691 -0.8100
v 1.2341 -0.6491 -0.8100
v 1.2378 -0.6597 -1.1500
v 1.1567 -0.6987 -1.1500
v 1.1914 -0.7708 -1.1500
v 1.2725 -0.7318 -1.1500
v 1.2378 -0.6597 -0.8100
v 1.1567 -0.6987 -0.8100
v 1.1914 -0.7708 -0.8100
v 1.2725 -0.7318 -0.8100
v 1.2784 -0.7412 -1.1500
v 1.2081 -0.7974 -1.1500
v 1.2579 -0.8599 -1.1500
v 1.3283 -0.8038 -1.1500
v 1.2784 -0.7412 -0.8100
v 1.2081 -0.7974 -0.8100
v 1.2579 -0.8599 -0.8100
v 1.3283 -0.8038 -0.8100
v 1.3362 -0.8117 -1.1500
v 1.2801 -0.8821 -1.1500
v 1.3426 -0.9319 -1.1500
v 1.3988 -0.8616 -1.1500
v 1.3362 -0.8117 -0.8100
v 1.2801 -0.8821 -0.8100
v 1.3426 -0.9319 -0.8100
v 1.3988 -0.8616 -0.8100
v 1.4082 -0.8675 -1.1500
v 1.3692 -0.9486 -1.1500
v 1.4413 -0.9833 -1.1500
v 1.4803 -0.9022 -1.1500
v 1.4082 -0.8675 -0.8100
v 1.3692 -0.9486 -0.8100
v 1.4413 -0.9833 -0.8100
v 1.4803 -0.9022 -0.8100
v 1.4909 -0.9059 -1.1500
v 1.4709 -0.9937 -1.1500
v 1.5488 -1.0115 -1.1500
v 1.5689 -0.9237 -1.1500
v 1.4909 -0.9059 -0.8100
v 1.4709 -0.9937 -0.8100
v 1.5488 -1.0115 -0.8100
v 1.5689 -0.9237 -0.8100
v 1.5800 -0.9250 -1.1500
v 1.5800 -1.0150 -1.1500
v 1.6600 -1.0150 -1.1500
v 1.6600 -0.9250 -1.1500
v 1.5800 -0.9250 -0.8100
v 1.5800 -1.0150 -0.8100
v 1.6600 -1.0150 -0.8100
v 1.6600 -0.9250 -0.8100
v 1.6711 -0.9237 -1.1500
v 1.6912 -1.0115 -1.1500
v 1.7691 -0.9937 -1.1500
v 1.7491 -0.9059 -1.1500
v 1.6711 -0.9237 -0.8100
v 1.6912 -1.0115 -0.8100
v 1.7691 -0.9937 -0.8100
v 1.7491 -0.9059 -0.8100
v 1.7597 -0.9022 -1.1500
v 1.7987 -0.9833 -1.1500
v 1.8708 -0.9486 -1.1500
v 1.8318 -0.8675 -1.1500
v 1.7597 -0.9022 -0.8100
v 1.7987 -0.9833 -0.8100
v 1.8708 -0.9486 -0.8100
v 1.8318 -0.8675 -0.8100
v 1.8412 -0.8616 -1.1500
v 1.8974 -0.9319 -1.1500
v 1.9599 -0.8821 -1.1500
v 1.9038 -0.8117 -1.1500
v 1.8412 -0.8616 -0.8100
v 1.8974 -0.9319 -0.8100
v 1.9599 -0.8821 -0.8100
v 1.9038 -0.8117 -0.8100
v 1.9117 -0.8038 -1.1500
v 1.9821 -0.8599 -1.1500
v 2.0319 -0.7974 -1.1500
v 1.9616 -0.7412 -1.1500
v 1.9117 -0.8038 -0.8100
v 1.9821 -0.8599 -0.8100
v 2.0319 -0.7974 -0.8100
v 1.9616 -0.7412 -0.8100
v 1.9675 -0.7318 -1.1500
v 2.0486 -0.7708 -1.1500
v 2.0833 -0.6987 -1.1500
v 2.0022 -0.6597 -1.1500
v 1.9675 -0.7318 -0.8100
v 2.0486 -0.7708 -0.8100
v 2.0833 -0.6987 -0.8100
v 2.0022 -0.6597 -0.8100
v 2.0059 -0.6491 -1.1500
v 2.0937 -0.6691 -1.1500
v 2.1115 -0.5912 -1.1500
v 2.0237 -0.5711 -1.1500
v 2.0059 -0.6491 -0.8100
v 2.0937 -0.6691 -0.8100
v 2.1115 -0.5912 -0.8100
v 2.0237 -0.5711 -0.8100
v 2.0500 -0.5200 0.8100
v 2.0500 -0.5200 1.1500
v 2.0473 -0.4719 0.8100
v 2.0473 -0.4719 1.1500
v 2.0392 -0.4243 0.8100
v 2.0392 -0.4243 1.1500
v 2.0259 -0.3780 0.8100
v 2.0259 -0.3780 1.1500
v 2.0074 -0.3334 0.8100
v 2.0074 -0.3334 1.1500
v 1.9841 -0.2912 0.8100
v 1.9841 -0.2912 1.1500
v 1.9562 -0.2519 0.8100
v 1.9562 -0.2519 1.1500
v 1.9241 -0.2159 0.8100
v 1.9241 -0.2159 1.1500
v 1.8881 -0.1838 0.8100
v 1.8881 -0.1838 1.1500
v 1.8488 -0.1559 0.8100
v 1.8488 -0.1559 1.1500
v 1.8066 -0.1326 0.8100
v 1.8066 -0.1326 1.1500
v 1.7620 -0.1141 0.8100
v 1.7620 -0.1141 1.1500
v 1.7157 -0.1008 0.8100
v 1.7157 -0.1008 1.1500
v 1.6681 -0.0927 0.8100
v 1.6681 -0.0927 1.1500
v 1.6200 -0.0900 0.8100
v 1.6200 -0.0900 1.1500
v 1.5719 -0.0927 0.8100
v 1.5719 -0.0927 1.1500
v 1.5243 -0.1008 0.8100
v 1.5243 -0.1008 1.1500
v 1.4780 -0.1141 0.8100
v 1.4780 -0.1141 1.1500
v 1.4334 -0.1326 0.8100
v 1.4334 -0.1326 1.1500
v 1.3912 -0.1559 0.8100
v 1.3912 -0.1559 1.1500
v 1.3519 -0.1838 0.8100
v 1.3519 -0.1838 1.1500
v 1.3159 -0.2159 0.8100
v 1.3159 -0.2159 1.1500
v 1.2838 -0.2519 0.8100
v 1.2838 -0.2519 1.1500
v 1.2559 -0.2912 0.8100
v 1.2559 -0.2912 1.1500
v 1.2326 -0.3334 0.8100
v 1.2326 -0.3334 1.1500
v 1.2141 -0.3780 0.8100
v 1.2141 -0.3780 1.1500
v 1.2008 -0.4243 0.8100
v 1.2008 -0.4243 1.1500
v 1.1927 -0.4719 0.8100
v 1.1927 -0.4719 1.1500
v 1.1900 -0.5200 0.8100
v 1.1900 -0.5200 1.1500
v 1.1927 -0.5681 0.8100
v 1.1927 -0.5681 1.1500
v 1.2008 -0.6157 0.8100
v 1.2008 -0.6157 1.1500
v 1.2141 -0.6620 0.8100
v 1.2141 -0.6620 1.1500
v 1.2326 -0.7066 0.8100
v 1.2326 -0.7066 1.1500
v 1.2559 -0.7488 0.8100
v 1.2559 -0.7488 1.1500
v 1.2838 -0.7881 0.8100
v 1.2838 -0.7881 1.1500
v 1.3159 -0.8241 0.8100
v 1.3159 -0.8241 1.1500
v 1.3519 -0.8562 0.8100
v 1.3519 -0.8562 1.1500
v 1.3912 -0.8841 0.8100
v 1.3912 -0.8841 1.1500
v 1.4334 -0.9074 0.8100
v 1.4334 -0.9074 1.1500
v 1.4780 -0.9259 0.8100
v 1.4780 -0.9259 1.1500
v 1.5243 -0.9392 0.8100
v 1.5243 -0.9392 1.1500
v 1.5719 -0.9473 0.8100
v 1.5719 -0.9473 1.1500
v 1.6200 -0.9500 0.8100
v 1.6200 -0.9500 1.1500
v 1.6681 -0.9473 0.8100
v 1.6681 -0.9473 1.1500
v 1.7157 -0.9392 0.8100
v 1.7157 -0.9392 1.1500
v 1.7620 -0.9259 0.8100
v 1.7620 -0.9259 1.1500
v 1.8066 -0.9074 0.8100
v 1.8066 -0.9074 1.1500
v 1.8488 -0.8841 0.8100
v 1.8488 -0.8841 1.1500
v 1.8881 -0.8562 0.8100
v 1.8881 -0.8562 1.1500
v 1.9241 -0.8241 0.8100
v 1.9241 -0.8241 1.1500
v 1.9562 -0.7881 0.8100
v 1.9562 -0.7881 1.1500
v 1.9841 -0.7488 0.8100
v 1.9841 -0.7488 1.1500
v 2.0074 -0.7066 0.8100
v 2.0074 -0.7066 1.1500
v 2.0259 -0.6620 0.8100
v 2.0259 -0.6620 1.1500
v 2.0392 -0.6157 0.8100
v 2.0392 -0.6157 1.1500
v 2.0473 -0.5681 0.8100
v 2.0473 -0.5681 1.1500
v 1.6200 -0.5200 0.8100
v 1.6200 -0.5200 1.1500
v 2.0550 -0.5200 1.1500
v 2.0550 -0.5200 1.1740
v 2.0523 -0.4713 1.1500
v 2.0523 -0.4713 1.1740
v 2.0441 -0.4232 1.1500
v 2.0441 -0.4232 1.1740
v 2.0306 -0.3763 1.1500
v 2.0306 -0.3763 1.1740
v 2.0119 -0.3313 1.1500
v 2.0119 -0.3313 1.1740
v 1.9883 -0.2886 1.1500
v 1.9883 -0.2886 1.1740
v 1.9601 -0.2488 1.1500
v 1.9601 -0.2488 1.1740
v 1.9276 -0.2124 1.1500
v 1.9276 -0.2124 1.1740
v 1.8912 -0.1799 1.1500
v 1.8912 -0.1799 1.1740
v 1.8514 -0.1517 1.1500
v 1.8514 -0.1517 1.1740
v 1.8087 -0.1281 1.1500
v 1.8087 -0.1281 1.1740
v 1.7637 -0.1094 1.1500
v 1.7637 -0.1094 1.1740
v 1.7168 -0.0959 1.1500
v 1.7168 -0.0959 1.1740
v 1.6687 -0.0877 1.1500
v 1.6687 -0.0877 1.1740
v 1.6200 -0.0850 1.1500
v 1.6200 -0.0850 1.1740
v 1.5713 -0.0877 1.1500
v 1.5713 -0.0877 1.1740
v 1.5232 -0.0959 1.1500
v 1.5232 -0.0959 1.1740
v 1.4763 -0.1094 1.1500
v 1.4763 -0.1094 1.1740
v 1.4313 -0.1281 1.1500
v 1.4313 -0.1281 1.1740
v 1.3886 -0.1517 1.1500
v 1.3886 -0.1517 1.1740
v 1.3488 -0.1799 1.1500
v 1.3488 -0.1799 1.1740
v 1.3124 -0.2124 1.1500
v 1.3124 -0.2124 1.1740
v 1.2799 -0.2488 1.1500
v 1.2799 -0.2488 1.1740
v 1.2517 -0.2886 1.1500
v 1.2517 -0.2886 1.1740
v 1.2281 -0.3313 1.1500
v 1.2281 -0.3313 1.1740
v 1.2094 -0.3763 1.1500
v 1.2094 -0.3763 1.1740
v 1.1959 -0.4232 1.1500
v 1.1959 -0.4232 1.1740
v 1.1877 -0.4713 1.1500
v 1.1877 -0.4713 1.1740
v 1.1850 -0.5200 1.1500
v 1.1850 -0.5200 1.1740
v 1.1877 -0.5687 1.1500
v 1.1877 -0.5687 1.1740
v 1.1959 -0.6168 1.1500
v 1.1959 -0.6168 1.1740
v 1.2094 -0.6637 1.1500
v 1.2094 -0.6637 1.1740
v 1.2281 -0.7087 1.1500
v 1.2281 -0.7087 1.1740
v 1.2517 -0.7514 1.1500
v 1.2517 -0.7514 1.1740
v 1.2799 -0.7912 1.1500
v 1.2799 -0.7912 1.1740
v 1.3124 -0.8276 1.1500
v 1.3124 -0.8276 1.1740
v 1.3488 -0.8601 1.1500
v 1.3488 -0.8601 1.1740
v 1.3886 -0.8883 1.1500
v 1.3886 -0.8883 1.1740
v 1.4313 -0.9119 1.1500
v 1.4313 -0.9119 1.1740
v 1.4763 -0.9306 1.1500
v 1.4763 -0.9306 1.1740
v 1.5232 -0.9441 1.1500
v 1.5232 -0.9441 1.1740
v 1.5713 -0.9523 1.1500
v 1.5713 -0.9523 1.1740
v 1.6200 -0.9550 1.1500
v 1.6200 -0.9550 1.1740
v 1.6687 -0.9523 1.1500
v 1.6687 -0.9523 1.1740
v 1.7168 -0.9441 1.1500
v 1.7168 -0.9441 1.1740
v 1.7637 -0.9306 1.1500
v 1.7637 -0.9306 1.1740
v 1.8087 -0.9119 1.1500
v 1.8087 -0.9119 1.1740
v 1.8514 -0.8883 1.1500
v 1.8514 -0.8883 1.1740
v 1.8912 -0.8601 1.1500
v 1.8912 -0.8601 1.1740
v 1.9276 -0.8276 1.1500
v 1.9276 -0.8276 1.1740
v 1.9601 -0.7912 1.1500
v 1.9601 -0.7912 1.1740
v 1.9883 -0.7514 1.1500
v 1.9883 -0.7514 1.1740
v 2.0119 -0.7087 1.1500
v 2.0119 -0.7087 1.1740
v 2.0306 -0.6637 1.1500
v 2.0306 -0.6637 1.1740
v 2.0441 -0.6168 1.1500
v 2.0441 -0.6168 1.1740
v 2.0523 -0.5687 1.1500
v 2.0523 -0.5687 1.1740
v 1.6200 -0.5200 1.1500
v 1.6200 -0.5200 1.1740
v 1.8550 -0.5200 1.1565
v 1.8550 -0.5200 1.1915
v 1.8521 -0.4832 1.1565
v 1.8521 -0.4832 1.1915
v 1.8435 -0.4474 1.1565
v 1.8435 -0.4474 1.1915
v 1.8294 -0.4133 1.1565
v 1.8294 -0.4133 1.1915
v 1.8101 -0.3819 1.1565
v 1.8101 -0.3819 1.1915
v 1.7862 -0.3538 1.1565
v 1.7862 -0.3538 1.1915
v 1.7581 -0.3299 1.1565
v 1.7581 -0.3299 1.1915
v 1.7267 -0.3106 1.1565
v 1.7267 -0.3106 1.1915
v 1.6926 -0.2965 1.1565
v 1.6926 -0.2965 1.1915
v 1.6568 -0.2879 1.1565
v 1.6568 -0.2879 1.1915
v 1.6200 -0.2850 1.1565
v 1.6200 -0.2850 1.1915
v 1.5832 -0.2879 1.1565
v 1.5832 -0.2879 1.1915
v 1.5474 -0.2965 1.1565
v 1.5474 -0.2965 1.1915
v 1.5133 -0.3106 1.1565
v 1.5133 -0.3106 1.1915
v 1.4819 -0.3299 1.1565
v 1.4819 -0.3299 1.1915
v 1.4538 -0.3538 1.1565
v 1.4538 -0.3538 1.1915
v 1.4299 -0.3819 1.1565
v 1.4299 -0.3819 1.1915
v 1.4106 -0.4133 1.1565
v 1.4106 -0.4133 1.1915
v 1.3965 -0.4474 1.1565
v 1.3965 -0.4474 1.1915
v 1.3879 -0.4832 1.1565
v 1.3879 -0.4832 1.1915
v 1.3850 -0.5200 1.1565
v 1.3850 -0.5200 1.1915
v 1.3879 -0.5568 1.1565
v 1.3879 -0.5568 1.1915
v 1.3965 -0.5926 1.1565
v 1.3965 -0.5926 1.1915
v 1.4106 -0.6267 1.1565
v 1.4106 -0.6267 1.1915
v 1.4299 -0.6581 1.1565
v 1.4299 -0.6581 1.1915
v 1.4538 -0.6862 1.1565
v 1.4538 -0.6862 1.1915
v 1.4819 -0.7101 1.1565
v 1.4819 -0.7101 1.1915
v 1.5133 -0.7294 1.1565
v 1.5133 -0.7294 1.1915
v 1.5474 -0.7435 1.1565
v 1.5474 -0.7435 1.1915
v 1.5832 -0.7521 1.1565
v 1.5832 -0.7521 1.1915
v 1.6200 -0.7550 1.1565
v 1.6200 -0.7550 1.1915
v 1.6568 -0.7521 1.1565
v 1.6568 -0.7521 1.1915
v 1.6926 -0.7435 1.1565
v 1.6926 -0.7435 1.1915
v 1.7267 -0.7294 1.1565
v 1.7267 -0.7294 1.1915
v 1.7581 -0.7101 1.1565
v 1.7581 -0.7101 1.1915
v 1.7862 -0.6862 1.1565
v 1.7862 -0.6862 1.1915
v 1.8101 -0.6581 1.1565
v 1.8101 -0.6581 1.1915
v 1.8294 -0.6267 1.1565
v 1.8294 -0.6267 1.1915
v 1.8435 -0.5926 1.1565
v 1.8435 -0.5926 1.1915
v 1.8521 -0.5568 1.1565
v 1.8521 -0.5568 1.1915
v 1.6200 -0.5200 1.1565
v 1.6200 -0.5200 1.1915
v 1.7320 -0.5200 1.1660
v 1.7320 -0.5200 1.2060
v 1.7298 -0.4981 1.1660
v 1.7298 -0.4981 1.2060
v 1.7235 -0.4771 1.1660
v 1.7235 -0.4771 1.2060
v 1.7131 -0.4578 1.1660
v 1.7131 -0.4578 1.2060
v 1.6992 -0.4408 1.1660
v 1.6992 -0.4408 1.2060
v 1.6822 -0.4269 1.1660
v 1.6822 -0.4269 1.2060
v 1.6629 -0.4165 1.1660
v 1.6629 -0.4165 1.2060
v 1.6419 -0.4102 1.1660
v 1.6419 -0.4102 1.2060
v 1.6200 -0.4080 1.1660
v 1.6200 -0.4080 1.2060
v 1.5981 -0.4102 1.1660
v 1.5981 -0.4102 1.2060
v 1.5771 -0.4165 1.1660
v 1.5771 -0.4165 1.2060
v 1.5578 -0.4269 1.1660
v 1.5578 -0.4269 1.2060
v 1.5408 -0.4408 1.1660
v 1.5408 -0.4408 1.2060
v 1.5269 -0.4578 1.1660
v 1.5269 -0.4578 1.2060
v 1.5165 -0.4771 1.1660
v 1.5165 -0.4771 1.2060
v 1.5102 -0.4981 1.1660
v 1.5102 -0.4981 1.2060
v 1.5080 -0.5200 1.1660
v 1.5080 -0.5200 1.2060
v 1.5102 -0.5419 1.1660
v 1.5102 -0.5419 1.2060
v 1.5165 -0.5629 1.1660
v 1.5165 -0.5629 1.2060
v 1.5269 -0.5822 1.1660
v 1.5269 -0.5822 1.2060
v 1.5408 -0.5992 1.1660
v 1.5408 -0.5992 1.2060
v 1.5578 -0.6131 1.1660
v 1.5578 -0.6131 1.2060
v 1.5771 -0.6235 1.1660
v 1.5771 -0.6235 1.2060
v 1.5981 -0.6298 1.1660
v 1.5981 -0.6298 1.2060
v 1.6200 -0.6320 1.1660
v 1.6200 -0.6320 1.2060
v 1.6419 -0.6298 1.1660
v 1.6419 -0.6298 1.2060
v 1.6629 -0.6235 1.1660
v 1.6629 -0.6235 1.2060
v 1.6822 -0.6131 1.1660
v 1.6822 -0.6131 1.2060
v 1.6992 -0.5992 1.1660
v 1.6992 -0.5992 1.2060
v 1.7131 -0.5822 1.1660
v 1.7131 -0.5822 1.2060
v 1.7235 -0.5629 1.1660
v 1.7235 -0.5629 1.2060
v 1.7298 -0.5419 1.1660
v 1.7298 -0.5419 1.2060
v 1.6200 -0.5200 1.1660
v 1.6200 -0.5200 1.2060
v 1.7930 -0.5200 1.1840
v 1.7930 -0.5200 1.2120
v 1.7906 -0.5110 1.1840
v 1.7906 -0.5110 1.2120
v 1.7840 -0.5044 1.1840
v 1.7840 -0.5044 1.2120
v 1.7750 -0.5020 1.1840
v 1.7750 -0.5020 1.2120
v 1.7660 -0.5044 1.1840
v 1.7660 -0.5044 1.2120
v 1.7594 -0.5110 1.1840
v 1.7594 -0.5110 1.2120
v 1.7570 -0.5200 1.1840
v 1.7570 -0.5200 1.2120
v 1.7594 -0.5290 1.1840
v 1.7594 -0.5290 1.2120
v 1.7660 -0.5356 1.1840
v 1.7660 -0.5356 1.2120
v 1.7750 -0.5380 1.1840
v 1.7750 -0.5380 1.2120
v 1.7840 -0.5356 1.1840
v 1.7840 -0.5356 1.2120
v 1.7906 -0.5290 1.1840
v 1.7906 -0.5290 1.2120
v 1.7750 -0.5200 1.1840
v 1.7750 -0.5200 1.2120
v 1.7634 -0.4289 1.1840
v 1.7634 -0.4289 1.2120
v 1.7610 -0.4199 1.1840
v 1.7610 -0.4199 1.2120
v 1.7544 -0.4133 1.1840
v 1.7544 -0.4133 1.2120
v 1.7454 -0.4109 1.1840
v 1.7454 -0.4109 1.2120
v 1.7364 -0.4133 1.1840
v 1.7364 -0.4133 1.2120
v 1.7298 -0.4199 1.1840
v 1.7298 -0.4199 1.2120
v 1.7274 -0.4289 1.1840
v 1.7274 -0.4289 1.2120
v 1.7298 -0.4379 1.1840
v 1.7298 -0.4379 1.2120
v 1.7364 -0.4445 1.1840
v 1.7364 -0.4445 1.2120
v 1.7454 -0.4469 1.1840
v 1.7454 -0.4469 1.2120
v 1.7544 -0.4445 1.1840
v 1.7544 -0.4445 1.2120
v 1.7610 -0.4379 1.1840
v 1.7610 -0.4379 1.2120
v 1.7454 -0.4289 1.1840
v 1.7454 -0.4289 1.2120
v 1.6859 -0.3726 1.1840
v 1.6859 -0.3726 1.2120
v 1.6835 -0.3636 1.1840
v 1.6835 -0.3636 1.2120
v 1.6769 -0.3570 1.1840
v 1.6769 -0.3570 1.2120
v 1.6679 -0.3546 1.1840
v 1.6679 -0.3546 1.2120
v 1.6589 -0.3570 1.1840
v 1.6589 -0.3570 1.2120
v 1.6523 -0.3636 1.1840
v 1.6523 -0.3636 1.2120
v 1.6499 -0.3726 1.1840
v 1.6499 -0.3726 1.2120
v 1.6523 -0.3816 1.1840
v 1.6523 -0.3816 1.2120
v 1.6589 -0.3882 1.1840
v 1.6589 -0.3882 1.2120
v 1.6679 -0.3906 1.1840
v 1.6679 -0.3906 1.2120
v 1.6769 -0.3882 1.1840
v 1.6769 -0.3882 1.2120
v 1.6835 -0.3816 1.1840
v 1.6835 -0.3816 1.2120
v 1.6679 -0.3726 1.1840
v 1.6679 -0.3726 1.2120
v 1.5901 -0.3726 1.1840
v 1.5901 -0.3726 1.2120
v 1.5877 -0.3636 1.1840
v 1.5877 -0.3636 1.2120
v 1.5811 -0.3570 1.1840
v 1.5811 -0.3570 1.2120
v 1.5721 -0.3546 1.1840
v 1.5721 -0.3546 1.2120
v 1.5631 -0.3570 1.1840
v 1.5631 -0.3570 1.2120
v 1.5565 -0.3636 1.1840
v 1.5565 -0.3636 1.2120
v 1.5541 -0.3726 1.1840
v 1.5541 -0.3726 1.2120
v 1.5565 -0.3816 1.1840
v 1.5565 -0.3816 1.2120
v 1.5631 -0.3882 1.1840
v 1.5631 -0.3882 1.2120
v 1.5721 -0.3906 1.1840
v 1.5721 -0.3906 1.2120
v 1.5811 -0.3882 1.1840
v 1.5811 -0.3882 1.2120
v 1.5877 -0.3816 1.1840
v 1.5877 -0.3816 1.2120
v 1.5721 -0.3726 1.1840
v 1.5721 -0.3726 1.2120
v 1.5126 -0.4289 1.1840
v 1.5126 -0.4289 1.2120
v 1.5102 -0.4199 1.1840
v 1.5102 -0.4199 1.2120
v 1.5036 -0.4133 1.1840
v 1.5036 -0.4133 1.2120
v 1.4946 -0.4109 1.1840
v 1.4946 -0.4109 1.2120
v 1.4856 -0.4133 1.1840
v 1.4856 -0.4133 1.2120
v 1.4790 -0.4199 1.1840
v 1.4790 -0.4199 1.2120
v 1.4766 -0.4289 1.1840
v 1.4766 -0.4289 1.2120
v 1.4790 -0.4379 1.1840
v 1.4790 -0.4379 1.2120
v 1.4856 -0.4445 1.1840
v 1.4856 -0.4445 1.2120
v 1.4946 -0.4469 1.1840
v 1.4946 -0.4469 1.2120
v 1.5036 -0.4445 1.1840
v 1.5036 -0.4445 1.2120
v 1.5102 -0.4379 1.1840
v 1.5102 -0.4379 1.2120
v 1.4946 -0.4289 1.1840
v 1.4946 -0.4289 1.2120
v 1.4830 -0.5200 1.1840
v 1.4830 -0.5200 1.2120
v 1.4806 -0.5110 1.1840
v 1.4806 -0.5110 1.2120
v 1.4740 -0.5044 1.1840
v 1.4740 -0.5044 1.2120
v 1.4650 -0.5020 1.1840
v 1.4650 -0.5020 1.2120
v 1.4560 -0.5044 1.1840
v 1.4560 -0.5044 1.2120
v 1.4494 -0.5110 1.1840
v 1.4494 -0.5110 1.2120
v 1.4470 -0.5200 1.1840
v 1.4470 -0.5200 1.2120
v 1.4494 -0.5290 1.1840
v 1.4494 -0.5290 1.2120
v 1.4560 -0.5356 1.1840
v 1.4560 -0.5356 1.2120
v 1.4650 -0.5380 1.1840
v 1.4650 -0.5380 1.2120
v 1.4740 -0.5356 1.1840
v 1.4740 -0.5356 1.2120
v 1.4806 -0.5290 1.1840
v 1.4806 -0.5290 1.2120
v 1.4650 -0.5200 1.1840
v 1.4650 -0.5200 1.2120
v 1.5126 -0.6111 1.1840
v 1.5126 -0.6111 1.2120
v 1.5102 -0.6021 1.1840
v 1.5102 -0.6021 1.2120
v 1.5036 -0.5955 1.1840
v 1.5036 -0.5955 1.2120
v 1.4946 -0.5931 1.1840
v 1.4946 -0.5931 1.2120
v 1.4856 -0.5955 1.1840
v 1.4856 -0.5955 1.2120
v 1.4790 -0.6021 1.1840
v 1.4790 -0.6021 1.2120
v 1.4766 -0.6111 1.1840
v 1.4766 -0.6111 1.2120
v 1.4790 -0.6201 1.1840
v 1.4790 -0.6201 1.2120
v 1.4856 -0.6267 1.1840
v 1.4856 -0.6267 1.2120
v 1.4946 -0.6291 1.1840
v 1.4946 -0.6291 1.2120
v 1.5036 -0.6267 1.1840
v 1.5036 -0.6267 1.2120
v 1.5102 -0.6201 1.1840
v 1.5102 -0.6201 1.2120
v 1.4946 -0.6111 1.1840
v 1.4946 -0.6111 1.2120
v 1.5901 -0.6674 1.1840
v 1.5901 -0.6674 1.2120
v 1.5877 -0.6584 1.1840
v 1.5877 -0.6584 1.2120
v 1.5811 -0.6518 1.1840
v 1.5811 -0.6518 1.2120
v 1.5721 -0.6494 1.1840
v 1.5721 -0.6494 1.2120
v 1.5631 -0.6518 1.1840
v 1.5631 -0.6518 1.2120
v 1.5565 -0.6584 1.1840
v 1.5565 -0.6584 1.2120
v 1.5541 -0.6674 1.1840
v 1.5541 -0.6674 1.2120
v 1.5565 -0.6764 1.1840
v 1.5565 -0.6764 1.2120
v 1.5631 -0.6830 1.1840
v 1.5631 -0.6830 1.2120
v 1.5721 -0.6854 1.1840
v 1.5721 -0.6854 1.2120
v 1.5811 -0.6830 1.1840
v 1.5811 -0.6830 1.2120
v 1.5877 -0.6764 1.1840
v 1.5877 -0.6764 1.2120
v 1.5721 -0.6674 1.1840
v 1.5721 -0.6674 1.2120
v 1.6859 -0.6674 1.1840
v 1.6859 -0.6674 1.2120
v 1.6835 -0.6584 1.1840
v 1.6835 -0.6584 1.2120
v 1.6769 -0.6518 1.1840
v 1.6769 -0.6518 1.2120
v 1.6679 -0.6494 1.1840
v 1.6679 -0.6494 1.2120
v 1.6589 -0.6518 1.1840
v 1.6589 -0.6518 1.2120
v 1.6523 -0.6584 1.1840
v 1.6523 -0.6584 1.2120
v 1.6499 -0.6674 1.1840
v 1.6499 -0.6674 1.2120
v 1.6523 -0.6764 1.1840
v 1.6523 -0.6764 1.2120
v 1.6589 -0.6830 1.1840
v 1.6589 -0.6830 1.2120
v 1.6679 -0.6854 1.1840
v 1.6679 -0.6854 1.2120
v 1.6769 -0.6830 1.1840
v 1.6769 -0.6830 1.2120
v 1.6835 -0.6764 1.1840
v 1.6835 -0.6764 1.2120
v 1.6679 -0.6674 1.1840
v 1.6679 -0.6674 1.2120
v 1.7634 -0.6111 1.1840
v 1.7634 -0.6111 1.2120
v 1.7610 -0.6021 1.1840
v 1.7610 -0.6021 1.2120
v 1.7544 -0.5955 1.1840
v 1.7544 -0.5955 1.2120
v 1.7454 -0.5931 1.1840
v 1.7454 -0.5931 1.2120
v 1.7364 -0.5955 1.1840
v 1.7364 -0.5955 1.2120
v 1.7298 -0.6021 1.1840
v 1.7298 -0.6021 1.2120
v 1.7274 -0.6111 1.1840
v 1.7274 -0.6111 1.2120
v 1.7298 -0.6201 1.1840
v 1.7298 -0.6201 1.2120
v 1.7364 -0.6267 1.1840
v 1.7364 -0.6267 1.2120
v 1.7454 -0.6291 1.1840
v 1.7454 -0.6291 1.2120
v 1.7544 -0.6267 1.1840
v 1.7544 -0.6267 1.2120
v 1.7610 -0.6201 1.1840
v 1.7610 -0.6201 1.2120
v 1.7454 -0.6111 1.1840
v 1.7454 -0.6111 1.2120
v 2.0250 -0.5600 0.8100
v 2.1150 -0.5600 0.8100
v 2.1150 -0.4800 0.8100
v 2.0250 -0.4800 0.8100
v 2.0250 -0.5600 1.1500
v 2.1150 -0.5600 1.1500
v 2.1150 -0.4800 1.1500
v 2.0250 -0.4800 1.1500
v 2.0237 -0.4689 0.8100
v 2.1115 -0.4488 0.8100
v 2.0937 -0.3709 0.8100
v 2.0059 -0.3909 0.8100
v 2.0237 -0.4689 1.1500
v 2.1115 -0.4488 1.1500
v 2.0937 -0.3709 1.1500
v 2.0059 -0.3909 1.1500
v 2.0022 -0.3803 0.8100
v 2.0833 -0.3413 0.8100
v 2.0486 -0.2692 0.8100
v 1.9675 -0.3082 0.8100
v 2.0022 -0.3803 1.1500
v 2.0833 -0.3413 1.1500
v 2.0486 -0.2692 1.1500
v 1.9675 -0.3082 1.1500
v 1.9616 -0.2988 0.8100
v 2.0319 -0.2426 0.8100
v 1.9821 -0.1801 0.8100
v 1.9117 -0.2362 0.8100
v 1.9616 -0.2988 1.1500
v 2.0319 -0.2426 1.1500
v 1.9821 -0.1801 1.1500
v 1.9117 -0.2362 1.1500
v 1.9038 -0.2283 0.8100
v 1.9599 -0.1579 0.8100
v 1.8974 -0.1081 0.8100
v 1.8412 -0.1784 0.8100
v 1.9038 -0.2283 1.1500
v 1.9599 -0.1579 1.1500
v 1.8974 -0.1081 1.1500
v 1.8412 -0.1784 1.1500
v 1.8318 -0.1725 0.8100
v 1.8708 -0.0914 0.8100
v 1.7987 -0.0567 0.8100
v 1.7597 -0.1378 0.8100
v 1.8318 -0.1725 1.1500
v 1.8708 -0.0914 1.1500
v 1.7987 -0.0567 1.1500
v 1.7597 -0.1378 1.1500
v 1.7491 -0.1341 0.8100
v 1.7691 -0.0463 0.8100
v 1.6912 -0.0285 0.8100
v 1.6711 -0.1163 0.8100
v 1.7491 -0.1341 1.1500
v 1.7691 -0.0463 1.1500
v 1.6912 -0.0285 1.1500
v 1.6711 -0.1163 1.1500
v 1.6600 -0.1150 0.8100
v 1.6600 -0.0250 0.8100
v 1.5800 -0.0250 0.8100
v 1.5800 -0.1150 0.8100
v 1.6600 -0.1150 1.1500
v 1.6600 -0.0250 1.1500
v 1.5800 -0.0250 1.1500
v 1.5800 -0.1150 1.1500
v 1.5689 -0.1163 0.8100
v 1.5488 -0.0285 0.8100
v 1.4709 -0.0463 0.8100
v 1.4909 -0.1341 0.8100
v 1.5689 -0.1163 1.1500
v 1.5488 -0.0285 1.1500
v 1.4709 -0.0463 1.1500
v 1.4909 -0.1341 1.1500
v 1.4803 -0.1378 0.8100
v 1.4413 -0.0567 0.8100
v 1.3692 -0.0914 0.8100
v 1.4082 -0.1725 0.8100
v 1.4803 -0.1378 1.1500
v 1.4413 -0.0567 1.1500
v 1.3692 -0.0914 1.1500
v 1.4082 -0.1725 1.1500
v 1.3988 -0.1784 0.8100
v 1.3426 -0.1081 0.8100
v 1.2801 -0.1579 0.8100
v 1.3362 -0.2283 0.8100
v 1.3988 -0.1784 1.1500
v 1.3426 -0.1081 1.1500
v 1.2801 -0.1579 1.1500
v 1.3362 -0.2283 1.1500
v 1.3283 -0.2362 0.8100
v 1.2579 -0.1801 0.8100
v 1.2081 -0.2426 0.8100
v 1.2784 -0.2988 0.8100
v 1.3283 -0.2362 1.1500
v 1.2579 -0.1801 1.1500
v 1.2081 -0.2426 1.1500
v 1.2784 -0.2988 1.1500
v 1.2725 -0.3082 0.8100
v 1.1914 -0.2692 0.8100
v 1.1567 -0.3413 0.8100
v 1.2378 -0.3803 0.8100
v 1.2725 -0.3082 1.1500
v 1.1914 -0.2692 1.1500
v 1.1567 -0.3413 1.1500
v 1.2378 -0.3803 1.1500
v 1.2341 -0.3909 0.8100
v 1.1463 -0.3709 0.8100
v 1.1285 -0.4488 0.8100
v 1.2163 -0.4689 0.8100
v 1.2341 -0.3909 1.1500
v 1.1463 -0.3709 1.1500
v 1.1285 -0.4488 1.1500
v 1.2163 -0.4689 1.1500
v 1.2150 -0.4800 0.8100
v 1.1250 -0.4800 0.8100
v 1.1250 -0.5600 0.8100
v 1.2150 -0.5600 0.8100
v 1.2150 -0.4800 1.1500
v 1.1250 -0.4800 1.1500
v 1.1250 -0.5600 1.1500
v 1.2150 -0.5600 1.1500
v 1.2163 -0.5711 0.8100
v 1.1285 -0.5912 0.8100
v 1.1463 -0.6691 0.8100
v 1.2341 -0.6491 0.8100
v 1.2163 -0.5711 1.1500
v 1.1285 -0.5912 1.1500
v 1.1463 -0.6691 1.1500
v 1.2341 -0.6491 1.1500
v 1.2378 -0.6597 0.8100
v 1.1567 -0.6987 0.8100
v 1.1914 -0.7708 0.8100
v 1.2725 -0.7318 0.8100
v 1.2378 -0.6597 1.1500
v 1.1567 -0.6987 1.1500
v 1.1914 -0.7708 1.1500
v 1.2725 -0.7318 1.1500
v 1.2784 -0.7412 0.8100
v 1.2081 -0.7974 0.8100
v 1.2579 -0.8599 0.8100
v 1.3283 -0.8038 0.8100
v 1.2784 -0.7412 1.1500
v 1.2081 -0.7974 1.1500
v 1.2579 -0.8599 1.1500
v 1.3283 -0.8038 1.1500
v 1.3362 -0.8117 0.8100
v 1.2801 -0.8821 0.8100
v 1.3426 -0.9319 0.8100
v 1.3988 -0.8616 0.8100
v 1.3362 -0.8117 1.1500
v 1.2801 -0.8821 1.1500
v 1.3426 -0.9319 1.1500
v 1.3988 -0.8616 1.1500
v 1.4082 -0.8675 0.8100
v 1.3692 -0.9486 0.8100
v 1.4413 -0.9833 0.8100
v 1.4803 -0.9022 0.8100
v 1.4082 -0.8675 1.1500
v 1.3692 -0.9486 1.1500
v 1.4413 -0.9833 1.1500
v 1.4803 -0.9022 1.1500
v 1.4909 -0.9059 0.8100
v 1.4709 -0.9937 0.8100
v 1.5488 -1.0115 0.8100
v 1.5689 -0.9237 0.8100
v 1.4909 -0.9059 1.1500
v 1.4709 -0.9937 1.1500
v 1.5488 -1.0115 1.1500
v 1.5689 -0.9237 1.1500
v 1.5800 -0.9250 0.8100
v 1.5800 -1.0150 0.8100
v 1.6600 -1.0150 0.8100
v 1.6600 -0.9250 0.8100
v 1.5800 -0.9250 1.1500
v 1.5800 -1.0150 1.1500
v 1.6600 -1.0150 1.1500
v 1.6600 -0.9250 1.1500
v 1.6711 -0.9237 0.8100
v 1.6912 -1.0115 0.8100
v 1.7691 -0.9937 0.8100
v 1.7491 -0.9059 0.8100
v 1.6711 -0.9237 1.1500
v 1.6912 -1.0115 1.1500
v 1.7691 -0.9937 1.1500
v 1.7491 -0.9059 1.1500
v 1.7597 -0.9022 0.8100
v 1.7987 -0.9833 0.8100
v 1.8708 -0.9486 0.8100
v 1.8318 -0.8675 0.8100
v 1.7597 -0.9022 1.1500
v 1.7987 -0.9833 1.1500
v 1.8708 -0.9486 1.1500
v 1.8318 -0.8675 1.1500
v 1.8412 -0.8616 0.8100
v 1.8974 -0.9319 0.8100
v 1.9599 -0.8821 0.8100
v 1.9038 -0.8117 0.8100
v 1.8412 -0.8616 1.1500
v 1.8974 -0.9319 1.1500
v 1.9599 -0.8821 1.1500
v 1.9038 -0.8117 1.1500
v 1.9117 -0.8038 0.8100
v 1.9821 -0.8599 0.8100
v 2.0319 -0.7974 0.8100
v 1.9616 -0.7412 0.8100
v 1.9117 -0.8038 1.1500
v 1.9821 -0.8599 1.1500
v 2.0319 -0.7974 1.1500
v 1.9616 -0.7412 1.1500
v 1.9675 -0.7318 0.8100
v 2.0486 -0.7708 0.8100
v 2.0833 -0.6987 0.8100
v 2.0022 -0.6597 0.8100
v 1.9675 -0.7318 1.1500
v 2.0486 -0.7708 1.1500
v 2.0833 -0.6987 1.1500
v 2.0022 -0.6597 1.1500
v 2.0059 -0.6491 0.8100
v 2.0937 -0.6691 0.8100
v 2.1115 -0.5912 0.8100
v 2.0237 -0.5711 0.8100
v 2.0059 -0.6491 1.1500
v 2.0937 -0.6691 1.1500
v 2.1115 -0.5912 1.1500
v 2.0237 -0.5711 1.1500
v 3.0100 -0.5200 -1.1500
v 3.0100 -0.5200 -0.8100
v 3.0073 -0.4719 -1.1500
v 3.0073 -0.4719 -0.8100
v 2.9992 -0.4243 -1.1500
v 2.9992 -0.4243 -0.8100
v 2.9859 -0.3780 -1.1500
v 2.9859 -0.3780 -0.8100
v 2.9674 -0.3334 -1.1500
v 2.9674 -0.3334 -0.8100
v 2.9441 -0.2912 -1.1500
v 2.9441 -0.2912 -0.8100
v 2.9162 -0.2519 -1.1500
v 2.9162 -0.2519 -0.8100
v 2.8841 -0.2159 -1.1500
v 2.8841 -0.2159 -0.8100
v 2.8481 -0.1838 -1.1500
v 2.8481 -0.1838 -0.8100
v 2.8088 -0.1559 -1.1500
v 2.8088 -0.1559 -0.8100
v 2.7666 -0.1326 -1.1500
v 2.7666 -0.1326 -0.8100
v 2.7220 -0.1141 -1.1500
v 2.7220 -0.1141 -0.8100
v 2.6757 -0.1008 -1.1500
v 2.6757 -0.1008 -0.8100
v 2.6281 -0.0927 -1.1500
v 2.6281 -0.0927 -0.8100
v 2.5800 -0.0900 -1.1500
v 2.5800 -0.0900 -0.8100
v 2.5319 -0.0927 -1.1500
v 2.5319 -0.0927 -0.8100
v 2.4843 -0.1008 -1.1500
v 2.4843 -0.1008 -0.8100
v 2.4380 -0.1141 -1.1500
v 2.4380 -0.1141 -0.8100
v 2.3934 -0.1326 -1.1500
v 2.3934 -0.1326 -0.8100
v 2.3512 -0.1559 -1.1500
v 2.3512 -0.1559 -0.8100
v 2.3119 -0.1838 -1.1500
v 2.3119 -0.1838 -0.8100
v 2.2759 -0.2159 -1.1500
v 2.2759 -0.2159 -0.8100
v 2.2438 -0.2519 -1.1500
v 2.2438 -0.2519 -0.8100
v 2.2159 -0.2912 -1.1500
v 2.2159 -0.2912 -0.8100
v 2.1926 -0.3334 -1.1500
v 2.1926 -0.3334 -0.8100
v 2.1741 -0.3780 -1.1500
v 2.1741 -0.3780 -0.8100
v 2.1608 -0.4243 -1.1500
v 2.1608 -0.4243 -0.8100
v 2.1527 -0.4719 -1.1500
v 2.1527 -0.4719 -0.8100
v 2.1500 -0.5200 -1.1500
v 2.1500 -0.5200 -0.8100
v 2.1527 -0.5681 -1.1500
v 2.1527 -0.5681 -0.8100
v 2.1608 -0.6157 -1.1500
v 2.1608 -0.6157 -0.8100
v 2.1741 -0.6620 -1.1500
v 2.1741 -0.6620 -0.8100
v 2.1926 -0.7066 -1.1500
v 2.1926 -0.7066 -0.8100
v 2.2159 -0.7488 -1.1500
v 2.2159 -0.7488 -0.8100
v 2.2438 -0.7881 -1.1500
v 2.2438 -0.7881 -0.8100
v 2.2759 -0.8241 -1.1500
v 2.2759 -0.8241 -0.8100
v 2.3119 -0.8562 -1.1500
v 2.3119 -0.8562 -0.8100
v 2.3512 -0.8841 -1.1500
v 2.3512 -0.8841 -0.8100
v 2.3934 -0.9074 -1.1500
v 2.3934 -0.9074 -0.8100
v 2.4380 -0.9259 -1.1500
v 2.4380 -0.9259 -0.8100
v 2.4843 -0.9392 -1.1500
v 2.4843 -0.9392 -0.8100
v 2.5319 -0.9473 -1.1500
v 2.5319 -0.9473 -0.8100
v 2.5800 -0.9500 -1.1500
v 2.5800 -0.9500 -0.8100
v 2.6281 -0.9473 -1.1500
v 2.6281 -0.9473 -0.8100
v 2.6757 -0.9392 -1.1500
v 2.6757 -0.9392 -0.8100
v 2.7220 -0.9259 -1.1500
v 2.7220 -0.9259 -0.8100
v 2.7666 -0.9074 -1.1500
v 2.7666 -0.9074 -0.8100
v 2.8088 -0.8841 -1.1500
v 2.8088 -0.8841 -0.8100
v 2.8481 -0.8562 -1.1500
v 2.8481 -0.8562 -0.8100
v 2.8841 -0.8241 -1.1500
v 2.8841 -0.8241 -0.8100
v 2.9162 -0.7881 -1.1500
v 2.9162 -0.7881 -0.8100
v 2.9441 -0.7488 -1.1500
v 2.9441 -0.7488 -0.8100
v 2.9674 -0.7066 -1.1500
v 2.9674 -0.7066 -0.8100
v 2.9859 -0.6620 -1.1500
v 2.9859 -0.6620 -0.8100
v 2.9992 -0.6157 -1.1500
v 2.9992 -0.6157 -0.8100
v 3.0073 -0.5681 -1.1500
v 3.0073 -0.5681 -0.8100
v 2.5800 -0.5200 -1.1500
v 2.5800 -0.5200 -0.8100
v 3.0150 -0.5200 -1.1740
v 3.0150 -0.5200 -1.1500
v 3.0123 -0.4713 -1.1740
v 3.0123 -0.4713 -1.1500
v 3.0041 -0.4232 -1.1740
v 3.0041 -0.4232 -1.1500
v 2.9906 -0.3763 -1.1740
v 2.9906 -0.3763 -1.1500
v 2.9719 -0.3313 -1.1740
v 2.9719 -0.3313 -1.1500
v 2.9483 -0.2886 -1.1740
v 2.9483 -0.2886 -1.1500
v 2.9201 -0.2488 -1.1740
v 2.9201 -0.2488 -1.1500
v 2.8876 -0.2124 -1.1740
v 2.8876 -0.2124 -1.1500
v 2.8512 -0.1799 -1.1740
v 2.8512 -0.1799 -1.1500
v 2.8114 -0.1517 -1.1740
v 2.8114 -0.1517 -1.1500
v 2.7687 -0.1281 -1.1740
v 2.7687 -0.1281 -1.1500
v 2.7237 -0.1094 -1.1740
v 2.7237 -0.1094 -1.1500
v 2.6768 -0.0959 -1.1740
v 2.6768 -0.0959 -1.1500
v 2.6287 -0.0877 -1.1740
v 2.6287 -0.0877 -1.1500
v 2.5800 -0.0850 -1.1740
v 2.5800 -0.0850 -1.1500
v 2.5313 -0.0877 -1.1740
v 2.5313 -0.0877 -1.1500
v 2.4832 -0.0959 -1.1740
v 2.4832 -0.0959 -1.1500
v 2.4363 -0.1094 -1.1740
v 2.4363 -0.1094 -1.1500
v 2.3913 -0.1281 -1.1740
v 2.3913 -0.1281 -1.1500
v 2.3486 -0.1517 -1.1740
v 2.3486 -0.1517 -1.1500
v 2.3088 -0.1799 -1.1740
v 2.3088 -0.1799 -1.1500
v 2.2724 -0.2124 -1.1740
v 2.2724 -0.2124 -1.1500
v 2.2399 -0.2488 -1.1740
v 2.2399 -0.2488 -1.1500
v 2.2117 -0.2886 -1.1740
v 2.2117 -0.2886 -1.1500
v 2.1881 -0.3313 -1.1740
v 2.1881 -0.3313 -1.1500
v 2.1694 -0.3763 -1.1740
v 2.1694 -0.3763 -1.1500
v 2.1559 -0.4232 -1.1740
v 2.1559 -0.4232 -1.1500
v 2.1477 -0.4713 -1.1740
v 2.1477 -0.4713 -1.1500
v 2.1450 -0.5200 -1.1740
v 2.1450 -0.5200 -1.1500
v 2.1477 -0.5687 -1.1740
v 2.1477 -0.5687 -1.1500
v 2.1559 -0.6168 -1.1740
v 2.1559 -0.6168 -1.1500
v 2.1694 -0.6637 -1.1740
v 2.1694 -0.6637 -1.1500
v 2.1881 -0.7087 -1.1740
v 2.1881 -0.7087 -1.1500
v 2.2117 -0.7514 -1.1740
v 2.2117 -0.7514 -1.1500
v 2.2399 -0.7912 -1.1740
v 2.2399 -0.7912 -1.1500
v 2.2724 -0.8276 -1.1740
v 2.2724 -0.8276 -1.1500
v 2.3088 -0.8601 -1.1740
v 2.3088 -0.8601 -1.1500
v 2.3486 -0.8883 -1.1740
v 2.3486 -0.8883 -1.1500
v 2.3913 -0.9119 -1.1740
v 2.3913 -0.9119 -1.1500
v 2.4363 -0.9306 -1.1740
v 2.4363 -0.9306 -1.1500
v 2.4832 -0.9441 -1.1740
v 2.4832 -0.9441 -1.1500
v 2.5313 -0.9523 -1.1740
v 2.5313 -0.9523 -1.1500
v 2.5800 -0.9550 -1.1740
v 2.5800 -0.9550 -1.1500
v 2.6287 -0.9523 -1.1740
v 2.6287 -0.9523 -1.1500
v 2.6768 -0.9441 -1.1740
v 2.6768 -0.9441 -1.1500
v 2.7237 -0.9306 -1.1740
v 2.7237 -0.9306 -1.1500
v 2.7687 -0.9119 -1.1740
v 2.7687 -0.9119 -1.1500
v 2.8114 -0.8883 -1.1740
v 2.8114 -0.8883 -1.1500
v 2.8512 -0.8601 -1.1740
v 2.8512 -0.8601 -1.1500
v 2.8876 -0.8276 -1.1740
v 2.8876 -0.8276 -1.1500
v 2.9201 -0.7912 -1.1740
v 2.9201 -0.7912 -1.1500
v 2.9483 -0.7514 -1.1740
v 2.9483 -0.7514 -1.1500
v 2.9719 -0.7087 -1.1740
v 2.9719 -0.7087 -1.1500
v 2.9906 -0.6637 -1.1740
v 2.9906 -0.6637 -1.1500
v 3.0041 -0.6168 -1.1740
v 3.0041 -0.6168 -1.1500
v 3.0123 -0.5687 -1.1740
v 3.0123 -0.5687 -1.1500
v 2.5800 -0.5200 -1.1740
v 2.5800 -0.5200 -1.1500
v 2.8150 -0.5200 -1.1915
v 2.8150 -0.5200 -1.1565
v 2.8121 -0.4832 -1.1915
v 2.8121 -0.4832 -1.1565
v 2.8035 -0.4474 -1.1915
v 2.8035 -0.4474 -1.1565
v 2.7894 -0.4133 -1.1915
v 2.7894 -0.4133 -1.1565
v 2.7701 -0.3819 -1.1915
v 2.7701 -0.3819 -1.1565
v 2.7462 -0.3538 -1.1915
v 2.7462 -0.3538 -1.1565
v 2.7181 -0.3299 -1.1915
v 2.7181 -0.3299 -1.1565
v 2.6867 -0.3106 -1.1915
v 2.6867 -0.3106 -1.1565
v 2.6526 -0.2965 -1.1915
v 2.6526 -0.2965 -1.1565
v 2.6168 -0.2879 -1.1915
v 2.6168 -0.2879 -1.1565
v 2.5800 -0.2850 -1.1915
v 2.5800 -0.2850 -1.1565
v 2.5432 -0.2879 -1.1915
v 2.5432 -0.2879 -1.1565
v 2.5074 -0.2965 -1.1915
v 2.5074 -0.2965 -1.1565
v 2.4733 -0.3106 -1.1915
v 2.4733 -0.3106 -1.1565
v 2.4419 -0.3299 -1.1915
v 2.4419 -0.3299 -1.1565
v 2.4138 -0.3538 -1.1915
v 2.4138 -0.3538 -1.1565
v 2.3899 -0.3819 -1.1915
v 2.3899 -0.3819 -1.1565
v 2.3706 -0.4133 -1.1915
v 2.3706 -0.4133 -1.1565
v 2.3565 -0.4474 -1.1915
v 2.3565 -0.4474 -1.1565
v 2.3479 -0.4832 -1.1915
v 2.3479 -0.4832 -1.1565
v 2.3450 -0.5200 -1.1915
v 2.3450 -0.5200 -1.1565
v 2.3479 -0.5568 -1.1915
v 2.3479 -0.5568 -1.1565
v 2.3565 -0.5926 -1.1915
v 2.3565 -0.5926 -1.1565
v 2.3706 -0.6267 -1.1915
v 2.3706 -0.6267 -1.1565
v 2.3899 -0.6581 -1.1915
v 2.3899 -0.6581 -1.1565
v 2.4138 -0.6862 -1.1915
v 2.4138 -0.6862 -1.1565
v 2.4419 -0.7101 -1.1915
v 2.4419 -0.7101 -1.1565
v 2.4733 -0.7294 -1.1915
v 2.4733 -0.7294 -1.1565
v 2.5074 -0.7435 -1.1915
v 2.5074 -0.7435 -1.1565
v 2.5432 -0.7521 -1.1915
v 2.5432 -0.7521 -1.1565
v 2.5800 -0.7550 -1.1915
v 2.5800 -0.7550 -1.1565
v 2.6168 -0.7521 -1.1915
v 2.6168 -0.7521 -1.1565
v 2.6526 -0.7435 -1.1915
v 2.6526 -0.7435 -1.1565
v 2.6867 -0.7294 -1.1915
v 2.6867 -0.7294 -1.1565
v 2.7181 -0.7101 -1.1915
v 2.7181 -0.7101 -1.1565
v 2.7462 -0.6862 -1.1915
v 2.7462 -0.6862 -1.1565
v 2.7701 -0.6581 -1.1915
v 2.7701 -0.6581 -1.1565
v 2.7894 -0.6267 -1.1915
v 2.7894 -0.6267 -1.1565
v 2.8035 -0.5926 -1.1915
v 2.8035 -0.5926 -1.1565
v 2.8121 -0.5568 -1.1915
v 2.8121 -0.5568 -1.1565
v 2.5800 -0.5200 -1.1915
v 2.5800 -0.5200 -1.1565
v 2.6920 -0.5200 -1.2060
v 2.6920 -0.5200 -1.1660
v 2.6898 -0.4981 -1.2060
v 2.6898 -0.4981 -1.1660
v 2.6835 -0.4771 -1.2060
v 2.6835 -0.4771 -1.1660
v 2.6731 -0.4578 -1.2060
v 2.6731 -0.4578 -1.1660
v 2.6592 -0.4408 -1.2060
v 2.6592 -0.4408 -1.1660
v 2.6422 -0.4269 -1.2060
v 2.6422 -0.4269 -1.1660
v 2.6229 -0.4165 -1.2060
v 2.6229 -0.4165 -1.1660
v 2.6019 -0.4102 -1.2060
v 2.6019 -0.4102 -1.1660
v 2.5800 -0.4080 -1.2060
v 2.5800 -0.4080 -1.1660
v 2.5581 -0.4102 -1.2060
v 2.5581 -0.4102 -1.1660
v 2.5371 -0.4165 -1.2060
v 2.5371 -0.4165 -1.1660
v 2.5178 -0.4269 -1.2060
v 2.5178 -0.4269 -1.1660
v 2.5008 -0.4408 -1.2060
v 2.5008 -0.4408 -1.1660
v 2.4869 -0.4578 -1.2060
v 2.4869 -0.4578 -1.1660
v 2.4765 -0.4771 -1.2060
v 2.4765 -0.4771 -1.1660
v 2.4702 -0.4981 -1.2060
v 2.4702 -0.4981 -1.1660
v 2.4680 -0.5200 -1.2060
v 2.4680 -0.5200 -1.1660
v 2.4702 -0.5419 -1.2060
v 2.4702 -0.5419 -1.1660
v 2.4765 -0.5629 -1.2060
v 2.4765 -0.5629 -1.1660
v 2.4869 -0.5822 -1.2060
v 2.4869 -0.5822 -1.1660
v 2.5008 -0.5992 -1.2060
v 2.5008 -0.5992 -1.1660
v 2.5178 -0.6131 -1.2060
v 2.5178 -0.6131 -1.1660
v 2.5371 -0.6235 -1.2060
v 2.5371 -0.6235 -1.1660
v 2.5581 -0.6298 -1.2060
v 2.5581 -0.6298 -1.1660
v 2.5800 -0.6320 -1.2060
v 2.5800 -0.6320 -1.1660
v 2.6019 -0.6298 -1.2060
v 2.6019 -0.6298 -1.1660
v 2.6229 -0.6235 -1.2060
v 2.6229 -0.6235 -1.1660
v 2.6422 -0.6131 -1.2060
v 2.6422 -0.6131 -1.1660
v 2.6592 -0.5992 -1.2060
v 2.6592 -0.5992 -1.1660
v 2.6731 -0.5822 -1.2060
v 2.6731 -0.5822 -1.1660
v 2.6835 -0.5629 -1.2060
v 2.6835 -0.5629 -1.1660
v 2.6898 -0.5419 -1.2060
v 2.6898 -0.5419 -1.1660
v 2.5800 -0.5200 -1.2060
v 2.5800 -0.5200 -1.1660
v 2.7530 -0.5200 -1.2120
v 2.7530 -0.5200 -1.1840
v 2.7506 -0.5110 -1.2120
v 2.7506 -0.5110 -1.1840
v 2.7440 -0.5044 -1.2120
v 2.7440 -0.5044 -1.1840
v 2.7350 -0.5020 -1.2120
v 2.7350 -0.5020 -1.1840
v 2.7260 -0.5044 -1.2120
v 2.7260 -0.5044 -1.1840
v 2.7194 -0.5110 -1.2120
v 2.7194 -0.5110 -1.1840
v 2.7170 -0.5200 -1.2120
v 2.7170 -0.5200 -1.1840
v 2.7194 -0.5290 -1.2120
v 2.7194 -0.5290 -1.1840
v 2.7260 -0.5356 -1.2120
v 2.7260 -0.5356 -1.1840
v 2.7350 -0.5380 -1.2120
v 2.7350 -0.5380 -1.1840
v 2.7440 -0.5356 -1.2120
v 2.7440 -0.5356 -1.1840
v 2.7506 -0.5290 -1.2120
v 2.7506 -0.5290 -1.1840
v 2.7350 -0.5200 -1.2120
v 2.7350 -0.5200 -1.1840
v 2.7234 -0.4289 -1.2120
v 2.7234 -0.4289 -1.1840
v 2.7210 -0.4199 -1.2120
v 2.7210 -0.4199 -1.1840
v 2.7144 -0.4133 -1.2120
v 2.7144 -0.4133 -1.1840
v 2.7054 -0.4109 -1.2120
v 2.7054 -0.4109 -1.1840
v 2.6964 -0.4133 -1.2120
v 2.6964 -0.4133 -1.1840
v 2.6898 -0.4199 -1.2120
v 2.6898 -0.4199 -1.1840
v 2.6874 -0.4289 -1.2120
v 2.6874 -0.4289 -1.1840
v 2.6898 -0.4379 -1.2120
v 2.6898 -0.4379 -1.1840
v 2.6964 -0.4445 -1.2120
v 2.6964 -0.4445 -1.1840
v 2.7054 -0.4469 -1.2120
v 2.7054 -0.4469 -1.1840
v 2.7144 -0.4445 -1.2120
v 2.7144 -0.4445 -1.1840
v 2.7210 -0.4379 -1.2120
v 2.7210 -0.4379 -1.1840
v 2.7054 -0.4289 -1.2120
v 2.7054 -0.4289 -1.1840
v 2.6459 -0.3726 -1.2120
v 2.6459 -0.3726 -1.1840
v 2.6435 -0.3636 -1.2120
v 2.6435 -0.3636 -1.1840
v 2.6369 -0.3570 -1.2120
v 2.6369 -0.3570 -1.1840
v 2.6279 -0.3546 -1.2120
v 2.6279 -0.3546 -1.1840
v 2.6189 -0.3570 -1.2120
v 2.6189 -0.3570 -1.1840
v 2.6123 -0.3636 -1.2120
v 2.6123 -0.3636 -1.1840
v 2.6099 -0.3726 -1.2120
v 2.6099 -0.3726 -1.1840
v 2.6123 -0.3816 -1.2120
v 2.6123 -0.3816 -1.1840
v 2.6189 -0.3882 -1.2120
v 2.6189 -0.3882 -1.1840
v 2.6279 -0.3906 -1.2120
v 2.6279 -0.3906 -1.1840
v 2.6369 -0.3882 -1.2120
v 2.6369 -0.3882 -1.1840
v 2.6435 -0.3816 -1.2120
v 2.6435 -0.3816 -1.1840
v 2.6279 -0.3726 -1.2120
v 2.6279 -0.3726 -1.1840
v 2.5501 -0.3726 -1.2120
v 2.5501 -0.3726 -1.1840
v 2.5477 -0.3636 -1.2120
v 2.5477 -0.3636 -1.1840
v 2.5411 -0.3570 -1.2120
v 2.5411 -0.3570 -1.1840
v 2.5321 -0.3546 -1.2120
v 2.5321 -0.3546 -1.1840
v 2.5231 -0.3570 -1.2120
v 2.5231 -0.3570 -1.1840
v 2.5165 -0.3636 -1.2120
v 2.5165 -0.3636 -1.1840
v 2.5141 -0.3726 -1.2120
v 2.5141 -0.3726 -1.1840
v 2.5165 -0.3816 -1.2120
v 2.5165 -0.3816 -1.1840
v 2.5231 -0.3882 -1.2120
v 2.5231 -0.3882 -1.1840
v 2.5321 -0.3906 -1.2120
v 2.5321 -0.3906 -1.1840
v 2.5411 -0.3882 -1.2120
v 2.5411 -0.3882 -1.1840
v 2.5477 -0.3816 -1.2120
v 2.5477 -0.3816 -1.1840
v 2.5321 -0.3726 -1.2120
v 2.5321 -0.3726 -1.1840
v 2.4726 -0.4289 -1.2120
v 2.4726 -0.4289 -1.1840
v 2.4702 -0.4199 -1.2120
v 2.4702 -0.4199 -1.1840
v 2.4636 -0.4133 -1.2120
v 2.4636 -0.4133 -1.1840
v 2.4546 -0.4109 -1.2120
v 2.4546 -0.4109 -1.1840
v 2.4456 -0.4133 -1.2120
v 2.4456 -0.4133 -1.1840
v 2.4390 -0.4199 -1.2120
v 2.4390 -0.4199 -1.1840
v 2.4366 -0.4289 -1.2120
v 2.4366 -0.4289 -1.1840
v 2.4390 -0.4379 -1.2120
v 2.4390 -0.4379 -1.1840
v 2.4456 -0.4445 -1.2120
v 2.4456 -0.4445 -1.1840
v 2.4546 -0.4469 -1.2120
v 2.4546 -0.4469 -1.1840
v 2.4636 -0.4445 -1.2120
v 2.4636 -0.4445 -1.1840
v 2.4702 -0.4379 -1.2120
v 2.4702 -0.4379 -1.1840
v 2.4546 -0.4289 -1.2120
v 2.4546 -0.4289 -1.1840
v 2.4430 -0.5200 -1.2120
v 2.4430 -0.5200 -1.1840
v 2.4406 -0.5110 -1.2120
v 2.4406 -0.5110 -1.1840
v 2.4340 -0.5044 -1.2120
v 2.4340 -0.5044 -1.1840
v 2.4250 -0.5020 -1.2120
v 2.4250 -0.5020 -1.1840
v 2.4160 -0.5044 -1.2120
v 2.4160 -0.5044 -1.1840
v 2.4094 -0.5110 -1.2120
v 2.4094 -0.5110 -1.1840
v 2.4070 -0.5200 -1.2120
v 2.4070 -0.5200 -1.1840
v 2.4094 -0.5290 -1.2120
v 2.4094 -0.5290 -1.1840
v 2.4160 -0.5356 -1.2120
v 2.4160 -0.5356 -1.1840
v 2.4250 -0.5380 -1.2120
v 2.4250 -0.5380 -1.1840
v 2.4340 -0.5356 -1.2120
v 2.4340 -0.5356 -1.1840
v 2.4406 -0.5290 -1.2120
v 2.4406 -0.5290 -1.1840
v 2.4250 -0.5200 -1.2120
v 2.4250 -0.5200 -1.1840
v 2.4726 -0.6111 -1.2120
v 2.4726 -0.6111 -1.1840
v 2.4702 -0.6021 -1.2120
v 2.4702 -0.6021 -1.1840
v 2.4636 -0.5955 -1.2120
v 2.4636 -0.5955 -1.1840
v 2.4546 -0.5931 -1.2120
v 2.4546 -0.5931 -1.1840
v 2.4456 -0.5955 -1.2120
v 2.4456 -0.5955 -1.1840
v 2.4390 -0.6021 -1.2120
v 2.4390 -0.6021 -1.1840
v 2.4366 -0.6111 -1.2120
v 2.4366 -0.6111 -1.1840
v 2.4390 -0.6201 -1.2120
v 2.4390 -0.6201 -1.1840
v 2.4456 -0.6267 -1.2120
v 2.4456 -0.6267 -1.1840
v 2.4546 -0.6291 -1.2120
v 2.4546 -0.6291 -1.1840
v 2.4636 -0.6267 -1.2120
v 2.4636 -0.6267 -1.1840
v 2.4702 -0.6201 -1.2120
v 2.4702 -0.6201 -1.1840
v 2.4546 -0.6111 -1.2120
v 2.4546 -0.6111 -1.1840
v 2.5501 -0.6674 -1.2120
v 2.5501 -0.6674 -1.1840
v 2.5477 -0.6584 -1.2120
v 2.5477 -0.6584 -1.1840
v 2.5411 -0.6518 -1.2120
v 2.5411 -0.6518 -1.1840
v 2.5321 -0.6494 -1.2120
v 2.5321 -0.6494 -1.1840
v 2.5231 -0.6518 -1.2120
v 2.5231 -0.6518 -1.1840
v 2.5165 -0.6584 -1.2120
v 2.5165 -0.6584 -1.1840
v 2.5141 -0.6674 -1.2120
v 2.5141 -0.6674 -1.1840
v 2.5165 -0.6764 -1.2120
v 2.5165 -0.6764 -1.1840
v 2.5231 -0.6830 -1.2120
v 2.5231 -0.6830 -1.1840
v 2.5321 -0.6854 -1.2120
v 2.5321 -0.6854 -1.1840
v 2.5411 -0.6830 -1.2120
v 2.5411 -0.6830 -1.1840
v 2.5477 -0.6764 -1.2120
v 2.5477 -0.6764 -1.1840
v 2.5321 -0.6674 -1.2120
v 2.5321 -0.6674 -1.1840
v 2.6459 -0.6674 -1.2120
v 2.6459 -0.6674 -1.1840
v 2.6435 -0.6584 -1.2120
v 2.6435 -0.6584 -1.1840
v 2.6369 -0.6518 -1.2120
v 2.6369 -0.6518 -1.1840
v 2.6279 -0.6494 -1.2120
v 2.6279 -0.6494 -1.1840
v 2.6189 -0.6518 -1.2120
v 2.6189 -0.6518 -1.1840
v 2.6123 -0.6584 -1.2120
v 2.6123 -0.6584 -1.1840
v 2.6099 -0.6674 -1.2120
v 2.6099 -0.6674 -1.1840
v 2.6123 -0.6764 -1.2120
v 2.6123 -0.6764 -1.1840
v 2.6189 -0.6830 -1.2120
v 2.6189 -0.6830 -1.1840
v 2.6279 -0.6854 -1.2120
v 2.6279 -0.6854 -1.1840
v 2.6369 -0.6830 -1.2120
v 2.6369 -0.6830 -1.1840
v 2.6435 -0.6764 -1.2120
v 2.6435 -0.6764 -1.1840
v 2.6279 -0.6674 -1.2120
v 2.6279 -0.6674 -1.1840
v 2.7234 -0.6111 -1.2120
v 2.7234 -0.6111 -1.1840
v 2.7210 -0.6021 -1.2120
v 2.7210 -0.6021 -1.1840
v 2.7144 -0.5955 -1.2120
v 2.7144 -0.5955 -1.1840
v 2.7054 -0.5931 -1.2120
v 2.7054 -0.5931 -1.1840
v 2.6964 -0.5955 -1.2120
v 2.6964 -0.5955 -1.1840
v 2.6898 -0.6021 -1.2120
v 2.6898 -0.6021 -1.1840
v 2.6874 -0.6111 -1.2120
v 2.6874 -0.6111 -1.1840
v 2.6898 -0.6201 -1.2120
v 2.6898 -0.6201 -1.1840
v 2.6964 -0.6267 -1.2120
v 2.6964 -0.6267 -1.1840
v 2.7054 -0.6291 -1.2120
v 2.7054 -0.6291 -1.1840
v 2.7144 -0.6267 -1.2120
v 2.7144 -0.6267 -1.1840
v 2.7210 -0.6201 -1.2120
v 2.7210 -0.6201 -1.1840
v 2.7054 -0.6111 -1.2120
v 2.7054 -0.6111 -1.1840
v 2.9850 -0.5600 -1.1500
v 3.0750 -0.5600 -1.1500
v 3.0750 -0.4800 -1.1500
v 2.9850 -0.4800 -1.1500
v 2.9850 -0.5600 -0.8100
v 3.0750 -0.5600 -0.8100
v 3.0750 -0.4800 -0.8100
v 2.9850 -0.4800 -0.8100
v 2.9837 -0.4689 -1.1500
v 3.0715 -0.4488 -1.1500
v 3.0537 -0.3709 -1.1500
v 2.9659 -0.3909 -1.1500
v 2.9837 -0.4689 -0.8100
v 3.0715 -0.4488 -0.8100
v 3.0537 -0.3709 -0.8100
v 2.9659 -0.3909 -0.8100
v 2.9622 -0.3803 -1.1500
v 3.0433 -0.3413 -1.1500
v 3.0086 -0.2692 -1.1500
v 2.9275 -0.3082 -1.1500
v 2.9622 -0.3803 -0.8100
v 3.0433 -0.3413 -0.8100
v 3.0086 -0.2692 -0.8100
v 2.9275 -0.3082 -0.8100
v 2.9216 -0.2988 -1.1500
v 2.9919 -0.2426 -1.1500
v 2.9421 -0.1801 -1.1500
v 2.8717 -0.2362 -1.1500
v 2.9216 -0.2988 -0.8100
v 2.9919 -0.2426 -0.8100
v 2.9421 -0.1801 -0.8100
v 2.8717 -0.2362 -0.8100
v 2.8638 -0.2283 -1.1500
v 2.9199 -0.1579 -1.1500
v 2.8574 -0.1081 -1.1500
v 2.8012 -0.1784 -1.1500
v 2.8638 -0.2283 -0.8100
v 2.9199 -0.1579 -0.8100
v 2.8574 -0.1081 -0.8100
v 2.8012 -0.1784 -0.8100
v 2.7918 -0.1725 -1.1500
v 2.8308 -0.0914 -1.1500
v 2.7587 -0.0567 -1.1500
v 2.7197 -0.1378 -1.1500
v 2.7918 -0.1725 -0.8100
v 2.8308 -0.0914 -0.8100
v 2.7587 -0.0567 -0.8100
v 2.7197 -0.1378 -0.8100
v 2.7091 -0.1341 -1.1500
v 2.7291 -0.0463 -1.1500
v 2.6512 -0.0285 -1.1500
v 2.6311 -0.1163 -1.1500
v 2.7091 -0.1341 -0.8100
v 2.7291 -0.0463 -0.8100
v 2.6512 -0.0285 -0.8100
v 2.6311 -0.1163 -0.8100
v 2.6200 -0.1150 -1.1500
v 2.6200 -0.0250 -1.1500
v 2.5400 -0.0250 -1.1500
v 2.5400 -0.1150 -1.1500
v 2.6200 -0.1150 -0.8100
v 2.6200 -0.0250 -0.8100
v 2.5400 -0.0250 -0.8100
v 2.5400 -0.1150 -0.8100
v 2.5289 -0.1163 -1.1500
v 2.5088 -0.0285 -1.1500
v 2.4309 -0.0463 -1.1500
v 2.4509 -0.1341 -1.1500
v 2.5289 -0.1163 -0.8100
v 2.5088 -0.0285 -0.8100
v 2.4309 -0.0463 -0.8100
v 2.4509 -0.1341 -0.8100
v 2.4403 -0.1378 -1.1500
v 2.4013 -0.0567 -1.1500
v 2.3292 -0.0914 -1.1500
v 2.3682 -0.1725 -1.1500
v 2.4403 -0.1378 -0.8100
v 2.4013 -0.0567 -0.8100
v 2.3292 -0.0914 -0.8100
v 2.3682 -0.1725 -0.8100
v 2.3588 -0.1784 -1.1500
v 2.3026 -0.1081 -1.1500
v 2.2401 -0.1579 -1.1500
v 2.2962 -0.2283 -1.1500
v 2.3588 -0.1784 -0.8100
v 2.3026 -0.1081 -0.8100
v 2.2401 -0.1579 -0.8100
v 2.2962 -0.2283 -0.8100
v 2.2883 -0.2362 -1.1500
v 2.2179 -0.1801 -1.1500
v 2.1681 -0.2426 -1.1500
v 2.2384 -0.2988 -1.1500
v 2.2883 -0.2362 -0.8100
v 2.2179 -0.1801 -0.8100
v 2.1681 -0.2426 -0.8100
v 2.2384 -0.2988 -0.8100
v 2.2325 -0.3082 -1.1500
v 2.1514 -0.2692 -1.1500
v 2.1167 -0.3413 -1.1500
v 2.1978 -0.3803 -1.1500
v 2.2325 -0.3082 -0.8100
v 2.1514 -0.2692 -0.8100
v 2.1167 -0.3413 -0.8100
v 2.1978 -0.3803 -0.8100
v 2.1941 -0.3909 -1.1500
v 2.1063 -0.3709 -1.1500
v 2.0885 -0.4488 -1.1500
v 2.1763 -0.4689 -1.1500
v 2.1941 -0.3909 -0.8100
v 2.1063 -0.3709 -0.8100
v 2.0885 -0.4488 -0.8100
v 2.1763 -0.4689 -0.8100
v 2.1750 -0.4800 -1.1500
v 2.0850 -0.4800 -1.1500
v 2.0850 -0.5600 -1.1500
v 2.1750 -0.5600 -1.1500
v 2.1750 -0.4800 -0.8100
v 2.0850 -0.4800 -0.8100
v 2.0850 -0.5600 -0.8100
v 2.1750 -0.5600 -0.8100
v 2.1763 -0.5711 -1.1500
v 2.0885 -0.5912 -1.1500
v 2.1063 -0.6691 -1.1500
v 2.1941 -0.6491 -1.1500
v 2.1763 -0.5711 -0.8100
v 2.0885 -0.5912 -0.8100
v 2.1063 -0.6691 -0.8100
v 2.1941 -0.6491 -0.8100
v 2.1978 -0.6597 -1.1500
v 2.1167 -0.6987 -1.1500
v 2.1514 -0.7708 -1.1500
v 2.2325 -0.7318 -1.1500
v 2.1978 -0.6597 -0.8100
v 2.1167 -0.6987 -0.8100
v 2.1514 -0.7708 -0.8100
v 2.2325 -0.7318 -0.8100
v 2.2384 -0.7412 -1.1500
v 2.1681 -0.7974 -1.1500
v 2.2179 -0.8599 -1.1500
v 2.2883 -0.8038 -1.1500
v 2.2384 -0.7412 -0.8100
v 2.1681 -0.7974 -0.8100
v 2.2179 -0.8599 -0.8100
v 2.2883 -0.8038 -0.8100
v 2.2962 -0.8117 -1.1500
v 2.2401 -0.8821 -1.1500
v 2.3026 -0.9319 -1.1500
v 2.3588 -0.8616 -1.1500
v 2.2962 -0.8117 -0.8100
v 2.2401 -0.8821 -0.8100
v 2.3026 -0.9319 -0.8100
v 2.3588 -0.8616 -0.8100
v 2.3682 -0.8675 -1.1500
v 2.3292 -0.9486 -1.1500
v 2.4013 -0.9833 -1.1500
v 2.4403 -0.9022 -1.1500
v 2.3682 -0.8675 -0.8100
v 2.3292 -0.9486 -0.8100
v 2.4013 -0.9833 -0.8100
v 2.4403 -0.9022 -0.8100
v 2.4509 -0.9059 -1.1500
v 2.4309 -0.9937 -1.1500
v 2.5088 -1.0115 -1.1500
v 2.5289 -0.9237 -1.1500
v 2.4509 -0.9059 -0.8100
v 2.4309 -0.9937 -0.8100
v 2.5088 -1.0115 -0.8100
v 2.5289 -0.9237 -0.8100
v 2.5400 -0.9250 -1.1500
v 2.5400 -1.0150 -1.1500
v 2.6200 -1.0150 -1.1500
v 2.6200 -0.9250 -1.1500
v 2.5400 -0.9250 -0.8100
v 2.5400 -1.0150 -0.8100
v 2.6200 -1.0150 -0.8100
v 2.6200 -0.9250 -0.8100
v 2.6311 -0.9237 -1.1500
v 2.6512 -1.0115 -1.1500
v 2.7291 -0.9937 -1.1500
v 2.7091 -0.9059 -1.1500
v 2.6311 -0.9237 -0.8100
v 2.6512 -1.0115 -0.8100
v 2.7291 -0.9937 -0.8100
v 2.7091 -0.9059 -0.8100
v 2.7197 -0.9022 -1.1500
v 2.7587 -0.9833 -1.1500
v 2.8308 -0.9486 -1.1500
v 2.7918 -0.8675 -1.1500
v 2.7197 -0.9022 -0.8100
v 2.7587 -0.9833 -0.8100
v 2.8308 -0.9486 -0.8100
v 2.7918 -0.8675 -0.8100
v 2.8012 -0.8616 -1.1500
v 2.8574 -0.9319 -1.1500
v 2.9199 -0.8821 -1.1500
v 2.8638 -0.8117 -1.1500
v 2.8012 -0.8616 -0.8100
v 2.8574 -0.9319 -0.8100
v 2.9199 -0.8821 -0.8100
v 2.8638 -0.8117 -0.8100
v 2.8717 -0.8038 -1.1500
v 2.9421 -0.8599 -1.1500
v 2.9919 -0.7974 -1.1500
v 2.9216 -0.7412 -1.1500
v 2.8717 -0.8038 -0.8100
v 2.9421 -0.8599 -0.8100
v 2.9919 -0.7974 -0.8100
v 2.9216 -0.7412 -0.8100
v 2.9275 -0.7318 -1.1500
v 3.0086 -0.7708 -1.1500
v 3.0433 -0.6987 -1.1500
v 2.9622 -0.6597 -1.1500
v 2.9275 -0.7318 -0.8100
v 3.0086 -0.7708 -0.8100
v 3.0433 -0.6987 -0.8100
v 2.9622 -0.6597 -0.8100
v 2.9659 -0.6491 -1.1500
v 3.0537 -0.6691 -1.1500
v 3.0715 -0.5912 -1.1500
v 2.9837 -0.5711 -1.1500
v 2.9659 -0.6491 -0.8100
v 3.0537 -0.6691 -0.8100
v 3.0715 -0.5912 -0.8100
v 2.9837 -0.5711 -0.8100
v 3.0100 -0.5200 0.8100
v 3.0100 -0.5200 1.1500
v 3.0073 -0.4719 0.8100
v 3.0073 -0.4719 1.1500
v 2.9992 -0.4243 0.8100
v 2.9992 -0.4243 1.1500
v 2.9859 -0.3780 0.8100
v 2.9859 -0.3780 1.1500
v 2.9674 -0.3334 0.8100
v 2.9674 -0.3334 1.1500
v 2.9441 -0.2912 0.8100
v 2.9441 -0.2912 1.1500
v 2.9162 -0.2519 0.8100
v 2.9162 -0.2519 1.1500
v 2.8841 -0.2159 0.8100
v 2.8841 -0.2159 1.1500
v 2.8481 -0.1838 0.8100
v 2.8481 -0.1838 1.1500
v 2.8088 -0.1559 0.8100
v 2.8088 -0.1559 1.1500
v 2.7666 -0.1326 0.8100
v 2.7666 -0.1326 1.1500
v 2.7220 -0.1141 0.8100
v 2.7220 -0.1141 1.1500
v 2.6757 -0.1008 0.8100
v 2.6757 -0.1008 1.1500
v 2.6281 -0.0927 0.8100
v 2.6281 -0.0927 1.1500
v 2.5800 -0.0900 0.8100
v 2.5800 -0.0900 1.1500
v 2.5319 -0.0927 0.8100
v 2.5319 -0.0927 1.1500
v 2.4843 -0.1008 0.8100
v 2.4843 -0.1008 1.1500
v 2.4380 -0.1141 0.8100
v 2.4380 -0.1141 1.1500
v 2.3934 -0.1326 0.8100
v 2.3934 -0.1326 1.1500
v 2.3512 -0.1559 0.8100
v 2.3512 -0.1559 1.1500
v 2.3119 -0.1838 0.8100
v 2.3119 -0.1838 1.1500
v 2.2759 -0.2159 0.8100
v 2.2759 -0.2159 1.1500
v 2.2438 -0.2519 0.8100
v 2.2438 -0.2519 1.1500
v 2.2159 -0.2912 0.8100
v 2.2159 -0.2912 1.1500
v 2.1926 -0.3334 0.8100
v 2.1926 -0.3334 1.1500
v 2.1741 -0.3780 0.8100
v 2.1741 -0.3780 1.1500
v 2.1608 -0.4243 0.8100
v 2.1608 -0.4243 1.1500
v 2.1527 -0.4719 0.8100
v 2.1527 -0.4719 1.1500
v 2.1500 -0.5200 0.8100
v 2.1500 -0.5200 1.1500
v 2.1527 -0.5681 0.8100
v 2.1527 -0.5681 1.1500
v 2.1608 -0.6157 0.8100
v 2.1608 -0.6157 1.1500
v 2.1741 -0.6620 0.8100
v 2.1741 -0.6620 1.1500
v 2.1926 -0.7066 0.8100
v 2.1926 -0.7066 1.1500
v 2.2159 -0.7488 0.8100
v 2.2159 -0.7488 1.1500
v 2.2438 -0.7881 0.8100
v 2.2438 -0.7881 1.1500
v 2.2759 -0.8241 0.8100
v 2.2759 -0.8241 1.1500
v 2.3119 -0.8562 0.8100
v 2.3119 -0.8562 1.1500
v 2.3512 -0.8841 0.8100
v 2.3512 -0.8841 1.1500
v 2.3934 -0.9074 0.8100
v 2.3934 -0.9074 1.1500
v 2.4380 -0.9259 0.8100
v 2.4380 -0.9259 1.1500
v 2.4843 -0.9392 0.8100
v 2.4843 -0.9392 1.1500
v 2.5319 -0.9473 0.8100
v 2.5319 -0.9473 1.1500
v 2.5800 -0.9500 0.8100
v 2.5800 -0.9500 1.1500
v 2.6281 -0.9473 0.8100
v 2.6281 -0.9473 1.1500
v 2.6757 -0.9392 0.8100
v 2.6757 -0.9392 1.1500
v 2.7220 -0.9259 0.8100
v 2.7220 -0.9259 1.1500
v 2.7666 -0.9074 0.8100
v 2.7666 -0.9074 1.1500
v 2.8088 -0.8841 0.8100
v 2.8088 -0.8841 1.1500
v 2.8481 -0.8562 0.8100
v 2.8481 -0.8562 1.1500
v 2.8841 -0.8241 0.8100
v 2.8841 -0.8241 1.1500
v 2.9162 -0.7881 0.8100
v 2.9162 -0.7881 1.1500
v 2.9441 -0.7488 0.8100
v 2.9441 -0.7488 1.1500
v 2.9674 -0.7066 0.8100
v 2.9674 -0.7066 1.1500
v 2.9859 -0.6620 0.8100
v 2.9859 -0.6620 1.1500
v 2.9992 -0.6157 0.8100
v 2.9992 -0.6157 1.1500
v 3.0073 -0.5681 0.8100
v 3.0073 -0.5681 1.1500
v 2.5800 -0.5200 0.8100
v 2.5800 -0.5200 1.1500
v 3.0150 -0.5200 1.1500
v 3.0150 -0.5200 1.1740
v 3.0123 -0.4713 1.1500
v 3.0123 -0.4713 1.1740
v 3.0041 -0.4232 1.1500
v 3.0041 -0.4232 1.1740
v 2.9906 -0.3763 1.1500
v 2.9906 -0.3763 1.1740
v 2.9719 -0.3313 1.1500
v 2.9719 -0.3313 1.1740
v 2.9483 -0.2886 1.1500
v 2.9483 -0.2886 1.1740
v 2.9201 -0.2488 1.1500
v 2.9201 -0.2488 1.1740
v 2.8876 -0.2124 1.1500
v 2.8876 -0.2124 1.1740
v 2.8512 -0.1799 1.1500
v 2.8512 -0.1799 1.1740
v 2.8114 -0.1517 1.1500
v 2.8114 -0.1517 1.1740
v 2.7687 -0.1281 1.1500
v 2.7687 -0.1281 1.1740
v 2.7237 -0.1094 1.1500
v 2.7237 -0.1094 1.1740
v 2.6768 -0.0959 1.1500
v 2.6768 -0.0959 1.1740
v 2.6287 -0.0877 1.1500
v 2.6287 -0.0877 1.1740
v 2.5800 -0.0850 1.1500
v 2.5800 -0.0850 1.1740
v 2.5313 -0.0877 1.1500
v 2.5313 -0.0877 1.1740
v 2.4832 -0.0959 1.1500
v 2.4832 -0.0959 1.1740
v 2.4363 -0.1094 1.1500
v 2.4363 -0.1094 1.1740
v 2.3913 -0.1281 1.1500
v 2.3913 -0.1281 1.1740
v 2.3486 -0.1517 1.1500
v 2.3486 -0.1517 1.1740
v 2.3088 -0.1799 1.1500
v 2.3088 -0.1799 1.1740
v 2.2724 -0.2124 1.1500
v 2.2724 -0.2124 1.1740
v 2.2399 -0.2488 1.1500
v 2.2399 -0.2488 1.1740
v 2.2117 -0.2886 1.1500
v 2.2117 -0.2886 1.1740
v 2.1881 -0.3313 1.1500
v 2.1881 -0.3313 1.1740
v 2.1694 -0.3763 1.1500
v 2.1694 -0.3763 1.1740
v 2.1559 -0.4232 1.1500
v 2.1559 -0.4232 1.1740
v 2.1477 -0.4713 1.1500
v 2.1477 -0.4713 1.1740
v 2.1450 -0.5200 1.1500
v 2.1450 -0.5200 1.1740
v 2.1477 -0.5687 1.1500
v 2.1477 -0.5687 1.1740
v 2.1559 -0.6168 1.1500
v 2.1559 -0.6168 1.1740
v 2.1694 -0.6637 1.1500
v 2.1694 -0.6637 1.1740
v 2.1881 -0.7087 1.1500
v 2.1881 -0.7087 1.1740
v 2.2117 -0.7514 1.1500
v 2.2117 -0.7514 1.1740
v 2.2399 -0.7912 1.1500
v 2.2399 -0.7912 1.1740
v 2.2724 -0.8276 1.1500
v 2.2724 -0.8276 1.1740
v 2.3088 -0.8601 1.1500
v 2.3088 -0.8601 1.1740
v 2.3486 -0.8883 1.1500
v 2.3486 -0.8883 1.1740
v 2.3913 -0.9119 1.1500
v 2.3913 -0.9119 1.1740
v 2.4363 -0.9306 1.1500
v 2.4363 -0.9306 1.1740
v 2.4832 -0.9441 1.1500
v 2.4832 -0.9441 1.1740
v 2.5313 -0.9523 1.1500
v 2.5313 -0.9523 1.1740
v 2.5800 -0.9550 1.1500
v 2.5800 -0.9550 1.1740
v 2.6287 -0.9523 1.1500
v 2.6287 -0.9523 1.1740
v 2.6768 -0.9441 1.1500
v 2.6768 -0.9441 1.1740
v 2.7237 -0.9306 1.1500
v 2.7237 -0.9306 1.1740
v 2.7687 -0.9119 1.1500
v 2.7687 -0.9119 1.1740
v 2.8114 -0.8883 1.1500
v 2.8114 -0.8883 1.1740
v 2.8512 -0.8601 1.1500
v 2.8512 -0.8601 1.1740
v 2.8876 -0.8276 1.1500
v 2.8876 -0.8276 1.1740
v 2.9201 -0.7912 1.1500
v 2.9201 -0.7912 1.1740
v 2.9483 -0.7514 1.1500
v 2.9483 -0.7514 1.1740
v 2.9719 -0.7087 1.1500
v 2.9719 -0.7087 1.1740
v 2.9906 -0.6637 1.1500
v 2.9906 -0.6637 1.1740
v 3.0041 -0.6168 1.1500
v 3.0041 -0.6168 1.1740
v 3.0123 -0.5687 1.1500
v 3.0123 -0.5687 1.1740
v 2.5800 -0.5200 1.1500
v 2.5800 -0.5200 1.1740
v 2.8150 -0.5200 1.1565
v 2.8150 -0.5200 1.1915
v 2.8121 -0.4832 1.1565
v 2.8121 -0.4832 1.1915
v 2.8035 -0.4474 1.1565
v 2.8035 -0.4474 1.1915
v 2.7894 -0.4133 1.1565
v 2.7894 -0.4133 1.1915
v 2.7701 -0.3819 1.1565
v 2.7701 -0.3819 1.1915
v 2.7462 -0.3538 1.1565
v 2.7462 -0.3538 1.1915
v 2.7181 -0.3299 1.1565
v 2.7181 -0.3299 1.1915
v 2.6867 -0.3106 1.1565
v 2.6867 -0.3106 1.1915
v 2.6526 -0.2965 1.1565
v 2.6526 -0.2965 1.1915
v 2.6168 -0.2879 1.1565
v 2.6168 -0.2879 1.1915
v 2.5800 -0.2850 1.1565
v 2.5800 -0.2850 1.1915
v 2.5432 -0.2879 1.1565
v 2.5432 -0.2879 1.1915
v 2.5074 -0.2965 1.1565
v 2.5074 -0.2965 1.1915
v 2.4733 -0.3106 1.1565
v 2.4733 -0.3106 1.1915
v 2.4419 -0.3299 1.1565
v 2.4419 -0.3299 1.1915
v 2.4138 -0.3538 1.1565
v 2.4138 -0.3538 1.1915
v 2.3899 -0.3819 1.1565
v 2.3899 -0.3819 1.1915
v 2.3706 -0.4133 1.1565
v 2.3706 -0.4133 1.1915
v 2.3565 -0.4474 1.1565
v 2.3565 -0.4474 1.1915
v 2.3479 -0.4832 1.1565
v 2.3479 -0.4832 1.1915
v 2.3450 -0.5200 1.1565
v 2.3450 -0.5200 1.1915
v 2.3479 -0.5568 1.1565
v 2.3479 -0.5568 1.1915
v 2.3565 -0.5926 1.1565
v 2.3565 -0.5926 1.1915
v 2.3706 -0.6267 1.1565
v 2.3706 -0.6267 1.1915
v 2.3899 -0.6581 1.1565
v 2.3899 -0.6581 1.1915
v 2.4138 -0.6862 1.1565
v 2.4138 -0.6862 1.1915
v 2.4419 -0.7101 1.1565
v 2.4419 -0.7101 1.1915
v 2.4733 -0.7294 1.1565
v 2.4733 -0.7294 1.1915
v 2.5074 -0.7435 1.1565
v 2.5074 -0.7435 1.1915
v 2.5432 -0.7521 1.1565
v 2.5432 -0.7521 1.1915
v 2.5800 -0.7550 1.1565
v 2.5800 -0.7550 1.1915
v 2.6168 -0.7521 1.1565
v 2.6168 -0.7521 1.1915
v 2.6526 -0.7435 1.1565
v 2.6526 -0.7435 1.1915
v 2.6867 -0.7294 1.1565
v 2.6867 -0.7294 1.1915
v 2.7181 -0.7101 1.1565
v 2.7181 -0.7101 1.1915
v 2.7462 -0.6862 1.1565
v 2.7462 -0.6862 1.1915
v 2.7701 -0.6581 1.1565
v 2.7701 -0.6581 1.1915
v 2.7894 -0.6267 1.1565
v 2.7894 -0.6267 1.1915
v 2.8035 -0.5926 1.1565
v 2.8035 -0.5926 1.1915
v 2.8121 -0.5568 1.1565
v 2.8121 -0.5568 1.1915
v 2.5800 -0.5200 1.1565
v 2.5800 -0.5200 1.1915
v 2.6920 -0.5200 1.1660
v 2.6920 -0.5200 1.2060
v 2.6898 -0.4981 1.1660
v 2.6898 -0.4981 1.2060
v 2.6835 -0.4771 1.1660
v 2.6835 -0.4771 1.2060
v 2.6731 -0.4578 1.1660
v 2.6731 -0.4578 1.2060
v 2.6592 -0.4408 1.1660
v 2.6592 -0.4408 1.2060
v 2.6422 -0.4269 1.1660
v 2.6422 -0.4269 1.2060
v 2.6229 -0.4165 1.1660
v 2.6229 -0.4165 1.2060
v 2.6019 -0.4102 1.1660
v 2.6019 -0.4102 1.2060
v 2.5800 -0.4080 1.1660
v 2.5800 -0.4080 1.2060
v 2.5581 -0.4102 1.1660
v 2.5581 -0.4102 1.2060
v 2.5371 -0.4165 1.1660
v 2.5371 -0.4165 1.2060
v 2.5178 -0.4269 1.1660
v 2.5178 -0.4269 1.2060
v 2.5008 -0.4408 1.1660
v 2.5008 -0.4408 1.2060
v 2.4869 -0.4578 1.1660
v 2.4869 -0.4578 1.2060
v 2.4765 -0.4771 1.1660
v 2.4765 -0.4771 1.2060
v 2.4702 -0.4981 1.1660
v 2.4702 -0.4981 1.2060
v 2.4680 -0.5200 1.1660
v 2.4680 -0.5200 1.2060
v 2.4702 -0.5419 1.1660
v 2.4702 -0.5419 1.2060
v 2.4765 -0.5629 1.1660
v 2.4765 -0.5629 1.2060
v 2.4869 -0.5822 1.1660
v 2.4869 -0.5822 1.2060
v 2.5008 -0.5992 1.1660
v 2.5008 -0.5992 1.2060
v 2.5178 -0.6131 1.1660
v 2.5178 -0.6131 1.2060
v 2.5371 -0.6235 1.1660
v 2.5371 -0.6235 1.2060
v 2.5581 -0.6298 1.1660
v 2.5581 -0.6298 1.2060
v 2.5800 -0.6320 1.1660
v 2.5800 -0.6320 1.2060
v 2.6019 -0.6298 1.1660
v 2.6019 -0.6298 1.2060
v 2.6229 -0.6235 1.1660
v 2.6229 -0.6235 1.2060
v 2.6422 -0.6131 1.1660
v 2.6422 -0.6131 1.2060
v 2.6592 -0.5992 1.1660
v 2.6592 -0.5992 1.2060
v 2.6731 -0.5822 1.1660
v 2.6731 -0.5822 1.2060
v 2.6835 -0.5629 1.1660
v 2.6835 -0.5629 1.2060
v 2.6898 -0.5419 1.1660
v 2.6898 -0.5419 1.2060
v 2.5800 -0.5200 1.1660
v 2.5800 -0.5200 1.2060
v 2.7530 -0.5200 1.1840
v 2.7530 -0.5200 1.2120
v 2.7506 -0.5110 1.1840
v 2.7506 -0.5110 1.2120
v 2.7440 -0.5044 1.1840
v 2.7440 -0.5044 1.2120
v 2.7350 -0.5020 1.1840
v 2.7350 -0.5020 1.2120
v 2.7260 -0.5044 1.1840
v 2.7260 -0.5044 1.2120
v 2.7194 -0.5110 1.1840
v 2.7194 -0.5110 1.2120
v 2.7170 -0.5200 1.1840
v 2.7170 -0.5200 1.2120
v 2.7194 -0.5290 1.1840
v 2.7194 -0.5290 1.2120
v 2.7260 -0.5356 1.1840
v 2.7260 -0.5356 1.2120
v 2.7350 -0.5380 1.1840
v 2.7350 -0.5380 1.2120
v 2.7440 -0.5356 1.1840
v 2.7440 -0.5356 1.2120
v 2.7506 -0.5290 1.1840
v 2.7506 -0.5290 1.2120
v 2.7350 -0.5200 1.1840
v 2.7350 -0.5200 1.2120
v 2.7234 -0.4289 1.1840
v 2.7234 -0.4289 1.2120
v 2.7210 -0.4199 1.1840
v 2.7210 -0.4199 1.2120
v 2.7144 -0.4133 1.1840
v 2.7144 -0.4133 1.2120
v 2.7054 -0.4109 1.1840
v 2.7054 -0.4109 1.2120
v 2.6964 -0.4133 1.1840
v 2.6964 -0.4133 1.2120
v 2.6898 -0.4199 1.1840
v 2.6898 -0.4199 1.2120
v 2.6874 -0.4289 1.1840
v 2.6874 -0.4289 1.2120
v 2.6898 -0.4379 1.1840
v 2.6898 -0.4379 1.2120
v 2.6964 -0.4445 1.1840
v 2.6964 -0.4445 1.2120
v 2.7054 -0.4469 1.1840
v 2.7054 -0.4469 1.2120
v 2.7144 -0.4445 1.1840
v 2.7144 -0.4445 1.2120
v 2.7210 -0.4379 1.1840
v 2.7210 -0.4379 1.2120
v 2.7054 -0.4289 1.1840
v 2.7054 -0.4289 1.2120
v 2.6459 -0.3726 1.1840
v 2.6459 -0.3726 1.2120
v 2.6435 -0.3636 1.1840
v 2.6435 -0.3636 1.2120
v 2.6369 -0.3570 1.1840
v 2.6369 -0.3570 1.2120
v 2.6279 -0.3546 1.1840
v 2.6279 -0.3546 1.2120
v 2.6189 -0.3570 1.1840
v 2.6189 -0.3570 1.2120
v 2.6123 -0.3636 1.1840
v 2.6123 -0.3636 1.2120
v 2.6099 -0.3726 1.1840
v 2.6099 -0.3726 1.2120
v 2.6123 -0.3816 1.1840
v 2.6123 -0.3816 1.2120
v 2.6189 -0.3882 1.1840
v 2.6189 -0.3882 1.2120
v 2.6279 -0.3906 1.1840
v 2.6279 -0.3906 1.2120
v 2.6369 -0.3882 1.1840
v 2.6369 -0.3882 1.2120
v 2.6435 -0.3816 1.1840
v 2.6435 -0.3816 1.2120
v 2.6279 -0.3726 1.1840
v 2.6279 -0.3726 1.2120
v 2.5501 -0.3726 1.1840
v 2.5501 -0.3726 1.2120
v 2.5477 -0.3636 1.1840
v 2.5477 -0.3636 1.2120
v 2.5411 -0.3570 1.1840
v 2.5411 -0.3570 1.2120
v 2.5321 -0.3546 1.1840
v 2.5321 -0.3546 1.2120
v 2.5231 -0.3570 1.1840
v 2.5231 -0.3570 1.2120
v 2.5165 -0.3636 1.1840
v 2.5165 -0.3636 1.2120
v 2.5141 -0.3726 1.1840
v 2.5141 -0.3726 1.2120
v 2.5165 -0.3816 1.1840
v 2.5165 -0.3816 1.2120
v 2.5231 -0.3882 1.1840
v 2.5231 -0.3882 1.2120
v 2.5321 -0.3906 1.1840
v 2.5321 -0.3906 1.2120
v 2.5411 -0.3882 1.1840
v 2.5411 -0.3882 1.2120
v 2.5477 -0.3816 1.1840
v 2.5477 -0.3816 1.2120
v 2.5321 -0.3726 1.1840
v 2.5321 -0.3726 1.2120
v 2.4726 -0.4289 1.1840
v 2.4726 -0.4289 1.2120
v 2.4702 -0.4199 1.1840
v 2.4702 -0.4199 1.2120
v 2.4636 -0.4133 1.1840
v 2.4636 -0.4133 1.2120
v 2.4546 -0.4109 1.1840
v 2.4546 -0.4109 1.2120
v 2.4456 -0.4133 1.1840
v 2.4456 -0.4133 1.2120
v 2.4390 -0.4199 1.1840
v 2.4390 -0.4199 1.2120
v 2.4366 -0.4289 1.1840
v 2.4366 -0.4289 1.2120
v 2.4390 -0.4379 1.1840
v 2.4390 -0.4379 1.2120
v 2.4456 -0.4445 1.1840
v 2.4456 -0.4445 1.2120
v 2.4546 -0.4469 1.1840
v 2.4546 -0.4469 1.2120
v 2.4636 -0.4445 1.1840
v 2.4636 -0.4445 1.2120
v 2.4702 -0.4379 1.1840
v 2.4702 -0.4379 1.2120
v 2.4546 -0.4289 1.1840
v 2.4546 -0.4289 1.2120
v 2.4430 -0.5200 1.1840
v 2.4430 -0.5200 1.2120
v 2.4406 -0.5110 1.1840
v 2.4406 -0.5110 1.2120
v 2.4340 -0.5044 1.1840
v 2.4340 -0.5044 1.2120
v 2.4250 -0.5020 1.1840
v 2.4250 -0.5020 1.2120
v 2.4160 -0.5044 1.1840
v 2.4160 -0.5044 1.2120
v 2.4094 -0.5110 1.1840
v 2.4094 -0.5110 1.2120
v 2.4070 -0.5200 1.1840
v 2.4070 -0.5200 1.2120
v 2.4094 -0.5290 1.1840
v 2.4094 -0.5290 1.2120
v 2.4160 -0.5356 1.1840
v 2.4160 -0.5356 1.2120
v 2.4250 -0.5380 1.1840
v 2.4250 -0.5380 1.2120
v 2.4340 -0.5356 1.1840
v 2.4340 -0.5356 1.2120
v 2.4406 -0.5290 1.1840
v 2.4406 -0.5290 1.2120
v 2.4250 -0.5200 1.1840
v 2.4250 -0.5200 1.2120
v 2.4726 -0.6111 1.1840
v 2.4726 -0.6111 1.2120
v 2.4702 -0.6021 1.1840
v 2.4702 -0.6021 1.2120
v 2.4636 -0.5955 1.1840
v 2.4636 -0.5955 1.2120
v 2.4546 -0.5931 1.1840
v 2.4546 -0.5931 1.2120
v 2.4456 -0.5955 1.1840
v 2.4456 -0.5955 1.2120
v 2.4390 -0.6021 1.1840
v 2.4390 -0.6021 1.2120
v 2.4366 -0.6111 1.1840
v 2.4366 -0.6111 1.2120
v 2.4390 -0.6201 1.1840
v 2.4390 -0.6201 1.2120
v 2.4456 -0.6267 1.1840
v 2.4456 -0.6267 1.2120
v 2.4546 -0.6291 1.1840
v 2.4546 -0.6291 1.2120
v 2.4636 -0.6267 1.1840
v 2.4636 -0.6267 1.2120
v 2.4702 -0.6201 1.1840
v 2.4702 -0.6201 1.2120
v 2.4546 -0.6111 1.1840
v 2.4546 -0.6111 1.2120
v 2.5501 -0.6674 1.1840
v 2.5501 -0.6674 1.2120
v 2.5477 -0.6584 1.1840
v 2.5477 -0.6584 1.2120
v 2.5411 -0.6518 1.1840
v 2.5411 -0.6518 1.2120
v 2.5321 -0.6494 1.1840
v 2.5321 -0.6494 1.2120
v 2.5231 -0.6518 1.1840
v 2.5231 -0.6518 1.2120
v 2.5165 -0.6584 1.1840
v 2.5165 -0.6584 1.2120
v 2.5141 -0.6674 1.1840
v 2.5141 -0.6674 1.2120
v 2.5165 -0.6764 1.1840
v 2.5165 -0.6764 1.2120
v 2.5231 -0.6830 1.1840
v 2.5231 -0.6830 1.2120
v 2.5321 -0.6854 1.1840
v 2.5321 -0.6854 1.2120
v 2.5411 -0.6830 1.1840
v 2.5411 -0.6830 1.2120
v 2.5477 -0.6764 1.1840
v 2.5477 -0.6764 1.2120
v 2.5321 -0.6674 1.1840
v 2.5321 -0.6674 1.2120
v 2.6459 -0.6674 1.1840
v 2.6459 -0.6674 1.2120
v 2.6435 -0.6584 1.1840
v 2.6435 -0.6584 1.2120
v 2.6369 -0.6518 1.1840
v 2.6369 -0.6518 1.2120
v 2.6279 -0.6494 1.1840
v 2.6279 -0.6494 1.2120
v 2.6189 -0.6518 1.1840
v 2.6189 -0.6518 1.2120
v 2.6123 -0.6584 1.1840
v 2.6123 -0.6584 1.2120
v 2.6099 -0.6674 1.1840
v 2.6099 -0.6674 1.2120
v 2.6123 -0.6764 1.1840
v 2.6123 -0.6764 1.2120
v 2.6189 -0.6830 1.1840
v 2.6189 -0.6830 1.2120
v 2.6279 -0.6854 1.1840
v 2.6279 -0.6854 1.2120
v 2.6369 -0.6830 1.1840
v 2.6369 -0.6830 1.2120
v 2.6435 -0.6764 1.1840
v 2.6435 -0.6764 1.2120
v 2.6279 -0.6674 1.1840
v 2.6279 -0.6674 1.2120
v 2.7234 -0.6111 1.1840
v 2.7234 -0.6111 1.2120
v 2.7210 -0.6021 1.1840
v 2.7210 -0.6021 1.2120
v 2.7144 -0.5955 1.1840
v 2.7144 -0.5955 1.2120
v 2.7054 -0.5931 1.1840
v 2.7054 -0.5931 1.2120
v 2.6964 -0.5955 1.1840
v 2.6964 -0.5955 1.2120
v 2.6898 -0.6021 1.1840
v 2.6898 -0.6021 1.2120
v 2.6874 -0.6111 1.1840
v 2.6874 -0.6111 1.2120
v 2.6898 -0.6201 1.1840
v 2.6898 -0.6201 1.2120
v 2.6964 -0.6267 1.1840
v 2.6964 -0.6267 1.2120
v 2.7054 -0.6291 1.1840
v 2.7054 -0.6291 1.2120
v 2.7144 -0.6267 1.1840
v 2.7144 -0.6267 1.2120
v 2.7210 -0.6201 1.1840
v 2.7210 -0.6201 1.2120
v 2.7054 -0.6111 1.1840
v 2.7054 -0.6111 1.2120
v 2.9850 -0.5600 0.8100
v 3.0750 -0.5600 0.8100
v 3.0750 -0.4800 0.8100
v 2.9850 -0.4800 0.8100
v 2.9850 -0.5600 1.1500
v 3.0750 -0.5600 1.1500
v 3.0750 -0.4800 1.1500
v 2.9850 -0.4800 1.1500
v 2.9837 -0.4689 0.8100
v 3.0715 -0.4488 0.8100
v 3.0537 -0.3709 0.8100
v 2.9659 -0.3909 0.8100
v 2.9837 -0.4689 1.1500
v 3.0715 -0.4488 1.1500
v 3.0537 -0.3709 1.1500
v 2.9659 -0.3909 1.1500
v 2.9622 -0.3803 0.8100
v 3.0433 -0.3413 0.8100
v 3.0086 -0.2692 0.8100
v 2.9275 -0.3082 0.8100
v 2.9622 -0.3803 1.1500
v 3.0433 -0.3413 1.1500
v 3.0086 -0.2692 1.1500
v 2.9275 -0.3082 1.1500
v 2.9216 -0.2988 0.8100
v 2.9919 -0.2426 0.8100
v 2.9421 -0.1801 0.8100
v 2.8717 -0.2362 0.8100
v 2.9216 -0.2988 1.1500
v 2.9919 -0.2426 1.1500
v 2.9421 -0.1801 1.1500
v 2.8717 -0.2362 1.1500
v 2.8638 -0.2283 0.8100
v 2.9199 -0.1579 0.8100
v 2.8574 -0.1081 0.8100
v 2.8012 -0.1784 0.8100
v 2.8638 -0.2283 1.1500
v 2.9199 -0.1579 1.1500
v 2.8574 -0.1081 1.1500
v 2.8012 -0.1784 1.1500
v 2.7918 -0.1725 0.8100
v 2.8308 -0.0914 0.8100
v 2.7587 -0.0567 0.8100
v 2.7197 -0.1378 0.8100
v 2.7918 -0.1725 1.1500
v 2.8308 -0.0914 1.1500
v 2.7587 -0.0567 1.1500
v 2.7197 -0.1378 1.1500
v 2.7091 -0.1341 0.8100
v 2.7291 -0.0463 0.8100
v 2.6512 -0.0285 0.8100
v 2.6311 -0.1163 0.8100
v 2.7091 -0.1341 1.1500
v 2.7291 -0.0463 1.1500
v 2.6512 -0.0285 1.1500
v 2.6311 -0.1163 1.1500
v 2.6200 -0.1150 0.8100
v 2.6200 -0.0250 0.8100
v 2.5400 -0.0250 0.8100
v 2.5400 -0.1150 0.8100
v 2.6200 -0.1150 1.1500
v 2.6200 -0.0250 1.1500
v 2.5400 -0.0250 1.1500
v 2.5400 -0.1150 1.1500
v 2.5289 -0.1163 0.8100
v 2.5088 -0.0285 0.8100
v 2.4309 -0.0463 0.8100
v 2.4509 -0.1341 0.8100
v 2.5289 -0.1163 1.1500
v 2.5088 -0.0285 1.1500
v 2.4309 -0.0463 1.1500
v 2.4509 -0.1341 1.1500
v 2.4403 -0.1378 0.8100
v 2.4013 -0.0567 0.8100
v 2.3292 -0.0914 0.8100
v 2.3682 -0.1725 0.8100
v 2.4403 -0.1378 1.1500
v 2.4013 -0.0567 1.1500
v 2.3292 -0.0914 1.1500
v 2.3682 -0.1725 1.1500
v 2.3588 -0.1784 0.8100
v 2.3026 -0.1081 0.8100
v 2.2401 -0.1579 0.8100
v 2.2962 -0.2283 0.8100
v 2.3588 -0.1784 1.1500
v 2.3026 -0.1081 1.1500
v 2.2401 -0.1579 1.1500
v 2.2962 -0.2283 1.1500
v 2.2883 -0.2362 0.8100
v 2.2179 -0.1801 0.8100
v 2.1681 -0.2426 0.8100
v 2.2384 -0.2988 0.8100
v 2.2883 -0.2362 1.1500
v 2.2179 -0.1801 1.1500
v 2.1681 -0.2426 1.1500
v 2.2384 -0.2988 1.1500
v 2.2325 -0.3082 0.8100
v 2.1514 -0.2692 0.8100
v 2.1167 -0.3413 0.8100
v 2.1978 -0.3803 0.8100
v 2.2325 -0.3082 1.1500
v 2.1514 -0.2692 1.1500
v 2.1167 -0.3413 1.1500
v 2.1978 -0.3803 1.1500
v 2.1941 -0.3909 0.8100
v 2.1063 -0.3709 0.8100
v 2.0885 -0.4488 0.8100
v 2.1763 -0.4689 0.8100
v 2.1941 -0.3909 1.1500
v 2.1063 -0.3709 1.1500
v 2.0885 -0.4488 1.1500
v 2.1763 -0.4689 1.1500
v 2.1750 -0.4800 0.8100
v 2.0850 -0.4800 0.8100
v 2.0850 -0.5600 0.8100
v 2.1750 -0.5600 0.8100
v 2.1750 -0.4800 1.1500
v 2.0850 -0.4800 1.1500
v 2.0850 -0.5600 1.1500
v 2.1750 -0.5600 1.1500
v 2.1763 -0.5711 0.8100
v 2.0885 -0.5912 0.8100
v 2.1063 -0.6691 0.8100
v 2.1941 -0.6491 0.8100
v 2.1763 -0.5711 1.1500
v 2.0885 -0.5912 1.1500
v 2.1063 -0.6691 1.1500
v 2.1941 -0.6491 1.1500
v 2.1978 -0.6597 0.8100
v 2.1167 -0.6987 0.8100
v 2.1514 -0.7708 0.8100
v 2.2325 -0.7318 0.8100
v 2.1978 -0.6597 1.1500
v 2.1167 -0.6987 1.1500
v 2.1514 -0.7708 1.1500
v 2.2325 -0.7318 1.1500
v 2.2384 -0.7412 0.8100
v 2.1681 -0.7974 0.8100
v 2.2179 -0.8599 0.8100
v 2.2883 -0.8038 0.8100
v 2.2384 -0.7412 1.1500
v 2.1681 -0.7974 1.1500
v 2.2179 -0.8599 1.1500
v 2.2883 -0.8038 1.1500
v 2.2962 -0.8117 0.8100
v 2.2401 -0.8821 0.8100
v 2.3026 -0.9319 0.8100
v 2.3588 -0.8616 0.8100
v 2.2962 -0.8117 1.1500
v 2.2401 -0.8821 1.1500
v 2.3026 -0.9319 1.1500
v 2.3588 -0.8616 1.1500
v 2.3682 -0.8675 0.8100
v 2.3292 -0.9486 0.8100
v 2.4013 -0.9833 0.8100
v 2.4403 -0.9022 0.8100
v 2.3682 -0.8675 1.1500
v 2.3292 -0.9486 1.1500
v 2.4013 -0.9833 1.1500
v 2.4403 -0.9022 1.1500
v 2.4509 -0.9059 0.8100
v 2.4309 -0.9937 0.8100
v 2.5088 -1.0115 0.8100
v 2.5289 -0.9237 0.8100
v 2.4509 -0.9059 1.1500
v 2.4309 -0.9937 1.1500
v 2.5088 -1.0115 1.1500
v 2.5289 -0.9237 1.1500
v 2.5400 -0.9250 0.8100
v 2.5400 -1.0150 0.8100
v 2.6200 -1.0150 0.8100
v 2.6200 -0.9250 0.8100
v 2.5400 -0.9250 1.1500
v 2.5400 -1.0150 1.1500
v 2.6200 -1.0150 1.1500
v 2.6200 -0.9250 1.1500
v 2.6311 -0.9237 0.8100
v 2.6512 -1.0115 0.8100
v 2.7291 -0.9937 0.8100
v 2.7091 -0.9059 0.8100
v 2.6311 -0.9237 1.1500
v 2.6512 -1.0115 1.1500
v 2.7291 -0.9937 1.1500
v 2.7091 -0.9059 1.1500
v 2.7197 -0.9022 0.8100
v 2.7587 -0.9833 0.8100
v 2.8308 -0.9486 0.8100
v 2.7918 -0.8675 0.8100
v 2.7197 -0.9022 1.1500
v 2.7587 -0.9833 1.1500
v 2.8308 -0.9486 1.1500
v 2.7918 -0.8675 1.1500
v 2.8012 -0.8616 0.8100
v 2.8574 -0.9319 0.8100
v 2.9199 -0.8821 0.8100
v 2.8638 -0.8117 0.8100
v 2.8012 -0.8616 1.1500
v 2.8574 -0.9319 1.1500
v 2.9199 -0.8821 1.1500
v 2.8638 -0.8117 1.1500
v 2.8717 -0.8038 0.8100
v 2.9421 -0.8599 0.8100
v 2.9919 -0.7974 0.8100
v 2.9216 -0.7412 0.8100
v 2.8717 -0.8038 1.1500
v 2.9421 -0.8599 1.1500
v 2.9919 -0.7974 1.1500
v 2.9216 -0.7412 1.1500
v 2.9275 -0.7318 0.8100
v 3.0086 -0.7708 0.8100
v 3.0433 -0.6987 0.8100
v 2.9622 -0.6597 0.8100
v 2.9275 -0.7318 1.1500
v 3.0086 -0.7708 1.1500
v 3.0433 -0.6987 1.1500
v 2.9622 -0.6597 1.1500
v 2.9659 -0.6491 0.8100
v 3.0537 -0.6691 0.8100
v 3.0715 -0.5912 0.8100
v 2.9837 -0.5711 0.8100
v 2.9659 -0.6491 1.1500
v 3.0537 -0.6691 1.1500
v 3.0715 -0.5912 1.1500
v 2.9837 -0.5711 1.1500
v -1.7000 0.0800 -1.1500
v -1.6200 0.0800 -1.1500
v -1.6200 0.1500 -1.1500
v -1.7000 0.1500 -1.1500
v -1.7000 0.0800 -1.1800
v -1.6200 0.0800 -1.1800
v -1.6200 0.1500 -1.1800
v -1.7000 0.1500 -1.1800
v 0.1500 0.0800 -1.1500
v 0.2300 0.0800 -1.1500
v 0.2300 0.1500 -1.1500
v 0.1500 0.1500 -1.1500
v 0.1500 0.0800 -1.1800
v 0.2300 0.0800 -1.1800
v 0.2300 0.1500 -1.1800
v 0.1500 0.1500 -1.1800
v 1.9500 0.0800 -1.1500
v 2.0300 0.0800 -1.1500
v 2.0300 0.1500 -1.1500
v 1.9500 0.1500 -1.1500
v 1.9500 0.0800 -1.1800
v 2.0300 0.0800 -1.1800
v 2.0300 0.1500 -1.1800
v 1.9500 0.1500 -1.1800
v 3.7500 0.0800 -1.1500
v 3.8300 0.0800 -1.1500
v 3.8300 0.1500 -1.1500
v 3.7500 0.1500 -1.1500
v 3.7500 0.0800 -1.1800
v 3.8300 0.0800 -1.1800
v 3.8300 0.1500 -1.1800
v 3.7500 0.1500 -1.1800
v -1.7000 0.0800 1.1500
v -1.6200 0.0800 1.1500
v -1.6200 0.1500 1.1500
v -1.7000 0.1500 1.1500
v -1.7000 0.0800 1.1800
v -1.6200 0.0800 1.1800
v -1.6200 0.1500 1.1800
v -1.7000 0.1500 1.1800
v 0.1500 0.0800 1.1500
v 0.2300 0.0800 1.1500
v 0.2300 0.1500 1.1500
v 0.1500 0.1500 1.1500
v 0.1500 0.0800 1.1800
v 0.2300 0.0800 1.1800
v 0.2300 0.1500 1.1800
v 0.1500 0.1500 1.1800
v 1.9500 0.0800 1.1500
v 2.0300 0.0800 1.1500
v 2.0300 0.1500 1.1500
v 1.9500 0.1500 1.1500
v 1.9500 0.0800 1.1800
v 2.0300 0.0800 1.1800
v 2.0300 0.1500 1.1800
v 1.9500 0.1500 1.1800
v 3.7500 0.0800 1.1500
v 3.8300 0.0800 1.1500
v 3.8300 0.1500 1.1500
v 3.7500 0.1500 1.1500
v 3.7500 0.0800 1.1800
v 3.8300 0.0800 1.1800
v 3.8300 0.1500 1.1800
v 3.7500 0.1500 1.1800
v -2.9000 -0.0200 -0.9500
v 4.5500 -0.0200 -0.9500
v 4.5500 0.1000 -0.9500
v -2.9000 0.1000 -0.9500
v -2.9000 -0.0200 0.9500
v 4.5500 -0.0200 0.9500
v 4.5500 0.1000 0.9500
v -2.9000 0.1000 0.9500
v -3.0200 -0.4600 -0.9600
v -2.9500 -0.4600 -0.9600
v -2.9500 1.5000 -0.9600
v -3.0200 1.5000 -0.9600
v -3.0200 -0.4600 0.9600
v -2.9500 -0.4600 0.9600
v -2.9500 1.5000 0.9600
v -3.0200 1.5000 0.9600

s off
g corrugated-aluminum-cargo-box
usemtl aluminum_body
f 1 2 6 5
f 4 8 7 3
f 1 4 3 2
f 5 6 7 8
f 1 5 8 4
f 2 3 7 6
g slightly-darker-roof
usemtl body_trim
f 9 10 14 13
f 12 16 15 11
f 9 12 11 10
f 13 14 15 16
f 9 13 16 12
f 10 11 15 14
g front-body-header
f 17 18 22 21
f 20 24 23 19
f 17 20 19 18
f 21 22 23 24
f 17 21 24 20
f 18 19 23 22
g rear-body-frame
f 25 26 30 29
f 28 32 31 27
f 25 28 27 26
f 29 30 31 32
f 25 29 32 28
f 26 27 31 30
g left-cargo-bottom-rail
f 33 34 38 37
f 36 40 39 35
f 33 36 35 34
f 37 38 39 40
f 33 37 40 36
f 34 35 39 38
g right-cargo-bottom-rail
f 41 42 46 45
f 44 48 47 43
f 41 44 43 42
f 45 46 47 48
f 41 45 48 44
f 42 43 47 46
g left-cargo-top-rail
f 49 50 54 53
f 52 56 55 51
f 49 52 51 50
f 53 54 55 56
f 49 53 56 52
f 50 51 55 54
g right-cargo-top-rail
f 57 58 62 61
f 60 64 63 59
f 57 60 59 58
f 61 62 63 64
f 57 61 64 60
f 58 59 63 62
g horizontal-corrugation-shadow-right
usemtl corrugation_shadow
f 65 66 70 69
f 68 72 71 67
f 65 68 67 66
f 69 70 71 72
f 65 69 72 68
f 66 67 71 70
g horizontal-corrugation-shadow-left
f 73 74 78 77
f 76 80 79 75
f 73 76 75 74
f 77 78 79 80
f 73 77 80 76
f 74 75 79 78
g horizontal-corrugation-shadow-right
f 81 82 86 85
f 84 88 87 83
f 81 84 83 82
f 85 86 87 88
f 81 85 88 84
f 82 83 87 86
g horizontal-corrugation-shadow-left
f 89 90 94 93
f 92 96 95 91
f 89 92 91 90
f 93 94 95 96
f 89 93 96 92
f 90 91 95 94
g horizontal-corrugation-shadow-right
f 97 98 102 101
f 100 104 103 99
f 97 100 99 98
f 101 102 103 104
f 97 101 104 100
f 98 99 103 102
g horizontal-corrugation-shadow-left
f 105 106 110 109
f 108 112 111 107
f 105 108 107 106
f 109 110 111 112
f 105 109 112 108
f 106 107 111 110
g horizontal-corrugation-shadow-right
f 113 114 118 117
f 116 120 119 115
f 113 116 115 114
f 117 118 119 120
f 113 117 120 116
f 114 115 119 118
g horizontal-corrugation-shadow-left
f 121 122 126 125
f 124 128 127 123
f 121 124 123 122
f 125 126 127 128
f 121 125 128 124
f 122 123 127 126
g horizontal-corrugation-shadow-right
f 129 130 134 133
f 132 136 135 131
f 129 132 131 130
f 133 134 135 136
f 129 133 136 132
f 130 131 135 134
g horizontal-corrugation-shadow-left
f 137 138 142 141
f 140 144 143 139
f 137 140 139 138
f 141 142 143 144
f 137 141 144 140
f 138 139 143 142
g horizontal-corrugation-shadow-right
f 145 146 150 149
f 148 152 151 147
f 145 148 147 146
f 149 150 151 152
f 145 149 152 148
f 146 147 151 150
g horizontal-corrugation-shadow-left
f 153 154 158 157
f 156 160 159 155
f 153 156 155 154
f 157 158 159 160
f 153 157 160 156
f 154 155 159 158
g horizontal-corrugation-shadow-right
f 161 162 166 165
f 164 168 167 163
f 161 164 163 162
f 165 166 167 168
f 161 165 168 164
f 162 163 167 166
g horizontal-corrugation-shadow-left
f 169 170 174 173
f 172 176 175 171
f 169 172 171 170
f 173 174 175 176
f 169 173 176 172
f 170 171 175 174
g horizontal-corrugation-shadow-right
f 177 178 182 181
f 180 184 183 179
f 177 180 179 178
f 181 182 183 184
f 177 181 184 180
f 178 179 183 182
g horizontal-corrugation-shadow-left
f 185 186 190 189
f 188 192 191 187
f 185 188 187 186
f 189 190 191 192
f 185 189 192 188
f 186 187 191 190
g horizontal-corrugation-shadow-right
f 193 194 198 197
f 196 200 199 195
f 193 196 195 194
f 197 198 199 200
f 193 197 200 196
f 194 195 199 198
g horizontal-corrugation-shadow-left
f 201 202 206 205
f 204 208 207 203
f 201 204 203 202
f 205 206 207 208
f 201 205 208 204
f 202 203 207 206
g horizontal-corrugation-shadow-right
f 209 210 214 213
f 212 216 215 211
f 209 212 211 210
f 213 214 215 216
f 209 213 216 212
f 210 211 215 214
g horizontal-corrugation-shadow-left
f 217 218 222 221
f 220 224 223 219
f 217 220 219 218
f 221 222 223 224
f 217 221 224 220
f 218 219 223 222
g horizontal-corrugation-shadow-right
f 225 226 230 229
f 228 232 231 227
f 225 228 227 226
f 229 230 231 232
f 225 229 232 228
f 226 227 231 230
g horizontal-corrugation-shadow-left
f 233 234 238 237
f 236 240 239 235
f 233 236 235 234
f 237 238 239 240
f 233 237 240 236
f 234 235 239 238
g horizontal-corrugation-shadow-right
f 241 242 246 245
f 244 248 247 243
f 241 244 243 242
f 245 246 247 248
f 241 245 248 244
f 242 243 247 246
g horizontal-corrugation-shadow-left
f 249 250 254 253
f 252 256 255 251
f 249 252 251 250
f 253 254 255 256
f 249 253 256 252
f 250 251 255 254
g horizontal-corrugation-shadow-right
f 257 258 262 261
f 260 264 263 259
f 257 260 259 258
f 261 262 263 264
f 257 261 264 260
f 258 259 263 262
g horizontal-corrugation-shadow-left
f 265 266 270 269
f 268 272 271 267
f 265 268 267 266
f 269 270 271 272
f 265 269 272 268
f 266 267 271 270
g horizontal-corrugation-shadow-right
f 273 274 278 277
f 276 280 279 275
f 273 276 275 274
f 277 278 279 280
f 273 277 280 276
f 274 275 279 278
g horizontal-corrugation-shadow-left
f 281 282 286 285
f 284 288 287 283
f 281 284 283 282
f 285 286 287 288
f 281 285 288 284
f 282 283 287 286
g horizontal-corrugation-shadow-right
f 289 290 294 293
f 292 296 295 291
f 289 292 291 290
f 293 294 295 296
f 289 293 296 292
f 290 291 295 294
g horizontal-corrugation-shadow-left
f 297 298 302 301
f 300 304 303 299
f 297 300 299 298
f 301 302 303 304
f 297 301 304 300
f 298 299 303 302
g horizontal-corrugation-shadow-right
f 305 306 310 309
f 308 312 311 307
f 305 308 307 306
f 309 310 311 312
f 305 309 312 308
f 306 307 311 310
g horizontal-corrugation-shadow-left
f 313 314 318 317
f 316 320 319 315
f 313 316 315 314
f 317 318 319 320
f 313 317 320 316
f 314 315 319 318
g horizontal-corrugation-shadow-right
f 321 322 326 325
f 324 328 327 323
f 321 324 323 322
f 325 326 327 328
f 321 325 328 324
f 322 323 327 326
g horizontal-corrugation-shadow-left
f 329 330 334 333
f 332 336 335 331
f 329 332 331 330
f 333 334 335 336
f 329 333 336 332
f 330 331 335 334
g horizontal-corrugation-shadow-right
f 337 338 342 341
f 340 344 343 339
f 337 340 339 338
f 341 342 343 344
f 337 341 344 340
f 338 339 343 342
g horizontal-corrugation-shadow-left
f 345 346 350 349
f 348 352 351 347
f 345 348 347 346
f 349 350 351 352
f 345 349 352 348
f 346 347 351 350
g horizontal-corrugation-shadow-right
f 353 354 358 357
f 356 360 359 355
f 353 356 355 354
f 357 358 359 360
f 353 357 360 356
f 354 355 359 358
g horizontal-corrugation-shadow-left
f 361 362 366 365
f 364 368 367 363
f 361 364 363 362
f 365 366 367 368
f 361 365 368 364
f 362 363 367 366
g horizontal-corrugation-shadow-right
f 369 370 374 373
f 372 376 375 371
f 369 372 371 370
f 373 374 375 376
f 369 373 376 372
f 370 371 375 374
g horizontal-corrugation-shadow-left
f 377 378 382 381
f 380 384 383 379
f 377 380 379 378
f 381 382 383 384
f 377 381 384 380
f 378 379 383 382
g horizontal-corrugation-shadow-right
f 385 386 390 389
f 388 392 391 387
f 385 388 387 386
f 389 390 391 392
f 385 389 392 388
f 386 387 391 390
g horizontal-corrugation-shadow-left
f 393 394 398 397
f 396 400 399 395
f 393 396 395 394
f 397 398 399 400
f 393 397 400 396
f 394 395 399 398
g horizontal-corrugation-shadow-right
f 401 402 406 405
f 404 408 407 403
f 401 404 403 402
f 405 406 407 408
f 401 405 408 404
f 402 403 407 406
g horizontal-corrugation-shadow-left
f 409 410 414 413
f 412 416 415 411
f 409 412 411 410
f 413 414 415 416
f 409 413 416 412
f 410 411 415 414
g horizontal-corrugation-shadow-right
f 417 418 422 421
f 420 424 423 419
f 417 420 419 418
f 421 422 423 424
f 417 421 424 420
f 418 419 423 422
g horizontal-corrugation-shadow-left
f 425 426 430 429
f 428 432 431 427
f 425 428 427 426
f 429 430 431 432
f 425 429 432 428
f 426 427 431 430
g horizontal-corrugation-shadow-right
f 433 434 438 437
f 436 440 439 435
f 433 436 435 434
f 437 438 439 440
f 433 437 440 436
f 434 435 439 438
g horizontal-corrugation-shadow-left
f 441 442 446 445
f 444 448 447 443
f 441 444 443 442
f 445 446 447 448
f 441 445 448 444
f 442 443 447 446
g subtle-vertical-panel-joint-right
usemtl body_trim
f 449 450 454 453
f 452 456 455 451
f 449 452 451 450
f 453 454 455 456
f 449 453 456 452
f 450 451 455 454
g subtle-vertical-panel-joint-left
f 457 458 462 461
f 460 464 463 459
f 457 460 459 458
f 461 462 463 464
f 457 461 464 460
f 458 459 463 462
g subtle-vertical-panel-joint-right
f 465 466 470 469
f 468 472 471 467
f 465 468 467 466
f 469 470 471 472
f 465 469 472 468
f 466 467 471 470
g subtle-vertical-panel-joint-left
f 473 474 478 477
f 476 480 479 475
f 473 476 475 474
f 477 478 479 480
f 473 477 480 476
f 474 475 479 478
g subtle-vertical-panel-joint-right
f 481 482 486 485
f 484 488 487 483
f 481 484 483 482
f 485 486 487 488
f 481 485 488 484
f 482 483 487 486
g subtle-vertical-panel-joint-left
f 489 490 494 493
f 492 496 495 491
f 489 492 491 490
f 493 494 495 496
f 489 493 496 492
f 490 491 495 494
g subtle-vertical-panel-joint-right
f 497 498 502 501
f 500 504 503 499
f 497 500 499 498
f 501 502 503 504
f 497 501 504 500
f 498 499 503 502
g subtle-vertical-panel-joint-left
f 505 506 510 509
f 508 512 511 507
f 505 508 507 506
f 509 510 511 512
f 505 509 512 508
f 506 507 511 510
g subtle-vertical-panel-joint-right
f 513 514 518 517
f 516 520 519 515
f 513 516 515 514
f 517 518 519 520
f 513 517 520 516
f 514 515 519 518
g subtle-vertical-panel-joint-left
f 521 522 526 525
f 524 528 527 523
f 521 524 523 522
f 525 526 527 528
f 521 525 528 524
f 522 523 527 526
g subtle-vertical-panel-joint-right
f 529 530 534 533
f 532 536 535 531
f 529 532 531 530
f 533 534 535 536
f 529 533 536 532
f 530 531 535 534
g subtle-vertical-panel-joint-left
f 537 538 542 541
f 540 544 543 539
f 537 540 539 538
f 541 542 543 544
f 537 541 544 540
f 538 539 543 542
g subtle-vertical-panel-joint-right
f 545 546 550 549
f 548 552 551 547
f 545 548 547 546
f 549 550 551 552
f 545 549 552 548
f 546 547 551 550
g subtle-vertical-panel-joint-left
f 553 554 558 557
f 556 560 559 555
f 553 556 555 554
f 557 558 559 560
f 553 557 560 556
f 554 555 559 558
g subtle-vertical-panel-joint-right
f 561 562 566 565
f 564 568 567 563
f 561 564 563 562
f 565 566 567 568
f 561 565 568 564
f 562 563 567 566
g subtle-vertical-panel-joint-left
f 569 570 574 573
f 572 576 575 571
f 569 572 571 570
f 573 574 575 576
f 569 573 576 572
f 570 571 575 574
g subtle-vertical-panel-joint-right
f 577 578 582 581
f 580 584 583 579
f 577 580 579 578
f 581 582 583 584
f 577 581 584 580
f 578 579 583 582
g subtle-vertical-panel-joint-left
f 585 586 590 589
f 588 592 591 587
f 585 588 587 586
f 589 590 591 592
f 585 589 592 588
f 586 587 591 590
g subtle-vertical-panel-joint-right
f 593 594 598 597
f 596 600 599 595
f 593 596 595 594
f 597 598 599 600
f 593 597 600 596
f 594 595 599 598
g subtle-vertical-panel-joint-left
f 601 602 606 605
f 604 608 607 603
f 601 604 603 602
f 605 606 607 608
f 601 605 608 604
f 602 603 607 606
g subtle-vertical-panel-joint-right
f 609 610 614 613
f 612 616 615 611
f 609 612 611 610
f 613 614 615 616
f 609 613 616 612
f 610 611 615 614
g subtle-vertical-panel-joint-left
f 617 618 622 621
f 620 624 623 619
f 617 620 619 618
f 621 622 623 624
f 617 621 624 620
f 618 619 623 622
g rear-left-door
usemtl rear_door
f 625 626 630 629
f 628 632 631 627
f 625 628 627 626
f 629 630 631 632
f 625 629 632 628
f 626 627 631 630
g rear-right-door
f 633 634 638 637
f 636 640 639 635
f 633 636 635 634
f 637 638 639 640
f 633 637 640 636
f 634 635 639 638
g rear-center-seal
usemtl black_plastic
f 641 642 646 645
f 644 648 647 643
f 641 644 643 642
f 645 646 647 648
f 641 645 648 644
f 642 643 647 646
g rear-door-top-header
usemtl body_trim
f 649 650 654 653
f 652 656 655 651
f 649 652 651 650
f 653 654 655 656
f 649 653 656 652
f 650 651 655 654
g rear-door-bottom-threshold
f 657 658 662 661
f 660 664 663 659
f 657 660 659 658
f 661 662 663 664
f 657 661 664 660
f 658 659 663 662
g rear-door-locking-bar
usemtl chrome
f 665 666 670 669
f 668 672 671 667
f 665 668 667 666
f 669 670 671 672
f 665 669 672 668
f 666 667 671 670
g rear-door-locking-handle
f 673 674 678 677
f 676 680 679 675
f 673 676 675 674
f 677 678 679 680
f 673 677 680 676
f 674 675 679 678
g rear-door-locking-bar
f 681 682 686 685
f 684 688 687 683
f 681 684 683 682
f 685 686 687 688
f 681 685 688 684
f 682 683 687 686
g rear-door-locking-handle
f 689 690 694 693
f 692 696 695 691
f 689 692 691 690
f 693 694 695 696
f 689 693 696 692
f 690 691 695 694
g rear-door-hinge
usemtl body_trim
f 697 698 702 701
f 700 704 703 699
f 697 700 699 698
f 701 702 703 704
f 697 701 704 700
f 698 699 703 702
f 705 706 710 709
f 708 712 711 707
f 705 708 707 706
f 709 710 711 712
f 705 709 712 708
f 706 707 711 710
f 713 714 718 717
f 716 720 719 715
f 713 716 715 714
f 717 718 719 720
f 713 717 720 716
f 714 715 719 718
f 721 722 726 725
f 724 728 727 723
f 721 724 723 722
f 725 726 727 728
f 721 725 728 724
f 722 723 727 726
f 729 730 734 733
f 732 736 735 731
f 729 732 731 730
f 733 734 735 736
f 729 733 736 732
f 730 731 735 734
f 737 738 742 741
f 740 744 743 739
f 737 740 739 738
f 741 742 743 744
f 737 741 744 740
f 738 739 743 742
f 745 746 750 749
f 748 752 751 747
f 745 748 747 746
f 749 750 751 752
f 745 749 752 748
f 746 747 751 750
f 753 754 758 757
f 756 760 759 755
f 753 756 755 754
f 757 758 759 760
f 753 757 760 756
f 754 755 759 758
g rear-underride-bar
usemtl chassis_dark
f 761 762 766 765
f 764 768 767 763
f 761 764 763 762
f 765 766 767 768
f 761 765 768 764
f 762 763 767 766
g rear-left-mudflap
usemtl mudflap
f 769 770 774 773
f 772 776 775 771
f 769 772 771 770
f 773 774 775 776
f 769 773 776 772
f 770 771 775 774
g rear-right-mudflap
f 777 778 782 781
f 780 784 783 779
f 777 780 779 778
f 781 782 783 784
f 777 781 784 780
f 778 779 783 782
g rear-left-tail-light
usemtl tail_light
f 785 786 790 789
f 788 792 791 787
f 785 788 787 786
f 789 790 791 792
f 785 789 792 788
f 786 787 791 790
g rear-right-tail-light
f 793 794 798 797
f 796 800 799 795
f 793 796 795 794
f 797 798 799 800
f 793 797 800 796
f 794 795 799 798
g cab-lower-volume
usemtl cab_paint
f 801 802 806 805
f 804 808 807 803
f 801 804 803 802
f 805 806 807 808
f 801 805 808 804
f 802 803 807 806
g cab-upper-volume
f 809 810 814 813
f 812 816 815 811
f 809 812 811 810
f 813 814 815 816
f 809 813 816 812
f 810 811 815 814
g cab-roof-cap
f 817 818 822 821
f 820 824 823 819
f 817 820 819 818
f 821 822 823 824
f 817 821 824 820
f 818 819 823 822
g front-visor
usemtl black_plastic
f 825 826 830 829
f 828 832 831 827
f 825 828 827 826
f 829 830 831 832
f 825 829 832 828
f 826 827 831 830
g front-bumper
f 833 834 838 837
f 836 840 839 835
f 833 836 835 834
f 837 838 839 840
f 833 837 840 836
f 834 835 839 838
g lower-front-apron
usemtl cab_paint
f 841 842 846 845
f 844 848 847 843
f 841 844 843 842
f 845 846 847 848
f 841 845 848 844
f 842 843 847 846
g sloped-windshield
usemtl windshield_glass
f 849 850 851 852
g windshield-bottom-seal
usemtl black_plastic
f 853 854 858 857
f 856 860 859 855
f 853 856 855 854
f 857 858 859 860
f 853 857 860 856
f 854 855 859 858
g windshield-top-seal
f 861 862 866 865
f 864 868 867 863
f 861 864 863 862
f 865 866 867 868
f 861 865 868 864
f 862 863 867 866
g windshield-center-post
f 869 870 874 873
f 872 876 875 871
f 869 872 871 870
f 873 874 875 876
f 869 873 876 872
f 870 871 875 874
g side-window
usemtl windshield_glass
f 877 878 882 881
f 880 884 883 879
f 877 880 879 878
f 881 882 883 884
f 877 881 884 880
f 878 879 883 882
g side-door-panel-line
usemtl black_plastic
f 885 886 890 889
f 888 892 891 887
f 885 888 887 886
f 889 890 891 892
f 885 889 892 888
f 886 887 891 890
g side-window-a-pillar
f 893 894 898 897
f 896 900 899 895
f 893 896 895 894
f 897 898 899 900
f 893 897 900 896
f 894 895 899 898
g door-handle
f 901 902 906 905
f 904 908 907 903
f 901 904 903 902
f 905 906 907 908
f 901 905 908 904
f 902 903 907 906
g cab-step-upper
usemtl tank_silver
f 909 910 914 913
f 912 916 915 911
f 909 912 911 910
f 913 914 915 916
f 909 913 916 912
f 910 911 915 914
g cab-step-lower
f 917 918 922 921
f 920 924 923 919
f 917 920 919 918
f 921 922 923 924
f 917 921 924 920
f 918 919 923 922
g mirror-arm
usemtl black_plastic
f 925 926 930 929
f 928 932 931 927
f 925 928 927 926
f 929 930 931 932
f 925 929 932 928
f 926 927 931 930
g mirror-head
f 933 934 938 937
f 936 940 939 935
f 933 936 935 934
f 937 938 939 940
f 933 937 940 936
f 934 935 939 938
g side-window
usemtl windshield_glass
f 941 942 946 945
f 944 948 947 943
f 941 944 943 942
f 945 946 947 948
f 941 945 948 944
f 942 943 947 946
g side-door-panel-line
usemtl black_plastic
f 949 950 954 953
f 952 956 955 951
f 949 952 951 950
f 953 954 955 956
f 949 953 956 952
f 950 951 955 954
g side-window-a-pillar
f 957 958 962 961
f 960 964 963 959
f 957 960 959 958
f 961 962 963 964
f 957 961 964 960
f 958 959 963 962
g door-handle
f 965 966 970 969
f 968 972 971 967
f 965 968 967 966
f 969 970 971 972
f 965 969 972 968
f 966 967 971 970
g cab-step-upper
usemtl tank_silver
f 973 974 978 977
f 976 980 979 975
f 973 976 975 974
f 977 978 979 980
f 973 977 980 976
f 974 975 979 978
g cab-step-lower
f 981 982 986 985
f 984 988 987 983
f 981 984 983 982
f 985 986 987 988
f 981 985 988 984
f 982 983 987 986
g mirror-arm
usemtl black_plastic
f 989 990 994 993
f 992 996 995 991
f 989 992 991 990
f 993 994 995 996
f 989 993 996 992
f 990 991 995 994
g mirror-head
f 997 998 1002 1001
f 1000 1004 1003 999
f 997 1000 999 998
f 1001 1002 1003 1004
f 997 1001 1004 1000
f 998 999 1003 1002
g front-grille-dark
usemtl grille_dark
f 1005 1006 1010 1009
f 1008 1012 1011 1007
f 1005 1008 1007 1006
f 1009 1010 1011 1012
f 1005 1009 1012 1008
f 1006 1007 1011 1010
g front-grille-horizontal-chrome
usemtl chrome
f 1013 1014 1018 1017
f 1016 1020 1019 1015
f 1013 1016 1015 1014
f 1017 1018 1019 1020
f 1013 1017 1020 1016
f 1014 1015 1019 1018
f 1021 1022 1026 1025
f 1024 1028 1027 1023
f 1021 1024 1023 1022
f 1025 1026 1027 1028
f 1021 1025 1028 1024
f 1022 1023 1027 1026
f 1029 1030 1034 1033
f 1032 1036 1035 1031
f 1029 1032 1031 1030
f 1033 1034 1035 1036
f 1029 1033 1036 1032
f 1030 1031 1035 1034
f 1037 1038 1042 1041
f 1040 1044 1043 1039
f 1037 1040 1039 1038
f 1041 1042 1043 1044
f 1037 1041 1044 1040
f 1038 1039 1043 1042
f 1045 1046 1050 1049
f 1048 1052 1051 1047
f 1045 1048 1047 1046
f 1049 1050 1051 1052
f 1045 1049 1052 1048
f 1046 1047 1051 1050
g front-grille-vertical-chrome
f 1053 1054 1058 1057
f 1056 1060 1059 1055
f 1053 1056 1055 1054
f 1057 1058 1059 1060
f 1053 1057 1060 1056
f 1054 1055 1059 1058
g volvo-diagonal-slash
f 1061 1062 1066 1065
f 1064 1068 1067 1063
f 1061 1064 1063 1062
f 1065 1066 1067 1068
f 1061 1065 1068 1064
f 1062 1063 1067 1066
g volvo-badge
f 1069 1070 1074 1073
f 1072 1076 1075 1071
f 1069 1072 1071 1070
f 1073 1074 1075 1076
f 1069 1073 1076 1072
f 1070 1071 1075 1074
g headlight-lens
usemtl headlight_lens
f 1077 1078 1082 1081
f 1080 1084 1083 1079
f 1077 1080 1079 1078
f 1081 1082 1083 1084
f 1077 1081 1084 1080
f 1078 1079 1083 1082
g indicator-lens
usemtl marker_amber
f 1085 1086 1090 1089
f 1088 1092 1091 1087
f 1085 1088 1087 1086
f 1089 1090 1091 1092
f 1085 1089 1092 1088
f 1086 1087 1091 1090
g headlight-lens
usemtl headlight_lens
f 1093 1094 1098 1097
f 1096 1100 1099 1095
f 1093 1096 1095 1094
f 1097 1098 1099 1100
f 1093 1097 1100 1096
f 1094 1095 1099 1098
g indicator-lens
usemtl marker_amber
f 1101 1102 1106 1105
f 1104 1108 1107 1103
f 1101 1104 1103 1102
f 1105 1106 1107 1108
f 1101 1105 1108 1104
f 1102 1103 1107 1106
g license-plate
usemtl chrome
f 1109 1110 1114 1113
f 1112 1116 1115 1111
f 1109 1112 1111 1110
f 1113 1114 1115 1116
f 1109 1113 1116 1112
f 1110 1111 1115 1114
g cab-rear-shadow-gap
usemtl black_plastic
f 1117 1118 1122 1121
f 1120 1124 1123 1119
f 1117 1120 1119 1118
f 1121 1122 1123 1124
f 1117 1121 1124 1120
f 1118 1119 1123 1122
g left-chassis-rail
usemtl chassis_dark
f 1125 1126 1130 1129
f 1128 1132 1131 1127
f 1125 1128 1127 1126
f 1129 1130 1131 1132
f 1125 1129 1132 1128
f 1126 1127 1131 1130
g right-chassis-rail
f 1133 1134 1138 1137
f 1136 1140 1139 1135
f 1133 1136 1135 1134
f 1137 1138 1139 1140
f 1133 1137 1140 1136
f 1134 1135 1139 1138
g chassis-crossmember
f 1141 1142 1146 1145
f 1144 1148 1147 1143
f 1141 1144 1143 1142
f 1145 1146 1147 1148
f 1141 1145 1148 1144
f 1142 1143 1147 1146
f 1149 1150 1154 1153
f 1152 1156 1155 1151
f 1149 1152 1151 1150
f 1153 1154 1155 1156
f 1149 1153 1156 1152
f 1150 1151 1155 1154
f 1157 1158 1162 1161
f 1160 1164 1163 1159
f 1157 1160 1159 1158
f 1161 1162 1163 1164
f 1157 1161 1164 1160
f 1158 1159 1163 1162
f 1165 1166 1170 1169
f 1168 1172 1171 1167
f 1165 1168 1167 1166
f 1169 1170 1171 1172
f 1165 1169 1172 1168
f 1166 1167 1171 1170
f 1173 1174 1178 1177
f 1176 1180 1179 1175
f 1173 1176 1175 1174
f 1177 1178 1179 1180
f 1173 1177 1180 1176
f 1174 1175 1179 1178
f 1181 1182 1186 1185
f 1184 1188 1187 1183
f 1181 1184 1183 1182
f 1185 1186 1187 1188
f 1181 1185 1188 1184
f 1182 1183 1187 1186
f 1189 1190 1194 1193
f 1192 1196 1195 1191
f 1189 1192 1191 1190
f 1193 1194 1195 1196
f 1189 1193 1196 1192
f 1190 1191 1195 1194
f 1197 1198 1202 1201
f 1200 1204 1203 1199
f 1197 1200 1199 1198
f 1201 1202 1203 1204
f 1197 1201 1204 1200
f 1198 1199 1203 1202
f 1205 1206 1210 1209
f 1208 1212 1211 1207
f 1205 1208 1207 1206
f 1209 1210 1211 1212
f 1205 1209 1212 1208
f 1206 1207 1211 1210
f 1213 1214 1218 1217
f 1216 1220 1219 1215
f 1213 1216 1215 1214
f 1217 1218 1219 1220
f 1213 1217 1220 1216
f 1214 1215 1219 1218
f 1221 1222 1226 1225
f 1224 1228 1227 1223
f 1221 1224 1223 1222
f 1225 1226 1227 1228
f 1221 1225 1228 1224
f 1222 1223 1227 1226
f 1229 1230 1234 1233
f 1232 1236 1235 1231
f 1229 1232 1231 1230
f 1233 1234 1235 1236
f 1229 1233 1236 1232
f 1230 1231 1235 1234
g left-side-underride-guard
f 1237 1238 1242 1241
f 1240 1244 1243 1239
f 1237 1240 1239 1238
f 1241 1242 1243 1244
f 1237 1241 1244 1240
f 1238 1239 1243 1242
g right-side-underride-guard
f 1245 1246 1250 1249
f 1248 1252 1251 1247
f 1245 1248 1247 1246
f 1249 1250 1251 1252
f 1245 1249 1252 1248
f 1246 1247 1251 1250
g left-side-guard-post-a
f 1253 1254 1258 1257
f 1256 1260 1259 1255
f 1253 1256 1255 1254
f 1257 1258 1259 1260
f 1253 1257 1260 1256
f 1254 1255 1259 1258
g left-side-guard-post-b
f 1261 1262 1266 1265
f 1264 1268 1267 1263
f 1261 1264 1263 1262
f 1265 1266 1267 1268
f 1261 1265 1268 1264
f 1262 1263 1267 1266
g right-side-guard-post-a
f 1269 1270 1274 1273
f 1272 1276 1275 1271
f 1269 1272 1271 1270
f 1273 1274 1275 1276
f 1269 1273 1276 1272
f 1270 1271 1275 1274
g right-side-guard-post-b
f 1277 1278 1282 1281
f 1280 1284 1283 1279
f 1277 1280 1279 1278
f 1281 1282 1283 1284
f 1277 1281 1284 1280
f 1278 1279 1283 1282
g fuel-tank-left
usemtl tank_silver
f 1285 1287 1288 1286
f 1357 1285 1287
f 1358 1288 1286
f 1287 1289 1290 1288
f 1357 1287 1289
f 1358 1290 1288
f 1289 1291 1292 1290
f 1357 1289 1291
f 1358 1292 1290
f 1291 1293 1294 1292
f 1357 1291 1293
f 1358 1294 1292
f 1293 1295 1296 1294
f 1357 1293 1295
f 1358 1296 1294
f 1295 1297 1298 1296
f 1357 1295 1297
f 1358 1298 1296
f 1297 1299 1300 1298
f 1357 1297 1299
f 1358 1300 1298
f 1299 1301 1302 1300
f 1357 1299 1301
f 1358 1302 1300
f 1301 1303 1304 1302
f 1357 1301 1303
f 1358 1304 1302
f 1303 1305 1306 1304
f 1357 1303 1305
f 1358 1306 1304
f 1305 1307 1308 1306
f 1357 1305 1307
f 1358 1308 1306
f 1307 1309 1310 1308
f 1357 1307 1309
f 1358 1310 1308
f 1309 1311 1312 1310
f 1357 1309 1311
f 1358 1312 1310
f 1311 1313 1314 1312
f 1357 1311 1313
f 1358 1314 1312
f 1313 1315 1316 1314
f 1357 1313 1315
f 1358 1316 1314
f 1315 1317 1318 1316
f 1357 1315 1317
f 1358 1318 1316
f 1317 1319 1320 1318
f 1357 1317 1319
f 1358 1320 1318
f 1319 1321 1322 1320
f 1357 1319 1321
f 1358 1322 1320
f 1321 1323 1324 1322
f 1357 1321 1323
f 1358 1324 1322
f 1323 1325 1326 1324
f 1357 1323 1325
f 1358 1326 1324
f 1325 1327 1328 1326
f 1357 1325 1327
f 1358 1328 1326
f 1327 1329 1330 1328
f 1357 1327 1329
f 1358 1330 1328
f 1329 1331 1332 1330
f 1357 1329 1331
f 1358 1332 1330
f 1331 1333 1334 1332
f 1357 1331 1333
f 1358 1334 1332
f 1333 1335 1336 1334
f 1357 1333 1335
f 1358 1336 1334
f 1335 1337 1338 1336
f 1357 1335 1337
f 1358 1338 1336
f 1337 1339 1340 1338
f 1357 1337 1339
f 1358 1340 1338
f 1339 1341 1342 1340
f 1357 1339 1341
f 1358 1342 1340
f 1341 1343 1344 1342
f 1357 1341 1343
f 1358 1344 1342
f 1343 1345 1346 1344
f 1357 1343 1345
f 1358 1346 1344
f 1345 1347 1348 1346
f 1357 1345 1347
f 1358 1348 1346
f 1347 1349 1350 1348
f 1357 1347 1349
f 1358 1350 1348
f 1349 1351 1352 1350
f 1357 1349 1351
f 1358 1352 1350
f 1351 1353 1354 1352
f 1357 1351 1353
f 1358 1354 1352
f 1353 1355 1356 1354
f 1357 1353 1355
f 1358 1356 1354
f 1355 1285 1286 1356
f 1357 1355 1285
f 1358 1286 1356
g air-tank-right-front
f 1359 1361 1362 1360
f 1415 1359 1361
f 1416 1362 1360
f 1361 1363 1364 1362
f 1415 1361 1363
f 1416 1364 1362
f 1363 1365 1366 1364
f 1415 1363 1365
f 1416 1366 1364
f 1365 1367 1368 1366
f 1415 1365 1367
f 1416 1368 1366
f 1367 1369 1370 1368
f 1415 1367 1369
f 1416 1370 1368
f 1369 1371 1372 1370
f 1415 1369 1371
f 1416 1372 1370
f 1371 1373 1374 1372
f 1415 1371 1373
f 1416 1374 1372
f 1373 1375 1376 1374
f 1415 1373 1375
f 1416 1376 1374
f 1375 1377 1378 1376
f 1415 1375 1377
f 1416 1378 1376
f 1377 1379 1380 1378
f 1415 1377 1379
f 1416 1380 1378
f 1379 1381 1382 1380
f 1415 1379 1381
f 1416 1382 1380
f 1381 1383 1384 1382
f 1415 1381 1383
f 1416 1384 1382
f 1383 1385 1386 1384
f 1415 1383 1385
f 1416 1386 1384
f 1385 1387 1388 1386
f 1415 1385 1387
f 1416 1388 1386
f 1387 1389 1390 1388
f 1415 1387 1389
f 1416 1390 1388
f 1389 1391 1392 1390
f 1415 1389 1391
f 1416 1392 1390
f 1391 1393 1394 1392
f 1415 1391 1393
f 1416 1394 1392
f 1393 1395 1396 1394
f 1415 1393 1395
f 1416 1396 1394
f 1395 1397 1398 1396
f 1415 1395 1397
f 1416 1398 1396
f 1397 1399 1400 1398
f 1415 1397 1399
f 1416 1400 1398
f 1399 1401 1402 1400
f 1415 1399 1401
f 1416 1402 1400
f 1401 1403 1404 1402
f 1415 1401 1403
f 1416 1404 1402
f 1403 1405 1406 1404
f 1415 1403 1405
f 1416 1406 1404
f 1405 1407 1408 1406
f 1415 1405 1407
f 1416 1408 1406
f 1407 1409 1410 1408
f 1415 1407 1409
f 1416 1410 1408
f 1409 1411 1412 1410
f 1415 1409 1411
f 1416 1412 1410
f 1411 1413 1414 1412
f 1415 1411 1413
f 1416 1414 1412
f 1413 1359 1360 1414
f 1415 1413 1359
f 1416 1360 1414
g air-tank-right-rear
f 1417 1419 1420 1418
f 1473 1417 1419
f 1474 1420 1418
f 1419 1421 1422 1420
f 1473 1419 1421
f 1474 1422 1420
f 1421 1423 1424 1422
f 1473 1421 1423
f 1474 1424 1422
f 1423 1425 1426 1424
f 1473 1423 1425
f 1474 1426 1424
f 1425 1427 1428 1426
f 1473 1425 1427
f 1474 1428 1426
f 1427 1429 1430 1428
f 1473 1427 1429
f 1474 1430 1428
f 1429 1431 1432 1430
f 1473 1429 1431
f 1474 1432 1430
f 1431 1433 1434 1432
f 1473 1431 1433
f 1474 1434 1432
f 1433 1435 1436 1434
f 1473 1433 1435
f 1474 1436 1434
f 1435 1437 1438 1436
f 1473 1435 1437
f 1474 1438 1436
f 1437 1439 1440 1438
f 1473 1437 1439
f 1474 1440 1438
f 1439 1441 1442 1440
f 1473 1439 1441
f 1474 1442 1440
f 1441 1443 1444 1442
f 1473 1441 1443
f 1474 1444 1442
f 1443 1445 1446 1444
f 1473 1443 1445
f 1474 1446 1444
f 1445 1447 1448 1446
f 1473 1445 1447
f 1474 1448 1446
f 1447 1449 1450 1448
f 1473 1447 1449
f 1474 1450 1448
f 1449 1451 1452 1450
f 1473 1449 1451
f 1474 1452 1450
f 1451 1453 1454 1452
f 1473 1451 1453
f 1474 1454 1452
f 1453 1455 1456 1454
f 1473 1453 1455
f 1474 1456 1454
f 1455 1457 1458 1456
f 1473 1455 1457
f 1474 1458 1456
f 1457 1459 1460 1458
f 1473 1457 1459
f 1474 1460 1458
f 1459 1461 1462 1460
f 1473 1459 1461
f 1474 1462 1460
f 1461 1463 1464 1462
f 1473 1461 1463
f 1474 1464 1462
f 1463 1465 1466 1464
f 1473 1463 1465
f 1474 1466 1464
f 1465 1467 1468 1466
f 1473 1465 1467
f 1474 1468 1466
f 1467 1469 1470 1468
f 1473 1467 1469
f 1474 1470 1468
f 1469 1471 1472 1470
f 1473 1469 1471
f 1474 1472 1470
f 1471 1417 1418 1472
f 1473 1471 1417
f 1474 1418 1472
g battery-box
usemtl chassis_dark
f 1475 1476 1480 1479
f 1478 1482 1481 1477
f 1475 1478 1477 1476
f 1479 1480 1481 1482
f 1475 1479 1482 1478
f 1476 1477 1481 1480
g toolbox-left
usemtl tank_silver
f 1483 1484 1488 1487
f 1486 1490 1489 1485
f 1483 1486 1485 1484
f 1487 1488 1489 1490
f 1483 1487 1490 1486
f 1484 1485 1489 1488
g exhaust-muffler
f 1491 1493 1494 1492
f 1547 1491 1493
f 1548 1494 1492
f 1493 1495 1496 1494
f 1547 1493 1495
f 1548 1496 1494
f 1495 1497 1498 1496
f 1547 1495 1497
f 1548 1498 1496
f 1497 1499 1500 1498
f 1547 1497 1499
f 1548 1500 1498
f 1499 1501 1502 1500
f 1547 1499 1501
f 1548 1502 1500
f 1501 1503 1504 1502
f 1547 1501 1503
f 1548 1504 1502
f 1503 1505 1506 1504
f 1547 1503 1505
f 1548 1506 1504
f 1505 1507 1508 1506
f 1547 1505 1507
f 1548 1508 1506
f 1507 1509 1510 1508
f 1547 1507 1509
f 1548 1510 1508
f 1509 1511 1512 1510
f 1547 1509 1511
f 1548 1512 1510
f 1511 1513 1514 1512
f 1547 1511 1513
f 1548 1514 1512
f 1513 1515 1516 1514
f 1547 1513 1515
f 1548 1516 1514
f 1515 1517 1518 1516
f 1547 1515 1517
f 1548 1518 1516
f 1517 1519 1520 1518
f 1547 1517 1519
f 1548 1520 1518
f 1519 1521 1522 1520
f 1547 1519 1521
f 1548 1522 1520
f 1521 1523 1524 1522
f 1547 1521 1523
f 1548 1524 1522
f 1523 1525 1526 1524
f 1547 1523 1525
f 1548 1526 1524
f 1525 1527 1528 1526
f 1547 1525 1527
f 1548 1528 1526
f 1527 1529 1530 1528
f 1547 1527 1529
f 1548 1530 1528
f 1529 1531 1532 1530
f 1547 1529 1531
f 1548 1532 1530
f 1531 1533 1534 1532
f 1547 1531 1533
f 1548 1534 1532
f 1533 1535 1536 1534
f 1547 1533 1535
f 1548 1536 1534
f 1535 1537 1538 1536
f 1547 1535 1537
f 1548 1538 1536
f 1537 1539 1540 1538
f 1547 1537 1539
f 1548 1540 1538
f 1539 1541 1542 1540
f 1547 1539 1541
f 1548 1542 1540
f 1541 1543 1544 1542
f 1547 1541 1543
f 1548 1544 1542
f 1543 1545 1546 1544
f 1547 1543 1545
f 1548 1546 1544
f 1545 1491 1492 1546
f 1547 1545 1491
f 1548 1492 1546
g vertical-exhaust-stack
usemtl black_plastic
f 1549 1550 1554 1553
f 1552 1556 1555 1551
f 1549 1552 1551 1550
f 1553 1554 1555 1556
f 1549 1553 1556 1552
f 1550 1551 1555 1554
g exhaust-top-cap
f 1557 1558 1562 1561
f 1560 1564 1563 1559
f 1557 1560 1559 1558
f 1561 1562 1563 1564
f 1557 1561 1564 1560
f 1558 1559 1563 1562
g rear-axle
usemtl axle_metal
f 1565 1566 1570 1569
f 1568 1572 1571 1567
f 1565 1568 1567 1566
f 1569 1570 1571 1572
f 1565 1569 1572 1568
f 1566 1567 1571 1570
g rear-suspension-pack-left
usemtl chassis_dark
f 1573 1574 1578 1577
f 1576 1580 1579 1575
f 1573 1576 1575 1574
f 1577 1578 1579 1580
f 1573 1577 1580 1576
f 1574 1575 1579 1578
g rear-suspension-pack-right
f 1581 1582 1586 1585
f 1584 1588 1587 1583
f 1581 1584 1583 1582
f 1585 1586 1587 1588
f 1581 1585 1588 1584
f 1582 1583 1587 1586
g rear-axle
usemtl axle_metal
f 1589 1590 1594 1593
f 1592 1596 1595 1591
f 1589 1592 1591 1590
f 1593 1594 1595 1596
f 1589 1593 1596 1592
f 1590 1591 1595 1594
g rear-suspension-pack-left
usemtl chassis_dark
f 1597 1598 1602 1601
f 1600 1604 1603 1599
f 1597 1600 1599 1598
f 1601 1602 1603 1604
f 1597 1601 1604 1600
f 1598 1599 1603 1602
g rear-suspension-pack-right
f 1605 1606 1610 1609
f 1608 1612 1611 1607
f 1605 1608 1607 1606
f 1609 1610 1611 1612
f 1605 1609 1612 1608
f 1606 1607 1611 1610
g front-axle
usemtl axle_metal
f 1613 1614 1618 1617
f 1616 1620 1619 1615
f 1613 1616 1615 1614
f 1617 1618 1619 1620
f 1613 1617 1620 1616
f 1614 1615 1619 1618
g rear-left-fender
usemtl black_plastic
f 1621 1622 1626 1625
f 1624 1628 1627 1623
f 1621 1624 1623 1622
f 1625 1626 1627 1628
f 1621 1625 1628 1624
f 1622 1623 1627 1626
g rear-right-fender
f 1629 1630 1634 1633
f 1632 1636 1635 1631
f 1629 1632 1631 1630
f 1633 1634 1635 1636
f 1629 1633 1636 1632
f 1630 1631 1635 1634
g front-left-mudguard
f 1637 1638 1642 1641
f 1640 1644 1643 1639
f 1637 1640 1639 1638
f 1641 1642 1643 1644
f 1637 1641 1644 1640
f 1638 1639 1643 1642
g front-right-mudguard
f 1645 1646 1650 1649
f 1648 1652 1651 1647
f 1645 1648 1647 1646
f 1649 1650 1651 1652
f 1645 1649 1652 1648
f 1646 1647 1651 1650
g heavy-rubber-tire
usemtl rubber_tire
f 1653 1655 1656 1654
f 1765 1655 1653
f 1766 1654 1656
f 1655 1657 1658 1656
f 1765 1657 1655
f 1766 1656 1658
f 1657 1659 1660 1658
f 1765 1659 1657
f 1766 1658 1660
f 1659 1661 1662 1660
f 1765 1661 1659
f 1766 1660 1662
f 1661 1663 1664 1662
f 1765 1663 1661
f 1766 1662 1664
f 1663 1665 1666 1664
f 1765 1665 1663
f 1766 1664 1666
f 1665 1667 1668 1666
f 1765 1667 1665
f 1766 1666 1668
f 1667 1669 1670 1668
f 1765 1669 1667
f 1766 1668 1670
f 1669 1671 1672 1670
f 1765 1671 1669
f 1766 1670 1672
f 1671 1673 1674 1672
f 1765 1673 1671
f 1766 1672 1674
f 1673 1675 1676 1674
f 1765 1675 1673
f 1766 1674 1676
f 1675 1677 1678 1676
f 1765 1677 1675
f 1766 1676 1678
f 1677 1679 1680 1678
f 1765 1679 1677
f 1766 1678 1680
f 1679 1681 1682 1680
f 1765 1681 1679
f 1766 1680 1682
f 1681 1683 1684 1682
f 1765 1683 1681
f 1766 1682 1684
f 1683 1685 1686 1684
f 1765 1685 1683
f 1766 1684 1686
f 1685 1687 1688 1686
f 1765 1687 1685
f 1766 1686 1688
f 1687 1689 1690 1688
f 1765 1689 1687
f 1766 1688 1690
f 1689 1691 1692 1690
f 1765 1691 1689
f 1766 1690 1692
f 1691 1693 1694 1692
f 1765 1693 1691
f 1766 1692 1694
f 1693 1695 1696 1694
f 1765 1695 1693
f 1766 1694 1696
f 1695 1697 1698 1696
f 1765 1697 1695
f 1766 1696 1698
f 1697 1699 1700 1698
f 1765 1699 1697
f 1766 1698 1700
f 1699 1701 1702 1700
f 1765 1701 1699
f 1766 1700 1702
f 1701 1703 1704 1702
f 1765 1703 1701
f 1766 1702 1704
f 1703 1705 1706 1704
f 1765 1705 1703
f 1766 1704 1706
f 1705 1707 1708 1706
f 1765 1707 1705
f 1766 1706 1708
f 1707 1709 1710 1708
f 1765 1709 1707
f 1766 1708 1710
f 1709 1711 1712 1710
f 1765 1711 1709
f 1766 1710 1712
f 1711 1713 1714 1712
f 1765 1713 1711
f 1766 1712 1714
f 1713 1715 1716 1714
f 1765 1715 1713
f 1766 1714 1716
f 1715 1717 1718 1716
f 1765 1717 1715
f 1766 1716 1718
f 1717 1719 1720 1718
f 1765 1719 1717
f 1766 1718 1720
f 1719 1721 1722 1720
f 1765 1721 1719
f 1766 1720 1722
f 1721 1723 1724 1722
f 1765 1723 1721
f 1766 1722 1724
f 1723 1725 1726 1724
f 1765 1725 1723
f 1766 1724 1726
f 1725 1727 1728 1726
f 1765 1727 1725
f 1766 1726 1728
f 1727 1729 1730 1728
f 1765 1729 1727
f 1766 1728 1730
f 1729 1731 1732 1730
f 1765 1731 1729
f 1766 1730 1732
f 1731 1733 1734 1732
f 1765 1733 1731
f 1766 1732 1734
f 1733 1735 1736 1734
f 1765 1735 1733
f 1766 1734 1736
f 1735 1737 1738 1736
f 1765 1737 1735
f 1766 1736 1738
f 1737 1739 1740 1738
f 1765 1739 1737
f 1766 1738 1740
f 1739 1741 1742 1740
f 1765 1741 1739
f 1766 1740 1742
f 1741 1743 1744 1742
f 1765 1743 1741
f 1766 1742 1744
f 1743 1745 1746 1744
f 1765 1745 1743
f 1766 1744 1746
f 1745 1747 1748 1746
f 1765 1747 1745
f 1766 1746 1748
f 1747 1749 1750 1748
f 1765 1749 1747
f 1766 1748 1750
f 1749 1751 1752 1750
f 1765 1751 1749
f 1766 1750 1752
f 1751 1753 1754 1752
f 1765 1753 1751
f 1766 1752 1754
f 1753 1755 1756 1754
f 1765 1755 1753
f 1766 1754 1756
f 1755 1757 1758 1756
f 1765 1757 1755
f 1766 1756 1758
f 1757 1759 1760 1758
f 1765 1759 1757
f 1766 1758 1760
f 1759 1761 1762 1760
f 1765 1761 1759
f 1766 1760 1762
f 1761 1763 1764 1762
f 1765 1763 1761
f 1766 1762 1764
f 1763 1653 1654 1764
f 1765 1653 1763
f 1766 1764 1654
g sidewall-detail
usemtl tire_tread
f 1767 1769 1770 1768
f 1879 1769 1767
f 1880 1768 1770
f 1769 1771 1772 1770
f 1879 1771 1769
f 1880 1770 1772
f 1771 1773 1774 1772
f 1879 1773 1771
f 1880 1772 1774
f 1773 1775 1776 1774
f 1879 1775 1773
f 1880 1774 1776
f 1775 1777 1778 1776
f 1879 1777 1775
f 1880 1776 1778
f 1777 1779 1780 1778
f 1879 1779 1777
f 1880 1778 1780
f 1779 1781 1782 1780
f 1879 1781 1779
f 1880 1780 1782
f 1781 1783 1784 1782
f 1879 1783 1781
f 1880 1782 1784
f 1783 1785 1786 1784
f 1879 1785 1783
f 1880 1784 1786
f 1785 1787 1788 1786
f 1879 1787 1785
f 1880 1786 1788
f 1787 1789 1790 1788
f 1879 1789 1787
f 1880 1788 1790
f 1789 1791 1792 1790
f 1879 1791 1789
f 1880 1790 1792
f 1791 1793 1794 1792
f 1879 1793 1791
f 1880 1792 1794
f 1793 1795 1796 1794
f 1879 1795 1793
f 1880 1794 1796
f 1795 1797 1798 1796
f 1879 1797 1795
f 1880 1796 1798
f 1797 1799 1800 1798
f 1879 1799 1797
f 1880 1798 1800
f 1799 1801 1802 1800
f 1879 1801 1799
f 1880 1800 1802
f 1801 1803 1804 1802
f 1879 1803 1801
f 1880 1802 1804
f 1803 1805 1806 1804
f 1879 1805 1803
f 1880 1804 1806
f 1805 1807 1808 1806
f 1879 1807 1805
f 1880 1806 1808
f 1807 1809 1810 1808
f 1879 1809 1807
f 1880 1808 1810
f 1809 1811 1812 1810
f 1879 1811 1809
f 1880 1810 1812
f 1811 1813 1814 1812
f 1879 1813 1811
f 1880 1812 1814
f 1813 1815 1816 1814
f 1879 1815 1813
f 1880 1814 1816
f 1815 1817 1818 1816
f 1879 1817 1815
f 1880 1816 1818
f 1817 1819 1820 1818
f 1879 1819 1817
f 1880 1818 1820
f 1819 1821 1822 1820
f 1879 1821 1819
f 1880 1820 1822
f 1821 1823 1824 1822
f 1879 1823 1821
f 1880 1822 1824
f 1823 1825 1826 1824
f 1879 1825 1823
f 1880 1824 1826
f 1825 1827 1828 1826
f 1879 1827 1825
f 1880 1826 1828
f 1827 1829 1830 1828
f 1879 1829 1827
f 1880 1828 1830
f 1829 1831 1832 1830
f 1879 1831 1829
f 1880 1830 1832
f 1831 1833 1834 1832
f 1879 1833 1831
f 1880 1832 1834
f 1833 1835 1836 1834
f 1879 1835 1833
f 1880 1834 1836
f 1835 1837 1838 1836
f 1879 1837 1835
f 1880 1836 1838
f 1837 1839 1840 1838
f 1879 1839 1837
f 1880 1838 1840
f 1839 1841 1842 1840
f 1879 1841 1839
f 1880 1840 1842
f 1841 1843 1844 1842
f 1879 1843 1841
f 1880 1842 1844
f 1843 1845 1846 1844
f 1879 1845 1843
f 1880 1844 1846
f 1845 1847 1848 1846
f 1879 1847 1845
f 1880 1846 1848
f 1847 1849 1850 1848
f 1879 1849 1847
f 1880 1848 1850
f 1849 1851 1852 1850
f 1879 1851 1849
f 1880 1850 1852
f 1851 1853 1854 1852
f 1879 1853 1851
f 1880 1852 1854
f 1853 1855 1856 1854
f 1879 1855 1853
f 1880 1854 1856
f 1855 1857 1858 1856
f 1879 1857 1855
f 1880 1856 1858
f 1857 1859 1860 1858
f 1879 1859 1857
f 1880 1858 1860
f 1859 1861 1862 1860
f 1879 1861 1859
f 1880 1860 1862
f 1861 1863 1864 1862
f 1879 1863 1861
f 1880 1862 1864
f 1863 1865 1866 1864
f 1879 1865 1863
f 1880 1864 1866
f 1865 1867 1868 1866
f 1879 1867 1865
f 1880 1866 1868
f 1867 1869 1870 1868
f 1879 1869 1867
f 1880 1868 1870
f 1869 1871 1872 1870
f 1879 1871 1869
f 1880 1870 1872
f 1871 1873 1874 1872
f 1879 1873 1871
f 1880 1872 1874
f 1873 1875 1876 1874
f 1879 1875 1873
f 1880 1874 1876
f 1875 1877 1878 1876
f 1879 1877 1875
f 1880 1876 1878
f 1877 1767 1768 1878
f 1879 1767 1877
f 1880 1878 1768
g steel-wheel-rim
usemtl wheel_rim
f 1881 1883 1884 1882
f 1961 1883 1881
f 1962 1882 1884
f 1883 1885 1886 1884
f 1961 1885 1883
f 1962 1884 1886
f 1885 1887 1888 1886
f 1961 1887 1885
f 1962 1886 1888
f 1887 1889 1890 1888
f 1961 1889 1887
f 1962 1888 1890
f 1889 1891 1892 1890
f 1961 1891 1889
f 1962 1890 1892
f 1891 1893 1894 1892
f 1961 1893 1891
f 1962 1892 1894
f 1893 1895 1896 1894
f 1961 1895 1893
f 1962 1894 1896
f 1895 1897 1898 1896
f 1961 1897 1895
f 1962 1896 1898
f 1897 1899 1900 1898
f 1961 1899 1897
f 1962 1898 1900
f 1899 1901 1902 1900
f 1961 1901 1899
f 1962 1900 1902
f 1901 1903 1904 1902
f 1961 1903 1901
f 1962 1902 1904
f 1903 1905 1906 1904
f 1961 1905 1903
f 1962 1904 1906
f 1905 1907 1908 1906
f 1961 1907 1905
f 1962 1906 1908
f 1907 1909 1910 1908
f 1961 1909 1907
f 1962 1908 1910
f 1909 1911 1912 1910
f 1961 1911 1909
f 1962 1910 1912
f 1911 1913 1914 1912
f 1961 1913 1911
f 1962 1912 1914
f 1913 1915 1916 1914
f 1961 1915 1913
f 1962 1914 1916
f 1915 1917 1918 1916
f 1961 1917 1915
f 1962 1916 1918
f 1917 1919 1920 1918
f 1961 1919 1917
f 1962 1918 1920
f 1919 1921 1922 1920
f 1961 1921 1919
f 1962 1920 1922
f 1921 1923 1924 1922
f 1961 1923 1921
f 1962 1922 1924
f 1923 1925 1926 1924
f 1961 1925 1923
f 1962 1924 1926
f 1925 1927 1928 1926
f 1961 1927 1925
f 1962 1926 1928
f 1927 1929 1930 1928
f 1961 1929 1927
f 1962 1928 1930
f 1929 1931 1932 1930
f 1961 1931 1929
f 1962 1930 1932
f 1931 1933 1934 1932
f 1961 1933 1931
f 1962 1932 1934
f 1933 1935 1936 1934
f 1961 1935 1933
f 1962 1934 1936
f 1935 1937 1938 1936
f 1961 1937 1935
f 1962 1936 1938
f 1937 1939 1940 1938
f 1961 1939 1937
f 1962 1938 1940
f 1939 1941 1942 1940
f 1961 1941 1939
f 1962 1940 1942
f 1941 1943 1944 1942
f 1961 1943 1941
f 1962 1942 1944
f 1943 1945 1946 1944
f 1961 1945 1943
f 1962 1944 1946
f 1945 1947 1948 1946
f 1961 1947 1945
f 1962 1946 1948
f 1947 1949 1950 1948
f 1961 1949 1947
f 1962 1948 1950
f 1949 1951 1952 1950
f 1961 1951 1949
f 1962 1950 1952
f 1951 1953 1954 1952
f 1961 1953 1951
f 1962 1952 1954
f 1953 1955 1956 1954
f 1961 1955 1953
f 1962 1954 1956
f 1955 1957 1958 1956
f 1961 1957 1955
f 1962 1956 1958
f 1957 1959 1960 1958
f 1961 1959 1957
f 1962 1958 1960
f 1959 1881 1882 1960
f 1961 1881 1959
f 1962 1960 1882
g dark-wheel-hub
usemtl axle_metal
f 1963 1965 1966 1964
f 2027 1965 1963
f 2028 1964 1966
f 1965 1967 1968 1966
f 2027 1967 1965
f 2028 1966 1968
f 1967 1969 1970 1968
f 2027 1969 1967
f 2028 1968 1970
f 1969 1971 1972 1970
f 2027 1971 1969
f 2028 1970 1972
f 1971 1973 1974 1972
f 2027 1973 1971
f 2028 1972 1974
f 1973 1975 1976 1974
f 2027 1975 1973
f 2028 1974 1976
f 1975 1977 1978 1976
f 2027 1977 1975
f 2028 1976 1978
f 1977 1979 1980 1978
f 2027 1979 1977
f 2028 1978 1980
f 1979 1981 1982 1980
f 2027 1981 1979
f 2028 1980 1982
f 1981 1983 1984 1982
f 2027 1983 1981
f 2028 1982 1984
f 1983 1985 1986 1984
f 2027 1985 1983
f 2028 1984 1986
f 1985 1987 1988 1986
f 2027 1987 1985
f 2028 1986 1988
f 1987 1989 1990 1988
f 2027 1989 1987
f 2028 1988 1990
f 1989 1991 1992 1990
f 2027 1991 1989
f 2028 1990 1992
f 1991 1993 1994 1992
f 2027 1993 1991
f 2028 1992 1994
f 1993 1995 1996 1994
f 2027 1995 1993
f 2028 1994 1996
f 1995 1997 1998 1996
f 2027 1997 1995
f 2028 1996 1998
f 1997 1999 2000 1998
f 2027 1999 1997
f 2028 1998 2000
f 1999 2001 2002 2000
f 2027 2001 1999
f 2028 2000 2002
f 2001 2003 2004 2002
f 2027 2003 2001
f 2028 2002 2004
f 2003 2005 2006 2004
f 2027 2005 2003
f 2028 2004 2006
f 2005 2007 2008 2006
f 2027 2007 2005
f 2028 2006 2008
f 2007 2009 2010 2008
f 2027 2009 2007
f 2028 2008 2010
f 2009 2011 2012 2010
f 2027 2011 2009
f 2028 2010 2012
f 2011 2013 2014 2012
f 2027 2013 2011
f 2028 2012 2014
f 2013 2015 2016 2014
f 2027 2015 2013
f 2028 2014 2016
f 2015 2017 2018 2016
f 2027 2017 2015
f 2028 2016 2018
f 2017 2019 2020 2018
f 2027 2019 2017
f 2028 2018 2020
f 2019 2021 2022 2020
f 2027 2021 2019
f 2028 2020 2022
f 2021 2023 2024 2022
f 2027 2023 2021
f 2028 2022 2024
f 2023 2025 2026 2024
f 2027 2025 2023
f 2028 2024 2026
f 2025 1963 1964 2026
f 2027 1963 2025
f 2028 2026 1964
g wheel-bolt
usemtl chrome
f 2029 2031 2032 2030
f 2053 2031 2029
f 2054 2030 2032
f 2031 2033 2034 2032
f 2053 2033 2031
f 2054 2032 2034
f 2033 2035 2036 2034
f 2053 2035 2033
f 2054 2034 2036
f 2035 2037 2038 2036
f 2053 2037 2035
f 2054 2036 2038
f 2037 2039 2040 2038
f 2053 2039 2037
f 2054 2038 2040
f 2039 2041 2042 2040
f 2053 2041 2039
f 2054 2040 2042
f 2041 2043 2044 2042
f 2053 2043 2041
f 2054 2042 2044
f 2043 2045 2046 2044
f 2053 2045 2043
f 2054 2044 2046
f 2045 2047 2048 2046
f 2053 2047 2045
f 2054 2046 2048
f 2047 2049 2050 2048
f 2053 2049 2047
f 2054 2048 2050
f 2049 2051 2052 2050
f 2053 2051 2049
f 2054 2050 2052
f 2051 2029 2030 2052
f 2053 2029 2051
f 2054 2052 2030
f 2055 2057 2058 2056
f 2079 2057 2055
f 2080 2056 2058
f 2057 2059 2060 2058
f 2079 2059 2057
f 2080 2058 2060
f 2059 2061 2062 2060
f 2079 2061 2059
f 2080 2060 2062
f 2061 2063 2064 2062
f 2079 2063 2061
f 2080 2062 2064
f 2063 2065 2066 2064
f 2079 2065 2063
f 2080 2064 2066
f 2065 2067 2068 2066
f 2079 2067 2065
f 2080 2066 2068
f 2067 2069 2070 2068
f 2079 2069 2067
f 2080 2068 2070
f 2069 2071 2072 2070
f 2079 2071 2069
f 2080 2070 2072
f 2071 2073 2074 2072
f 2079 2073 2071
f 2080 2072 2074
f 2073 2075 2076 2074
f 2079 2075 2073
f 2080 2074 2076
f 2075 2077 2078 2076
f 2079 2077 2075
f 2080 2076 2078
f 2077 2055 2056 2078
f 2079 2055 2077
f 2080 2078 2056
f 2081 2083 2084 2082
f 2105 2083 2081
f 2106 2082 2084
f 2083 2085 2086 2084
f 2105 2085 2083
f 2106 2084 2086
f 2085 2087 2088 2086
f 2105 2087 2085
f 2106 2086 2088
f 2087 2089 2090 2088
f 2105 2089 2087
f 2106 2088 2090
f 2089 2091 2092 2090
f 2105 2091 2089
f 2106 2090 2092
f 2091 2093 2094 2092
f 2105 2093 2091
f 2106 2092 2094
f 2093 2095 2096 2094
f 2105 2095 2093
f 2106 2094 2096
f 2095 2097 2098 2096
f 2105 2097 2095
f 2106 2096 2098
f 2097 2099 2100 2098
f 2105 2099 2097
f 2106 2098 2100
f 2099 2101 2102 2100
f 2105 2101 2099
f 2106 2100 2102
f 2101 2103 2104 2102
f 2105 2103 2101
f 2106 2102 2104
f 2103 2081 2082 2104
f 2105 2081 2103
f 2106 2104 2082
f 2107 2109 2110 2108
f 2131 2109 2107
f 2132 2108 2110
f 2109 2111 2112 2110
f 2131 2111 2109
f 2132 2110 2112
f 2111 2113 2114 2112
f 2131 2113 2111
f 2132 2112 2114
f 2113 2115 2116 2114
f 2131 2115 2113
f 2132 2114 2116
f 2115 2117 2118 2116
f 2131 2117 2115
f 2132 2116 2118
f 2117 2119 2120 2118
f 2131 2119 2117
f 2132 2118 2120
f 2119 2121 2122 2120
f 2131 2121 2119
f 2132 2120 2122
f 2121 2123 2124 2122
f 2131 2123 2121
f 2132 2122 2124
f 2123 2125 2126 2124
f 2131 2125 2123
f 2132 2124 2126
f 2125 2127 2128 2126
f 2131 2127 2125
f 2132 2126 2128
f 2127 2129 2130 2128
f 2131 2129 2127
f 2132 2128 2130
f 2129 2107 2108 2130
f 2131 2107 2129
f 2132 2130 2108
f 2133 2135 2136 2134
f 2157 2135 2133
f 2158 2134 2136
f 2135 2137 2138 2136
f 2157 2137 2135
f 2158 2136 2138
f 2137 2139 2140 2138
f 2157 2139 2137
f 2158 2138 2140
f 2139 2141 2142 2140
f 2157 2141 2139
f 2158 2140 2142
f 2141 2143 2144 2142
f 2157 2143 2141
f 2158 2142 2144
f 2143 2145 2146 2144
f 2157 2145 2143
f 2158 2144 2146
f 2145 2147 2148 2146
f 2157 2147 2145
f 2158 2146 2148
f 2147 2149 2150 2148
f 2157 2149 2147
f 2158 2148 2150
f 2149 2151 2152 2150
f 2157 2151 2149
f 2158 2150 2152
f 2151 2153 2154 2152
f 2157 2153 2151
f 2158 2152 2154
f 2153 2155 2156 2154
f 2157 2155 2153
f 2158 2154 2156
f 2155 2133 2134 2156
f 2157 2133 2155
f 2158 2156 2134
f 2159 2161 2162 2160
f 2183 2161 2159
f 2184 2160 2162
f 2161 2163 2164 2162
f 2183 2163 2161
f 2184 2162 2164
f 2163 2165 2166 2164
f 2183 2165 2163
f 2184 2164 2166
f 2165 2167 2168 2166
f 2183 2167 2165
f 2184 2166 2168
f 2167 2169 2170 2168
f 2183 2169 2167
f 2184 2168 2170
f 2169 2171 2172 2170
f 2183 2171 2169
f 2184 2170 2172
f 2171 2173 2174 2172
f 2183 2173 2171
f 2184 2172 2174
f 2173 2175 2176 2174
f 2183 2175 2173
f 2184 2174 2176
f 2175 2177 2178 2176
f 2183 2177 2175
f 2184 2176 2178
f 2177 2179 2180 2178
f 2183 2179 2177
f 2184 2178 2180
f 2179 2181 2182 2180
f 2183 2181 2179
f 2184 2180 2182
f 2181 2159 2160 2182
f 2183 2159 2181
f 2184 2182 2160
f 2185 2187 2188 2186
f 2209 2187 2185
f 2210 2186 2188
f 2187 2189 2190 2188
f 2209 2189 2187
f 2210 2188 2190
f 2189 2191 2192 2190
f 2209 2191 2189
f 2210 2190 2192
f 2191 2193 2194 2192
f 2209 2193 2191
f 2210 2192 2194
f 2193 2195 2196 2194
f 2209 2195 2193
f 2210 2194 2196
f 2195 2197 2198 2196
f 2209 2197 2195
f 2210 2196 2198
f 2197 2199 2200 2198
f 2209 2199 2197
f 2210 2198 2200
f 2199 2201 2202 2200
f 2209 2201 2199
f 2210 2200 2202
f 2201 2203 2204 2202
f 2209 2203 2201
f 2210 2202 2204
f 2203 2205 2206 2204
f 2209 2205 2203
f 2210 2204 2206
f 2205 2207 2208 2206
f 2209 2207 2205
f 2210 2206 2208
f 2207 2185 2186 2208
f 2209 2185 2207
f 2210 2208 2186
f 2211 2213 2214 2212
f 2235 2213 2211
f 2236 2212 2214
f 2213 2215 2216 2214
f 2235 2215 2213
f 2236 2214 2216
f 2215 2217 2218 2216
f 2235 2217 2215
f 2236 2216 2218
f 2217 2219 2220 2218
f 2235 2219 2217
f 2236 2218 2220
f 2219 2221 2222 2220
f 2235 2221 2219
f 2236 2220 2222
f 2221 2223 2224 2222
f 2235 2223 2221
f 2236 2222 2224
f 2223 2225 2226 2224
f 2235 2225 2223
f 2236 2224 2226
f 2225 2227 2228 2226
f 2235 2227 2225
f 2236 2226 2228
f 2227 2229 2230 2228
f 2235 2229 2227
f 2236 2228 2230
f 2229 2231 2232 2230
f 2235 2231 2229
f 2236 2230 2232
f 2231 2233 2234 2232
f 2235 2233 2231
f 2236 2232 2234
f 2233 2211 2212 2234
f 2235 2211 2233
f 2236 2234 2212
f 2237 2239 2240 2238
f 2261 2239 2237
f 2262 2238 2240
f 2239 2241 2242 2240
f 2261 2241 2239
f 2262 2240 2242
f 2241 2243 2244 2242
f 2261 2243 2241
f 2262 2242 2244
f 2243 2245 2246 2244
f 2261 2245 2243
f 2262 2244 2246
f 2245 2247 2248 2246
f 2261 2247 2245
f 2262 2246 2248
f 2247 2249 2250 2248
f 2261 2249 2247
f 2262 2248 2250
f 2249 2251 2252 2250
f 2261 2251 2249
f 2262 2250 2252
f 2251 2253 2254 2252
f 2261 2253 2251
f 2262 2252 2254
f 2253 2255 2256 2254
f 2261 2255 2253
f 2262 2254 2256
f 2255 2257 2258 2256
f 2261 2257 2255
f 2262 2256 2258
f 2257 2259 2260 2258
f 2261 2259 2257
f 2262 2258 2260
f 2259 2237 2238 2260
f 2261 2237 2259
f 2262 2260 2238
f 2263 2265 2266 2264
f 2287 2265 2263
f 2288 2264 2266
f 2265 2267 2268 2266
f 2287 2267 2265
f 2288 2266 2268
f 2267 2269 2270 2268
f 2287 2269 2267
f 2288 2268 2270
f 2269 2271 2272 2270
f 2287 2271 2269
f 2288 2270 2272
f 2271 2273 2274 2272
f 2287 2273 2271
f 2288 2272 2274
f 2273 2275 2276 2274
f 2287 2275 2273
f 2288 2274 2276
f 2275 2277 2278 2276
f 2287 2277 2275
f 2288 2276 2278
f 2277 2279 2280 2278
f 2287 2279 2277
f 2288 2278 2280
f 2279 2281 2282 2280
f 2287 2281 2279
f 2288 2280 2282
f 2281 2283 2284 2282
f 2287 2283 2281
f 2288 2282 2284
f 2283 2285 2286 2284
f 2287 2285 2283
f 2288 2284 2286
f 2285 2263 2264 2286
f 2287 2263 2285
f 2288 2286 2264
g raised-tire-tread
usemtl tire_tread
f 2289 2290 2294 2293
f 2292 2296 2295 2291
f 2289 2292 2291 2290
f 2293 2294 2295 2296
f 2289 2293 2296 2292
f 2290 2291 2295 2294
f 2297 2298 2302 2301
f 2300 2304 2303 2299
f 2297 2300 2299 2298
f 2301 2302 2303 2304
f 2297 2301 2304 2300
f 2298 2299 2303 2302
f 2305 2306 2310 2309
f 2308 2312 2311 2307
f 2305 2308 2307 2306
f 2309 2310 2311 2312
f 2305 2309 2312 2308
f 2306 2307 2311 2310
f 2313 2314 2318 2317
f 2316 2320 2319 2315
f 2313 2316 2315 2314
f 2317 2318 2319 2320
f 2313 2317 2320 2316
f 2314 2315 2319 2318
f 2321 2322 2326 2325
f 2324 2328 2327 2323
f 2321 2324 2323 2322
f 2325 2326 2327 2328
f 2321 2325 2328 2324
f 2322 2323 2327 2326
f 2329 2330 2334 2333
f 2332 2336 2335 2331
f 2329 2332 2331 2330
f 2333 2334 2335 2336
f 2329 2333 2336 2332
f 2330 2331 2335 2334
f 2337 2338 2342 2341
f 2340 2344 2343 2339
f 2337 2340 2339 2338
f 2341 2342 2343 2344
f 2337 2341 2344 2340
f 2338 2339 2343 2342
f 2345 2346 2350 2349
f 2348 2352 2351 2347
f 2345 2348 2347 2346
f 2349 2350 2351 2352
f 2345 2349 2352 2348
f 2346 2347 2351 2350
f 2353 2354 2358 2357
f 2356 2360 2359 2355
f 2353 2356 2355 2354
f 2357 2358 2359 2360
f 2353 2357 2360 2356
f 2354 2355 2359 2358
f 2361 2362 2366 2365
f 2364 2368 2367 2363
f 2361 2364 2363 2362
f 2365 2366 2367 2368
f 2361 2365 2368 2364
f 2362 2363 2367 2366
f 2369 2370 2374 2373
f 2372 2376 2375 2371
f 2369 2372 2371 2370
f 2373 2374 2375 2376
f 2369 2373 2376 2372
f 2370 2371 2375 2374
f 2377 2378 2382 2381
f 2380 2384 2383 2379
f 2377 2380 2379 2378
f 2381 2382 2383 2384
f 2377 2381 2384 2380
f 2378 2379 2383 2382
f 2385 2386 2390 2389
f 2388 2392 2391 2387
f 2385 2388 2387 2386
f 2389 2390 2391 2392
f 2385 2389 2392 2388
f 2386 2387 2391 2390
f 2393 2394 2398 2397
f 2396 2400 2399 2395
f 2393 2396 2395 2394
f 2397 2398 2399 2400
f 2393 2397 2400 2396
f 2394 2395 2399 2398
f 2401 2402 2406 2405
f 2404 2408 2407 2403
f 2401 2404 2403 2402
f 2405 2406 2407 2408
f 2401 2405 2408 2404
f 2402 2403 2407 2406
f 2409 2410 2414 2413
f 2412 2416 2415 2411
f 2409 2412 2411 2410
f 2413 2414 2415 2416
f 2409 2413 2416 2412
f 2410 2411 2415 2414
f 2417 2418 2422 2421
f 2420 2424 2423 2419
f 2417 2420 2419 2418
f 2421 2422 2423 2424
f 2417 2421 2424 2420
f 2418 2419 2423 2422
f 2425 2426 2430 2429
f 2428 2432 2431 2427
f 2425 2428 2427 2426
f 2429 2430 2431 2432
f 2425 2429 2432 2428
f 2426 2427 2431 2430
f 2433 2434 2438 2437
f 2436 2440 2439 2435
f 2433 2436 2435 2434
f 2437 2438 2439 2440
f 2433 2437 2440 2436
f 2434 2435 2439 2438
f 2441 2442 2446 2445
f 2444 2448 2447 2443
f 2441 2444 2443 2442
f 2445 2446 2447 2448
f 2441 2445 2448 2444
f 2442 2443 2447 2446
f 2449 2450 2454 2453
f 2452 2456 2455 2451
f 2449 2452 2451 2450
f 2453 2454 2455 2456
f 2449 2453 2456 2452
f 2450 2451 2455 2454
f 2457 2458 2462 2461
f 2460 2464 2463 2459
f 2457 2460 2459 2458
f 2461 2462 2463 2464
f 2457 2461 2464 2460
f 2458 2459 2463 2462
f 2465 2466 2470 2469
f 2468 2472 2471 2467
f 2465 2468 2467 2466
f 2469 2470 2471 2472
f 2465 2469 2472 2468
f 2466 2467 2471 2470
f 2473 2474 2478 2477
f 2476 2480 2479 2475
f 2473 2476 2475 2474
f 2477 2478 2479 2480
f 2473 2477 2480 2476
f 2474 2475 2479 2478
f 2481 2482 2486 2485
f 2484 2488 2487 2483
f 2481 2484 2483 2482
f 2485 2486 2487 2488
f 2481 2485 2488 2484
f 2482 2483 2487 2486
f 2489 2490 2494 2493
f 2492 2496 2495 2491
f 2489 2492 2491 2490
f 2493 2494 2495 2496
f 2489 2493 2496 2492
f 2490 2491 2495 2494
f 2497 2498 2502 2501
f 2500 2504 2503 2499
f 2497 2500 2499 2498
f 2501 2502 2503 2504
f 2497 2501 2504 2500
f 2498 2499 2503 2502
f 2505 2506 2510 2509
f 2508 2512 2511 2507
f 2505 2508 2507 2506
f 2509 2510 2511 2512
f 2505 2509 2512 2508
f 2506 2507 2511 2510
g heavy-rubber-tire
usemtl rubber_tire
f 2513 2515 2516 2514
f 2625 2515 2513
f 2626 2514 2516
f 2515 2517 2518 2516
f 2625 2517 2515
f 2626 2516 2518
f 2517 2519 2520 2518
f 2625 2519 2517
f 2626 2518 2520
f 2519 2521 2522 2520
f 2625 2521 2519
f 2626 2520 2522
f 2521 2523 2524 2522
f 2625 2523 2521
f 2626 2522 2524
f 2523 2525 2526 2524
f 2625 2525 2523
f 2626 2524 2526
f 2525 2527 2528 2526
f 2625 2527 2525
f 2626 2526 2528
f 2527 2529 2530 2528
f 2625 2529 2527
f 2626 2528 2530
f 2529 2531 2532 2530
f 2625 2531 2529
f 2626 2530 2532
f 2531 2533 2534 2532
f 2625 2533 2531
f 2626 2532 2534
f 2533 2535 2536 2534
f 2625 2535 2533
f 2626 2534 2536
f 2535 2537 2538 2536
f 2625 2537 2535
f 2626 2536 2538
f 2537 2539 2540 2538
f 2625 2539 2537
f 2626 2538 2540
f 2539 2541 2542 2540
f 2625 2541 2539
f 2626 2540 2542
f 2541 2543 2544 2542
f 2625 2543 2541
f 2626 2542 2544
f 2543 2545 2546 2544
f 2625 2545 2543
f 2626 2544 2546
f 2545 2547 2548 2546
f 2625 2547 2545
f 2626 2546 2548
f 2547 2549 2550 2548
f 2625 2549 2547
f 2626 2548 2550
f 2549 2551 2552 2550
f 2625 2551 2549
f 2626 2550 2552
f 2551 2553 2554 2552
f 2625 2553 2551
f 2626 2552 2554
f 2553 2555 2556 2554
f 2625 2555 2553
f 2626 2554 2556
f 2555 2557 2558 2556
f 2625 2557 2555
f 2626 2556 2558
f 2557 2559 2560 2558
f 2625 2559 2557
f 2626 2558 2560
f 2559 2561 2562 2560
f 2625 2561 2559
f 2626 2560 2562
f 2561 2563 2564 2562
f 2625 2563 2561
f 2626 2562 2564
f 2563 2565 2566 2564
f 2625 2565 2563
f 2626 2564 2566
f 2565 2567 2568 2566
f 2625 2567 2565
f 2626 2566 2568
f 2567 2569 2570 2568
f 2625 2569 2567
f 2626 2568 2570
f 2569 2571 2572 2570
f 2625 2571 2569
f 2626 2570 2572
f 2571 2573 2574 2572
f 2625 2573 2571
f 2626 2572 2574
f 2573 2575 2576 2574
f 2625 2575 2573
f 2626 2574 2576
f 2575 2577 2578 2576
f 2625 2577 2575
f 2626 2576 2578
f 2577 2579 2580 2578
f 2625 2579 2577
f 2626 2578 2580
f 2579 2581 2582 2580
f 2625 2581 2579
f 2626 2580 2582
f 2581 2583 2584 2582
f 2625 2583 2581
f 2626 2582 2584
f 2583 2585 2586 2584
f 2625 2585 2583
f 2626 2584 2586
f 2585 2587 2588 2586
f 2625 2587 2585
f 2626 2586 2588
f 2587 2589 2590 2588
f 2625 2589 2587
f 2626 2588 2590
f 2589 2591 2592 2590
f 2625 2591 2589
f 2626 2590 2592
f 2591 2593 2594 2592
f 2625 2593 2591
f 2626 2592 2594
f 2593 2595 2596 2594
f 2625 2595 2593
f 2626 2594 2596
f 2595 2597 2598 2596
f 2625 2597 2595
f 2626 2596 2598
f 2597 2599 2600 2598
f 2625 2599 2597
f 2626 2598 2600
f 2599 2601 2602 2600
f 2625 2601 2599
f 2626 2600 2602
f 2601 2603 2604 2602
f 2625 2603 2601
f 2626 2602 2604
f 2603 2605 2606 2604
f 2625 2605 2603
f 2626 2604 2606
f 2605 2607 2608 2606
f 2625 2607 2605
f 2626 2606 2608
f 2607 2609 2610 2608
f 2625 2609 2607
f 2626 2608 2610
f 2609 2611 2612 2610
f 2625 2611 2609
f 2626 2610 2612
f 2611 2613 2614 2612
f 2625 2613 2611
f 2626 2612 2614
f 2613 2615 2616 2614
f 2625 2615 2613
f 2626 2614 2616
f 2615 2617 2618 2616
f 2625 2617 2615
f 2626 2616 2618
f 2617 2619 2620 2618
f 2625 2619 2617
f 2626 2618 2620
f 2619 2621 2622 2620
f 2625 2621 2619
f 2626 2620 2622
f 2621 2623 2624 2622
f 2625 2623 2621
f 2626 2622 2624
f 2623 2513 2514 2624
f 2625 2513 2623
f 2626 2624 2514
g sidewall-detail
usemtl tire_tread
f 2627 2629 2630 2628
f 2739 2629 2627
f 2740 2628 2630
f 2629 2631 2632 2630
f 2739 2631 2629
f 2740 2630 2632
f 2631 2633 2634 2632
f 2739 2633 2631
f 2740 2632 2634
f 2633 2635 2636 2634
f 2739 2635 2633
f 2740 2634 2636
f 2635 2637 2638 2636
f 2739 2637 2635
f 2740 2636 2638
f 2637 2639 2640 2638
f 2739 2639 2637
f 2740 2638 2640
f 2639 2641 2642 2640
f 2739 2641 2639
f 2740 2640 2642
f 2641 2643 2644 2642
f 2739 2643 2641
f 2740 2642 2644
f 2643 2645 2646 2644
f 2739 2645 2643
f 2740 2644 2646
f 2645 2647 2648 2646
f 2739 2647 2645
f 2740 2646 2648
f 2647 2649 2650 2648
f 2739 2649 2647
f 2740 2648 2650
f 2649 2651 2652 2650
f 2739 2651 2649
f 2740 2650 2652
f 2651 2653 2654 2652
f 2739 2653 2651
f 2740 2652 2654
f 2653 2655 2656 2654
f 2739 2655 2653
f 2740 2654 2656
f 2655 2657 2658 2656
f 2739 2657 2655
f 2740 2656 2658
f 2657 2659 2660 2658
f 2739 2659 2657
f 2740 2658 2660
f 2659 2661 2662 2660
f 2739 2661 2659
f 2740 2660 2662
f 2661 2663 2664 2662
f 2739 2663 2661
f 2740 2662 2664
f 2663 2665 2666 2664
f 2739 2665 2663
f 2740 2664 2666
f 2665 2667 2668 2666
f 2739 2667 2665
f 2740 2666 2668
f 2667 2669 2670 2668
f 2739 2669 2667
f 2740 2668 2670
f 2669 2671 2672 2670
f 2739 2671 2669
f 2740 2670 2672
f 2671 2673 2674 2672
f 2739 2673 2671
f 2740 2672 2674
f 2673 2675 2676 2674
f 2739 2675 2673
f 2740 2674 2676
f 2675 2677 2678 2676
f 2739 2677 2675
f 2740 2676 2678
f 2677 2679 2680 2678
f 2739 2679 2677
f 2740 2678 2680
f 2679 2681 2682 2680
f 2739 2681 2679
f 2740 2680 2682
f 2681 2683 2684 2682
f 2739 2683 2681
f 2740 2682 2684
f 2683 2685 2686 2684
f 2739 2685 2683
f 2740 2684 2686
f 2685 2687 2688 2686
f 2739 2687 2685
f 2740 2686 2688
f 2687 2689 2690 2688
f 2739 2689 2687
f 2740 2688 2690
f 2689 2691 2692 2690
f 2739 2691 2689
f 2740 2690 2692
f 2691 2693 2694 2692
f 2739 2693 2691
f 2740 2692 2694
f 2693 2695 2696 2694
f 2739 2695 2693
f 2740 2694 2696
f 2695 2697 2698 2696
f 2739 2697 2695
f 2740 2696 2698
f 2697 2699 2700 2698
f 2739 2699 2697
f 2740 2698 2700
f 2699 2701 2702 2700
f 2739 2701 2699
f 2740 2700 2702
f 2701 2703 2704 2702
f 2739 2703 2701
f 2740 2702 2704
f 2703 2705 2706 2704
f 2739 2705 2703
f 2740 2704 2706
f 2705 2707 2708 2706
f 2739 2707 2705
f 2740 2706 2708
f 2707 2709 2710 2708
f 2739 2709 2707
f 2740 2708 2710
f 2709 2711 2712 2710
f 2739 2711 2709
f 2740 2710 2712
f 2711 2713 2714 2712
f 2739 2713 2711
f 2740 2712 2714
f 2713 2715 2716 2714
f 2739 2715 2713
f 2740 2714 2716
f 2715 2717 2718 2716
f 2739 2717 2715
f 2740 2716 2718
f 2717 2719 2720 2718
f 2739 2719 2717
f 2740 2718 2720
f 2719 2721 2722 2720
f 2739 2721 2719
f 2740 2720 2722
f 2721 2723 2724 2722
f 2739 2723 2721
f 2740 2722 2724
f 2723 2725 2726 2724
f 2739 2725 2723
f 2740 2724 2726
f 2725 2727 2728 2726
f 2739 2727 2725
f 2740 2726 2728
f 2727 2729 2730 2728
f 2739 2729 2727
f 2740 2728 2730
f 2729 2731 2732 2730
f 2739 2731 2729
f 2740 2730 2732
f 2731 2733 2734 2732
f 2739 2733 2731
f 2740 2732 2734
f 2733 2735 2736 2734
f 2739 2735 2733
f 2740 2734 2736
f 2735 2737 2738 2736
f 2739 2737 2735
f 2740 2736 2738
f 2737 2627 2628 2738
f 2739 2627 2737
f 2740 2738 2628
g steel-wheel-rim
usemtl wheel_rim
f 2741 2743 2744 2742
f 2821 2743 2741
f 2822 2742 2744
f 2743 2745 2746 2744
f 2821 2745 2743
f 2822 2744 2746
f 2745 2747 2748 2746
f 2821 2747 2745
f 2822 2746 2748
f 2747 2749 2750 2748
f 2821 2749 2747
f 2822 2748 2750
f 2749 2751 2752 2750
f 2821 2751 2749
f 2822 2750 2752
f 2751 2753 2754 2752
f 2821 2753 2751
f 2822 2752 2754
f 2753 2755 2756 2754
f 2821 2755 2753
f 2822 2754 2756
f 2755 2757 2758 2756
f 2821 2757 2755
f 2822 2756 2758
f 2757 2759 2760 2758
f 2821 2759 2757
f 2822 2758 2760
f 2759 2761 2762 2760
f 2821 2761 2759
f 2822 2760 2762
f 2761 2763 2764 2762
f 2821 2763 2761
f 2822 2762 2764
f 2763 2765 2766 2764
f 2821 2765 2763
f 2822 2764 2766
f 2765 2767 2768 2766
f 2821 2767 2765
f 2822 2766 2768
f 2767 2769 2770 2768
f 2821 2769 2767
f 2822 2768 2770
f 2769 2771 2772 2770
f 2821 2771 2769
f 2822 2770 2772
f 2771 2773 2774 2772
f 2821 2773 2771
f 2822 2772 2774
f 2773 2775 2776 2774
f 2821 2775 2773
f 2822 2774 2776
f 2775 2777 2778 2776
f 2821 2777 2775
f 2822 2776 2778
f 2777 2779 2780 2778
f 2821 2779 2777
f 2822 2778 2780
f 2779 2781 2782 2780
f 2821 2781 2779
f 2822 2780 2782
f 2781 2783 2784 2782
f 2821 2783 2781
f 2822 2782 2784
f 2783 2785 2786 2784
f 2821 2785 2783
f 2822 2784 2786
f 2785 2787 2788 2786
f 2821 2787 2785
f 2822 2786 2788
f 2787 2789 2790 2788
f 2821 2789 2787
f 2822 2788 2790
f 2789 2791 2792 2790
f 2821 2791 2789
f 2822 2790 2792
f 2791 2793 2794 2792
f 2821 2793 2791
f 2822 2792 2794
f 2793 2795 2796 2794
f 2821 2795 2793
f 2822 2794 2796
f 2795 2797 2798 2796
f 2821 2797 2795
f 2822 2796 2798
f 2797 2799 2800 2798
f 2821 2799 2797
f 2822 2798 2800
f 2799 2801 2802 2800
f 2821 2801 2799
f 2822 2800 2802
f 2801 2803 2804 2802
f 2821 2803 2801
f 2822 2802 2804
f 2803 2805 2806 2804
f 2821 2805 2803
f 2822 2804 2806
f 2805 2807 2808 2806
f 2821 2807 2805
f 2822 2806 2808
f 2807 2809 2810 2808
f 2821 2809 2807
f 2822 2808 2810
f 2809 2811 2812 2810
f 2821 2811 2809
f 2822 2810 2812
f 2811 2813 2814 2812
f 2821 2813 2811
f 2822 2812 2814
f 2813 2815 2816 2814
f 2821 2815 2813
f 2822 2814 2816
f 2815 2817 2818 2816
f 2821 2817 2815
f 2822 2816 2818
f 2817 2819 2820 2818
f 2821 2819 2817
f 2822 2818 2820
f 2819 2741 2742 2820
f 2821 2741 2819
f 2822 2820 2742
g dark-wheel-hub
usemtl axle_metal
f 2823 2825 2826 2824
f 2887 2825 2823
f 2888 2824 2826
f 2825 2827 2828 2826
f 2887 2827 2825
f 2888 2826 2828
f 2827 2829 2830 2828
f 2887 2829 2827
f 2888 2828 2830
f 2829 2831 2832 2830
f 2887 2831 2829
f 2888 2830 2832
f 2831 2833 2834 2832
f 2887 2833 2831
f 2888 2832 2834
f 2833 2835 2836 2834
f 2887 2835 2833
f 2888 2834 2836
f 2835 2837 2838 2836
f 2887 2837 2835
f 2888 2836 2838
f 2837 2839 2840 2838
f 2887 2839 2837
f 2888 2838 2840
f 2839 2841 2842 2840
f 2887 2841 2839
f 2888 2840 2842
f 2841 2843 2844 2842
f 2887 2843 2841
f 2888 2842 2844
f 2843 2845 2846 2844
f 2887 2845 2843
f 2888 2844 2846
f 2845 2847 2848 2846
f 2887 2847 2845
f 2888 2846 2848
f 2847 2849 2850 2848
f 2887 2849 2847
f 2888 2848 2850
f 2849 2851 2852 2850
f 2887 2851 2849
f 2888 2850 2852
f 2851 2853 2854 2852
f 2887 2853 2851
f 2888 2852 2854
f 2853 2855 2856 2854
f 2887 2855 2853
f 2888 2854 2856
f 2855 2857 2858 2856
f 2887 2857 2855
f 2888 2856 2858
f 2857 2859 2860 2858
f 2887 2859 2857
f 2888 2858 2860
f 2859 2861 2862 2860
f 2887 2861 2859
f 2888 2860 2862
f 2861 2863 2864 2862
f 2887 2863 2861
f 2888 2862 2864
f 2863 2865 2866 2864
f 2887 2865 2863
f 2888 2864 2866
f 2865 2867 2868 2866
f 2887 2867 2865
f 2888 2866 2868
f 2867 2869 2870 2868
f 2887 2869 2867
f 2888 2868 2870
f 2869 2871 2872 2870
f 2887 2871 2869
f 2888 2870 2872
f 2871 2873 2874 2872
f 2887 2873 2871
f 2888 2872 2874
f 2873 2875 2876 2874
f 2887 2875 2873
f 2888 2874 2876
f 2875 2877 2878 2876
f 2887 2877 2875
f 2888 2876 2878
f 2877 2879 2880 2878
f 2887 2879 2877
f 2888 2878 2880
f 2879 2881 2882 2880
f 2887 2881 2879
f 2888 2880 2882
f 2881 2883 2884 2882
f 2887 2883 2881
f 2888 2882 2884
f 2883 2885 2886 2884
f 2887 2885 2883
f 2888 2884 2886
f 2885 2823 2824 2886
f 2887 2823 2885
f 2888 2886 2824
g wheel-bolt
usemtl chrome
f 2889 2891 2892 2890
f 2913 2891 2889
f 2914 2890 2892
f 2891 2893 2894 2892
f 2913 2893 2891
f 2914 2892 2894
f 2893 2895 2896 2894
f 2913 2895 2893
f 2914 2894 2896
f 2895 2897 2898 2896
f 2913 2897 2895
f 2914 2896 2898
f 2897 2899 2900 2898
f 2913 2899 2897
f 2914 2898 2900
f 2899 2901 2902 2900
f 2913 2901 2899
f 2914 2900 2902
f 2901 2903 2904 2902
f 2913 2903 2901
f 2914 2902 2904
f 2903 2905 2906 2904
f 2913 2905 2903
f 2914 2904 2906
f 2905 2907 2908 2906
f 2913 2907 2905
f 2914 2906 2908
f 2907 2909 2910 2908
f 2913 2909 2907
f 2914 2908 2910
f 2909 2911 2912 2910
f 2913 2911 2909
f 2914 2910 2912
f 2911 2889 2890 2912
f 2913 2889 2911
f 2914 2912 2890
f 2915 2917 2918 2916
f 2939 2917 2915
f 2940 2916 2918
f 2917 2919 2920 2918
f 2939 2919 2917
f 2940 2918 2920
f 2919 2921 2922 2920
f 2939 2921 2919
f 2940 2920 2922
f 2921 2923 2924 2922
f 2939 2923 2921
f 2940 2922 2924
f 2923 2925 2926 2924
f 2939 2925 2923
f 2940 2924 2926
f 2925 2927 2928 2926
f 2939 2927 2925
f 2940 2926 2928
f 2927 2929 2930 2928
f 2939 2929 2927
f 2940 2928 2930
f 2929 2931 2932 2930
f 2939 2931 2929
f 2940 2930 2932
f 2931 2933 2934 2932
f 2939 2933 2931
f 2940 2932 2934
f 2933 2935 2936 2934
f 2939 2935 2933
f 2940 2934 2936
f 2935 2937 2938 2936
f 2939 2937 2935
f 2940 2936 2938
f 2937 2915 2916 2938
f 2939 2915 2937
f 2940 2938 2916
f 2941 2943 2944 2942
f 2965 2943 2941
f 2966 2942 2944
f 2943 2945 2946 2944
f 2965 2945 2943
f 2966 2944 2946
f 2945 2947 2948 2946
f 2965 2947 2945
f 2966 2946 2948
f 2947 2949 2950 2948
f 2965 2949 2947
f 2966 2948 2950
f 2949 2951 2952 2950
f 2965 2951 2949
f 2966 2950 2952
f 2951 2953 2954 2952
f 2965 2953 2951
f 2966 2952 2954
f 2953 2955 2956 2954
f 2965 2955 2953
f 2966 2954 2956
f 2955 2957 2958 2956
f 2965 2957 2955
f 2966 2956 2958
f 2957 2959 2960 2958
f 2965 2959 2957
f 2966 2958 2960
f 2959 2961 2962 2960
f 2965 2961 2959
f 2966 2960 2962
f 2961 2963 2964 2962
f 2965 2963 2961
f 2966 2962 2964
f 2963 2941 2942 2964
f 2965 2941 2963
f 2966 2964 2942
f 2967 2969 2970 2968
f 2991 2969 2967
f 2992 2968 2970
f 2969 2971 2972 2970
f 2991 2971 2969
f 2992 2970 2972
f 2971 2973 2974 2972
f 2991 2973 2971
f 2992 2972 2974
f 2973 2975 2976 2974
f 2991 2975 2973
f 2992 2974 2976
f 2975 2977 2978 2976
f 2991 2977 2975
f 2992 2976 2978
f 2977 2979 2980 2978
f 2991 2979 2977
f 2992 2978 2980
f 2979 2981 2982 2980
f 2991 2981 2979
f 2992 2980 2982
f 2981 2983 2984 2982
f 2991 2983 2981
f 2992 2982 2984
f 2983 2985 2986 2984
f 2991 2985 2983
f 2992 2984 2986
f 2985 2987 2988 2986
f 2991 2987 2985
f 2992 2986 2988
f 2987 2989 2990 2988
f 2991 2989 2987
f 2992 2988 2990
f 2989 2967 2968 2990
f 2991 2967 2989
f 2992 2990 2968
f 2993 2995 2996 2994
f 3017 2995 2993
f 3018 2994 2996
f 2995 2997 2998 2996
f 3017 2997 2995
f 3018 2996 2998
f 2997 2999 3000 2998
f 3017 2999 2997
f 3018 2998 3000
f 2999 3001 3002 3000
f 3017 3001 2999
f 3018 3000 3002
f 3001 3003 3004 3002
f 3017 3003 3001
f 3018 3002 3004
f 3003 3005 3006 3004
f 3017 3005 3003
f 3018 3004 3006
f 3005 3007 3008 3006
f 3017 3007 3005
f 3018 3006 3008
f 3007 3009 3010 3008
f 3017 3009 3007
f 3018 3008 3010
f 3009 3011 3012 3010
f 3017 3011 3009
f 3018 3010 3012
f 3011 3013 3014 3012
f 3017 3013 3011
f 3018 3012 3014
f 3013 3015 3016 3014
f 3017 3015 3013
f 3018 3014 3016
f 3015 2993 2994 3016
f 3017 2993 3015
f 3018 3016 2994
f 3019 3021 3022 3020
f 3043 3021 3019
f 3044 3020 3022
f 3021 3023 3024 3022
f 3043 3023 3021
f 3044 3022 3024
f 3023 3025 3026 3024
f 3043 3025 3023
f 3044 3024 3026
f 3025 3027 3028 3026
f 3043 3027 3025
f 3044 3026 3028
f 3027 3029 3030 3028
f 3043 3029 3027
f 3044 3028 3030
f 3029 3031 3032 3030
f 3043 3031 3029
f 3044 3030 3032
f 3031 3033 3034 3032
f 3043 3033 3031
f 3044 3032 3034
f 3033 3035 3036 3034
f 3043 3035 3033
f 3044 3034 3036
f 3035 3037 3038 3036
f 3043 3037 3035
f 3044 3036 3038
f 3037 3039 3040 3038
f 3043 3039 3037
f 3044 3038 3040
f 3039 3041 3042 3040
f 3043 3041 3039
f 3044 3040 3042
f 3041 3019 3020 3042
f 3043 3019 3041
f 3044 3042 3020
f 3045 3047 3048 3046
f 3069 3047 3045
f 3070 3046 3048
f 3047 3049 3050 3048
f 3069 3049 3047
f 3070 3048 3050
f 3049 3051 3052 3050
f 3069 3051 3049
f 3070 3050 3052
f 3051 3053 3054 3052
f 3069 3053 3051
f 3070 3052 3054
f 3053 3055 3056 3054
f 3069 3055 3053
f 3070 3054 3056
f 3055 3057 3058 3056
f 3069 3057 3055
f 3070 3056 3058
f 3057 3059 3060 3058
f 3069 3059 3057
f 3070 3058 3060
f 3059 3061 3062 3060
f 3069 3061 3059
f 3070 3060 3062
f 3061 3063 3064 3062
f 3069 3063 3061
f 3070 3062 3064
f 3063 3065 3066 3064
f 3069 3065 3063
f 3070 3064 3066
f 3065 3067 3068 3066
f 3069 3067 3065
f 3070 3066 3068
f 3067 3045 3046 3068
f 3069 3045 3067
f 3070 3068 3046
f 3071 3073 3074 3072
f 3095 3073 3071
f 3096 3072 3074
f 3073 3075 3076 3074
f 3095 3075 3073
f 3096 3074 3076
f 3075 3077 3078 3076
f 3095 3077 3075
f 3096 3076 3078
f 3077 3079 3080 3078
f 3095 3079 3077
f 3096 3078 3080
f 3079 3081 3082 3080
f 3095 3081 3079
f 3096 3080 3082
f 3081 3083 3084 3082
f 3095 3083 3081
f 3096 3082 3084
f 3083 3085 3086 3084
f 3095 3085 3083
f 3096 3084 3086
f 3085 3087 3088 3086
f 3095 3087 3085
f 3096 3086 3088
f 3087 3089 3090 3088
f 3095 3089 3087
f 3096 3088 3090
f 3089 3091 3092 3090
f 3095 3091 3089
f 3096 3090 3092
f 3091 3093 3094 3092
f 3095 3093 3091
f 3096 3092 3094
f 3093 3071 3072 3094
f 3095 3071 3093
f 3096 3094 3072
f 3097 3099 3100 3098
f 3121 3099 3097
f 3122 3098 3100
f 3099 3101 3102 3100
f 3121 3101 3099
f 3122 3100 3102
f 3101 3103 3104 3102
f 3121 3103 3101
f 3122 3102 3104
f 3103 3105 3106 3104
f 3121 3105 3103
f 3122 3104 3106
f 3105 3107 3108 3106
f 3121 3107 3105
f 3122 3106 3108
f 3107 3109 3110 3108
f 3121 3109 3107
f 3122 3108 3110
f 3109 3111 3112 3110
f 3121 3111 3109
f 3122 3110 3112
f 3111 3113 3114 3112
f 3121 3113 3111
f 3122 3112 3114
f 3113 3115 3116 3114
f 3121 3115 3113
f 3122 3114 3116
f 3115 3117 3118 3116
f 3121 3117 3115
f 3122 3116 3118
f 3117 3119 3120 3118
f 3121 3119 3117
f 3122 3118 3120
f 3119 3097 3098 3120
f 3121 3097 3119
f 3122 3120 3098
f 3123 3125 3126 3124
f 3147 3125 3123
f 3148 3124 3126
f 3125 3127 3128 3126
f 3147 3127 3125
f 3148 3126 3128
f 3127 3129 3130 3128
f 3147 3129 3127
f 3148 3128 3130
f 3129 3131 3132 3130
f 3147 3131 3129
f 3148 3130 3132
f 3131 3133 3134 3132
f 3147 3133 3131
f 3148 3132 3134
f 3133 3135 3136 3134
f 3147 3135 3133
f 3148 3134 3136
f 3135 3137 3138 3136
f 3147 3137 3135
f 3148 3136 3138
f 3137 3139 3140 3138
f 3147 3139 3137
f 3148 3138 3140
f 3139 3141 3142 3140
f 3147 3141 3139
f 3148 3140 3142
f 3141 3143 3144 3142
f 3147 3143 3141
f 3148 3142 3144
f 3143 3145 3146 3144
f 3147 3145 3143
f 3148 3144 3146
f 3145 3123 3124 3146
f 3147 3123 3145
f 3148 3146 3124
g raised-tire-tread
usemtl tire_tread
f 3149 3150 3154 3153
f 3152 3156 3155 3151
f 3149 3152 3151 3150
f 3153 3154 3155 3156
f 3149 3153 3156 3152
f 3150 3151 3155 3154
f 3157 3158 3162 3161
f 3160 3164 3163 3159
f 3157 3160 3159 3158
f 3161 3162 3163 3164
f 3157 3161 3164 3160
f 3158 3159 3163 3162
f 3165 3166 3170 3169
f 3168 3172 3171 3167
f 3165 3168 3167 3166
f 3169 3170 3171 3172
f 3165 3169 3172 3168
f 3166 3167 3171 3170
f 3173 3174 3178 3177
f 3176 3180 3179 3175
f 3173 3176 3175 3174
f 3177 3178 3179 3180
f 3173 3177 3180 3176
f 3174 3175 3179 3178
f 3181 3182 3186 3185
f 3184 3188 3187 3183
f 3181 3184 3183 3182
f 3185 3186 3187 3188
f 3181 3185 3188 3184
f 3182 3183 3187 3186
f 3189 3190 3194 3193
f 3192 3196 3195 3191
f 3189 3192 3191 3190
f 3193 3194 3195 3196
f 3189 3193 3196 3192
f 3190 3191 3195 3194
f 3197 3198 3202 3201
f 3200 3204 3203 3199
f 3197 3200 3199 3198
f 3201 3202 3203 3204
f 3197 3201 3204 3200
f 3198 3199 3203 3202
f 3205 3206 3210 3209
f 3208 3212 3211 3207
f 3205 3208 3207 3206
f 3209 3210 3211 3212
f 3205 3209 3212 3208
f 3206 3207 3211 3210
f 3213 3214 3218 3217
f 3216 3220 3219 3215
f 3213 3216 3215 3214
f 3217 3218 3219 3220
f 3213 3217 3220 3216
f 3214 3215 3219 3218
f 3221 3222 3226 3225
f 3224 3228 3227 3223
f 3221 3224 3223 3222
f 3225 3226 3227 3228
f 3221 3225 3228 3224
f 3222 3223 3227 3226
f 3229 3230 3234 3233
f 3232 3236 3235 3231
f 3229 3232 3231 3230
f 3233 3234 3235 3236
f 3229 3233 3236 3232
f 3230 3231 3235 3234
f 3237 3238 3242 3241
f 3240 3244 3243 3239
f 3237 3240 3239 3238
f 3241 3242 3243 3244
f 3237 3241 3244 3240
f 3238 3239 3243 3242
f 3245 3246 3250 3249
f 3248 3252 3251 3247
f 3245 3248 3247 3246
f 3249 3250 3251 3252
f 3245 3249 3252 3248
f 3246 3247 3251 3250
f 3253 3254 3258 3257
f 3256 3260 3259 3255
f 3253 3256 3255 3254
f 3257 3258 3259 3260
f 3253 3257 3260 3256
f 3254 3255 3259 3258
f 3261 3262 3266 3265
f 3264 3268 3267 3263
f 3261 3264 3263 3262
f 3265 3266 3267 3268
f 3261 3265 3268 3264
f 3262 3263 3267 3266
f 3269 3270 3274 3273
f 3272 3276 3275 3271
f 3269 3272 3271 3270
f 3273 3274 3275 3276
f 3269 3273 3276 3272
f 3270 3271 3275 3274
f 3277 3278 3282 3281
f 3280 3284 3283 3279
f 3277 3280 3279 3278
f 3281 3282 3283 3284
f 3277 3281 3284 3280
f 3278 3279 3283 3282
f 3285 3286 3290 3289
f 3288 3292 3291 3287
f 3285 3288 3287 3286
f 3289 3290 3291 3292
f 3285 3289 3292 3288
f 3286 3287 3291 3290
f 3293 3294 3298 3297
f 3296 3300 3299 3295
f 3293 3296 3295 3294
f 3297 3298 3299 3300
f 3293 3297 3300 3296
f 3294 3295 3299 3298
f 3301 3302 3306 3305
f 3304 3308 3307 3303
f 3301 3304 3303 3302
f 3305 3306 3307 3308
f 3301 3305 3308 3304
f 3302 3303 3307 3306
f 3309 3310 3314 3313
f 3312 3316 3315 3311
f 3309 3312 3311 3310
f 3313 3314 3315 3316
f 3309 3313 3316 3312
f 3310 3311 3315 3314
f 3317 3318 3322 3321
f 3320 3324 3323 3319
f 3317 3320 3319 3318
f 3321 3322 3323 3324
f 3317 3321 3324 3320
f 3318 3319 3323 3322
f 3325 3326 3330 3329
f 3328 3332 3331 3327
f 3325 3328 3327 3326
f 3329 3330 3331 3332
f 3325 3329 3332 3328
f 3326 3327 3331 3330
f 3333 3334 3338 3337
f 3336 3340 3339 3335
f 3333 3336 3335 3334
f 3337 3338 3339 3340
f 3333 3337 3340 3336
f 3334 3335 3339 3338
f 3341 3342 3346 3345
f 3344 3348 3347 3343
f 3341 3344 3343 3342
f 3345 3346 3347 3348
f 3341 3345 3348 3344
f 3342 3343 3347 3346
f 3349 3350 3354 3353
f 3352 3356 3355 3351
f 3349 3352 3351 3350
f 3353 3354 3355 3356
f 3349 3353 3356 3352
f 3350 3351 3355 3354
f 3357 3358 3362 3361
f 3360 3364 3363 3359
f 3357 3360 3359 3358
f 3361 3362 3363 3364
f 3357 3361 3364 3360
f 3358 3359 3363 3362
f 3365 3366 3370 3369
f 3368 3372 3371 3367
f 3365 3368 3367 3366
f 3369 3370 3371 3372
f 3365 3369 3372 3368
f 3366 3367 3371 3370
g heavy-rubber-tire
usemtl rubber_tire
f 3373 3375 3376 3374
f 3485 3375 3373
f 3486 3374 3376
f 3375 3377 3378 3376
f 3485 3377 3375
f 3486 3376 3378
f 3377 3379 3380 3378
f 3485 3379 3377
f 3486 3378 3380
f 3379 3381 3382 3380
f 3485 3381 3379
f 3486 3380 3382
f 3381 3383 3384 3382
f 3485 3383 3381
f 3486 3382 3384
f 3383 3385 3386 3384
f 3485 3385 3383
f 3486 3384 3386
f 3385 3387 3388 3386
f 3485 3387 3385
f 3486 3386 3388
f 3387 3389 3390 3388
f 3485 3389 3387
f 3486 3388 3390
f 3389 3391 3392 3390
f 3485 3391 3389
f 3486 3390 3392
f 3391 3393 3394 3392
f 3485 3393 3391
f 3486 3392 3394
f 3393 3395 3396 3394
f 3485 3395 3393
f 3486 3394 3396
f 3395 3397 3398 3396
f 3485 3397 3395
f 3486 3396 3398
f 3397 3399 3400 3398
f 3485 3399 3397
f 3486 3398 3400
f 3399 3401 3402 3400
f 3485 3401 3399
f 3486 3400 3402
f 3401 3403 3404 3402
f 3485 3403 3401
f 3486 3402 3404
f 3403 3405 3406 3404
f 3485 3405 3403
f 3486 3404 3406
f 3405 3407 3408 3406
f 3485 3407 3405
f 3486 3406 3408
f 3407 3409 3410 3408
f 3485 3409 3407
f 3486 3408 3410
f 3409 3411 3412 3410
f 3485 3411 3409
f 3486 3410 3412
f 3411 3413 3414 3412
f 3485 3413 3411
f 3486 3412 3414
f 3413 3415 3416 3414
f 3485 3415 3413
f 3486 3414 3416
f 3415 3417 3418 3416
f 3485 3417 3415
f 3486 3416 3418
f 3417 3419 3420 3418
f 3485 3419 3417
f 3486 3418 3420
f 3419 3421 3422 3420
f 3485 3421 3419
f 3486 3420 3422
f 3421 3423 3424 3422
f 3485 3423 3421
f 3486 3422 3424
f 3423 3425 3426 3424
f 3485 3425 3423
f 3486 3424 3426
f 3425 3427 3428 3426
f 3485 3427 3425
f 3486 3426 3428
f 3427 3429 3430 3428
f 3485 3429 3427
f 3486 3428 3430
f 3429 3431 3432 3430
f 3485 3431 3429
f 3486 3430 3432
f 3431 3433 3434 3432
f 3485 3433 3431
f 3486 3432 3434
f 3433 3435 3436 3434
f 3485 3435 3433
f 3486 3434 3436
f 3435 3437 3438 3436
f 3485 3437 3435
f 3486 3436 3438
f 3437 3439 3440 3438
f 3485 3439 3437
f 3486 3438 3440
f 3439 3441 3442 3440
f 3485 3441 3439
f 3486 3440 3442
f 3441 3443 3444 3442
f 3485 3443 3441
f 3486 3442 3444
f 3443 3445 3446 3444
f 3485 3445 3443
f 3486 3444 3446
f 3445 3447 3448 3446
f 3485 3447 3445
f 3486 3446 3448
f 3447 3449 3450 3448
f 3485 3449 3447
f 3486 3448 3450
f 3449 3451 3452 3450
f 3485 3451 3449
f 3486 3450 3452
f 3451 3453 3454 3452
f 3485 3453 3451
f 3486 3452 3454
f 3453 3455 3456 3454
f 3485 3455 3453
f 3486 3454 3456
f 3455 3457 3458 3456
f 3485 3457 3455
f 3486 3456 3458
f 3457 3459 3460 3458
f 3485 3459 3457
f 3486 3458 3460
f 3459 3461 3462 3460
f 3485 3461 3459
f 3486 3460 3462
f 3461 3463 3464 3462
f 3485 3463 3461
f 3486 3462 3464
f 3463 3465 3466 3464
f 3485 3465 3463
f 3486 3464 3466
f 3465 3467 3468 3466
f 3485 3467 3465
f 3486 3466 3468
f 3467 3469 3470 3468
f 3485 3469 3467
f 3486 3468 3470
f 3469 3471 3472 3470
f 3485 3471 3469
f 3486 3470 3472
f 3471 3473 3474 3472
f 3485 3473 3471
f 3486 3472 3474
f 3473 3475 3476 3474
f 3485 3475 3473
f 3486 3474 3476
f 3475 3477 3478 3476
f 3485 3477 3475
f 3486 3476 3478
f 3477 3479 3480 3478
f 3485 3479 3477
f 3486 3478 3480
f 3479 3481 3482 3480
f 3485 3481 3479
f 3486 3480 3482
f 3481 3483 3484 3482
f 3485 3483 3481
f 3486 3482 3484
f 3483 3373 3374 3484
f 3485 3373 3483
f 3486 3484 3374
g sidewall-detail
usemtl tire_tread
f 3487 3489 3490 3488
f 3599 3489 3487
f 3600 3488 3490
f 3489 3491 3492 3490
f 3599 3491 3489
f 3600 3490 3492
f 3491 3493 3494 3492
f 3599 3493 3491
f 3600 3492 3494
f 3493 3495 3496 3494
f 3599 3495 3493
f 3600 3494 3496
f 3495 3497 3498 3496
f 3599 3497 3495
f 3600 3496 3498
f 3497 3499 3500 3498
f 3599 3499 3497
f 3600 3498 3500
f 3499 3501 3502 3500
f 3599 3501 3499
f 3600 3500 3502
f 3501 3503 3504 3502
f 3599 3503 3501
f 3600 3502 3504
f 3503 3505 3506 3504
f 3599 3505 3503
f 3600 3504 3506
f 3505 3507 3508 3506
f 3599 3507 3505
f 3600 3506 3508
f 3507 3509 3510 3508
f 3599 3509 3507
f 3600 3508 3510
f 3509 3511 3512 3510
f 3599 3511 3509
f 3600 3510 3512
f 3511 3513 3514 3512
f 3599 3513 3511
f 3600 3512 3514
f 3513 3515 3516 3514
f 3599 3515 3513
f 3600 3514 3516
f 3515 3517 3518 3516
f 3599 3517 3515
f 3600 3516 3518
f 3517 3519 3520 3518
f 3599 3519 3517
f 3600 3518 3520
f 3519 3521 3522 3520
f 3599 3521 3519
f 3600 3520 3522
f 3521 3523 3524 3522
f 3599 3523 3521
f 3600 3522 3524
f 3523 3525 3526 3524
f 3599 3525 3523
f 3600 3524 3526
f 3525 3527 3528 3526
f 3599 3527 3525
f 3600 3526 3528
f 3527 3529 3530 3528
f 3599 3529 3527
f 3600 3528 3530
f 3529 3531 3532 3530
f 3599 3531 3529
f 3600 3530 3532
f 3531 3533 3534 3532
f 3599 3533 3531
f 3600 3532 3534
f 3533 3535 3536 3534
f 3599 3535 3533
f 3600 3534 3536
f 3535 3537 3538 3536
f 3599 3537 3535
f 3600 3536 3538
f 3537 3539 3540 3538
f 3599 3539 3537
f 3600 3538 3540
f 3539 3541 3542 3540
f 3599 3541 3539
f 3600 3540 3542
f 3541 3543 3544 3542
f 3599 3543 3541
f 3600 3542 3544
f 3543 3545 3546 3544
f 3599 3545 3543
f 3600 3544 3546
f 3545 3547 3548 3546
f 3599 3547 3545
f 3600 3546 3548
f 3547 3549 3550 3548
f 3599 3549 3547
f 3600 3548 3550
f 3549 3551 3552 3550
f 3599 3551 3549
f 3600 3550 3552
f 3551 3553 3554 3552
f 3599 3553 3551
f 3600 3552 3554
f 3553 3555 3556 3554
f 3599 3555 3553
f 3600 3554 3556
f 3555 3557 3558 3556
f 3599 3557 3555
f 3600 3556 3558
f 3557 3559 3560 3558
f 3599 3559 3557
f 3600 3558 3560
f 3559 3561 3562 3560
f 3599 3561 3559
f 3600 3560 3562
f 3561 3563 3564 3562
f 3599 3563 3561
f 3600 3562 3564
f 3563 3565 3566 3564
f 3599 3565 3563
f 3600 3564 3566
f 3565 3567 3568 3566
f 3599 3567 3565
f 3600 3566 3568
f 3567 3569 3570 3568
f 3599 3569 3567
f 3600 3568 3570
f 3569 3571 3572 3570
f 3599 3571 3569
f 3600 3570 3572
f 3571 3573 3574 3572
f 3599 3573 3571
f 3600 3572 3574
f 3573 3575 3576 3574
f 3599 3575 3573
f 3600 3574 3576
f 3575 3577 3578 3576
f 3599 3577 3575
f 3600 3576 3578
f 3577 3579 3580 3578
f 3599 3579 3577
f 3600 3578 3580
f 3579 3581 3582 3580
f 3599 3581 3579
f 3600 3580 3582
f 3581 3583 3584 3582
f 3599 3583 3581
f 3600 3582 3584
f 3583 3585 3586 3584
f 3599 3585 3583
f 3600 3584 3586
f 3585 3587 3588 3586
f 3599 3587 3585
f 3600 3586 3588
f 3587 3589 3590 3588
f 3599 3589 3587
f 3600 3588 3590
f 3589 3591 3592 3590
f 3599 3591 3589
f 3600 3590 3592
f 3591 3593 3594 3592
f 3599 3593 3591
f 3600 3592 3594
f 3593 3595 3596 3594
f 3599 3595 3593
f 3600 3594 3596
f 3595 3597 3598 3596
f 3599 3597 3595
f 3600 3596 3598
f 3597 3487 3488 3598
f 3599 3487 3597
f 3600 3598 3488
g steel-wheel-rim
usemtl wheel_rim
f 3601 3603 3604 3602
f 3681 3603 3601
f 3682 3602 3604
f 3603 3605 3606 3604
f 3681 3605 3603
f 3682 3604 3606
f 3605 3607 3608 3606
f 3681 3607 3605
f 3682 3606 3608
f 3607 3609 3610 3608
f 3681 3609 3607
f 3682 3608 3610
f 3609 3611 3612 3610
f 3681 3611 3609
f 3682 3610 3612
f 3611 3613 3614 3612
f 3681 3613 3611
f 3682 3612 3614
f 3613 3615 3616 3614
f 3681 3615 3613
f 3682 3614 3616
f 3615 3617 3618 3616
f 3681 3617 3615
f 3682 3616 3618
f 3617 3619 3620 3618
f 3681 3619 3617
f 3682 3618 3620
f 3619 3621 3622 3620
f 3681 3621 3619
f 3682 3620 3622
f 3621 3623 3624 3622
f 3681 3623 3621
f 3682 3622 3624
f 3623 3625 3626 3624
f 3681 3625 3623
f 3682 3624 3626
f 3625 3627 3628 3626
f 3681 3627 3625
f 3682 3626 3628
f 3627 3629 3630 3628
f 3681 3629 3627
f 3682 3628 3630
f 3629 3631 3632 3630
f 3681 3631 3629
f 3682 3630 3632
f 3631 3633 3634 3632
f 3681 3633 3631
f 3682 3632 3634
f 3633 3635 3636 3634
f 3681 3635 3633
f 3682 3634 3636
f 3635 3637 3638 3636
f 3681 3637 3635
f 3682 3636 3638
f 3637 3639 3640 3638
f 3681 3639 3637
f 3682 3638 3640
f 3639 3641 3642 3640
f 3681 3641 3639
f 3682 3640 3642
f 3641 3643 3644 3642
f 3681 3643 3641
f 3682 3642 3644
f 3643 3645 3646 3644
f 3681 3645 3643
f 3682 3644 3646
f 3645 3647 3648 3646
f 3681 3647 3645
f 3682 3646 3648
f 3647 3649 3650 3648
f 3681 3649 3647
f 3682 3648 3650
f 3649 3651 3652 3650
f 3681 3651 3649
f 3682 3650 3652
f 3651 3653 3654 3652
f 3681 3653 3651
f 3682 3652 3654
f 3653 3655 3656 3654
f 3681 3655 3653
f 3682 3654 3656
f 3655 3657 3658 3656
f 3681 3657 3655
f 3682 3656 3658
f 3657 3659 3660 3658
f 3681 3659 3657
f 3682 3658 3660
f 3659 3661 3662 3660
f 3681 3661 3659
f 3682 3660 3662
f 3661 3663 3664 3662
f 3681 3663 3661
f 3682 3662 3664
f 3663 3665 3666 3664
f 3681 3665 3663
f 3682 3664 3666
f 3665 3667 3668 3666
f 3681 3667 3665
f 3682 3666 3668
f 3667 3669 3670 3668
f 3681 3669 3667
f 3682 3668 3670
f 3669 3671 3672 3670
f 3681 3671 3669
f 3682 3670 3672
f 3671 3673 3674 3672
f 3681 3673 3671
f 3682 3672 3674
f 3673 3675 3676 3674
f 3681 3675 3673
f 3682 3674 3676
f 3675 3677 3678 3676
f 3681 3677 3675
f 3682 3676 3678
f 3677 3679 3680 3678
f 3681 3679 3677
f 3682 3678 3680
f 3679 3601 3602 3680
f 3681 3601 3679
f 3682 3680 3602
g dark-wheel-hub
usemtl axle_metal
f 3683 3685 3686 3684
f 3747 3685 3683
f 3748 3684 3686
f 3685 3687 3688 3686
f 3747 3687 3685
f 3748 3686 3688
f 3687 3689 3690 3688
f 3747 3689 3687
f 3748 3688 3690
f 3689 3691 3692 3690
f 3747 3691 3689
f 3748 3690 3692
f 3691 3693 3694 3692
f 3747 3693 3691
f 3748 3692 3694
f 3693 3695 3696 3694
f 3747 3695 3693
f 3748 3694 3696
f 3695 3697 3698 3696
f 3747 3697 3695
f 3748 3696 3698
f 3697 3699 3700 3698
f 3747 3699 3697
f 3748 3698 3700
f 3699 3701 3702 3700
f 3747 3701 3699
f 3748 3700 3702
f 3701 3703 3704 3702
f 3747 3703 3701
f 3748 3702 3704
f 3703 3705 3706 3704
f 3747 3705 3703
f 3748 3704 3706
f 3705 3707 3708 3706
f 3747 3707 3705
f 3748 3706 3708
f 3707 3709 3710 3708
f 3747 3709 3707
f 3748 3708 3710
f 3709 3711 3712 3710
f 3747 3711 3709
f 3748 3710 3712
f 3711 3713 3714 3712
f 3747 3713 3711
f 3748 3712 3714
f 3713 3715 3716 3714
f 3747 3715 3713
f 3748 3714 3716
f 3715 3717 3718 3716
f 3747 3717 3715
f 3748 3716 3718
f 3717 3719 3720 3718
f 3747 3719 3717
f 3748 3718 3720
f 3719 3721 3722 3720
f 3747 3721 3719
f 3748 3720 3722
f 3721 3723 3724 3722
f 3747 3723 3721
f 3748 3722 3724
f 3723 3725 3726 3724
f 3747 3725 3723
f 3748 3724 3726
f 3725 3727 3728 3726
f 3747 3727 3725
f 3748 3726 3728
f 3727 3729 3730 3728
f 3747 3729 3727
f 3748 3728 3730
f 3729 3731 3732 3730
f 3747 3731 3729
f 3748 3730 3732
f 3731 3733 3734 3732
f 3747 3733 3731
f 3748 3732 3734
f 3733 3735 3736 3734
f 3747 3735 3733
f 3748 3734 3736
f 3735 3737 3738 3736
f 3747 3737 3735
f 3748 3736 3738
f 3737 3739 3740 3738
f 3747 3739 3737
f 3748 3738 3740
f 3739 3741 3742 3740
f 3747 3741 3739
f 3748 3740 3742
f 3741 3743 3744 3742
f 3747 3743 3741
f 3748 3742 3744
f 3743 3745 3746 3744
f 3747 3745 3743
f 3748 3744 3746
f 3745 3683 3684 3746
f 3747 3683 3745
f 3748 3746 3684
g wheel-bolt
usemtl chrome
f 3749 3751 3752 3750
f 3773 3751 3749
f 3774 3750 3752
f 3751 3753 3754 3752
f 3773 3753 3751
f 3774 3752 3754
f 3753 3755 3756 3754
f 3773 3755 3753
f 3774 3754 3756
f 3755 3757 3758 3756
f 3773 3757 3755
f 3774 3756 3758
f 3757 3759 3760 3758
f 3773 3759 3757
f 3774 3758 3760
f 3759 3761 3762 3760
f 3773 3761 3759
f 3774 3760 3762
f 3761 3763 3764 3762
f 3773 3763 3761
f 3774 3762 3764
f 3763 3765 3766 3764
f 3773 3765 3763
f 3774 3764 3766
f 3765 3767 3768 3766
f 3773 3767 3765
f 3774 3766 3768
f 3767 3769 3770 3768
f 3773 3769 3767
f 3774 3768 3770
f 3769 3771 3772 3770
f 3773 3771 3769
f 3774 3770 3772
f 3771 3749 3750 3772
f 3773 3749 3771
f 3774 3772 3750
f 3775 3777 3778 3776
f 3799 3777 3775
f 3800 3776 3778
f 3777 3779 3780 3778
f 3799 3779 3777
f 3800 3778 3780
f 3779 3781 3782 3780
f 3799 3781 3779
f 3800 3780 3782
f 3781 3783 3784 3782
f 3799 3783 3781
f 3800 3782 3784
f 3783 3785 3786 3784
f 3799 3785 3783
f 3800 3784 3786
f 3785 3787 3788 3786
f 3799 3787 3785
f 3800 3786 3788
f 3787 3789 3790 3788
f 3799 3789 3787
f 3800 3788 3790
f 3789 3791 3792 3790
f 3799 3791 3789
f 3800 3790 3792
f 3791 3793 3794 3792
f 3799 3793 3791
f 3800 3792 3794
f 3793 3795 3796 3794
f 3799 3795 3793
f 3800 3794 3796
f 3795 3797 3798 3796
f 3799 3797 3795
f 3800 3796 3798
f 3797 3775 3776 3798
f 3799 3775 3797
f 3800 3798 3776
f 3801 3803 3804 3802
f 3825 3803 3801
f 3826 3802 3804
f 3803 3805 3806 3804
f 3825 3805 3803
f 3826 3804 3806
f 3805 3807 3808 3806
f 3825 3807 3805
f 3826 3806 3808
f 3807 3809 3810 3808
f 3825 3809 3807
f 3826 3808 3810
f 3809 3811 3812 3810
f 3825 3811 3809
f 3826 3810 3812
f 3811 3813 3814 3812
f 3825 3813 3811
f 3826 3812 3814
f 3813 3815 3816 3814
f 3825 3815 3813
f 3826 3814 3816
f 3815 3817 3818 3816
f 3825 3817 3815
f 3826 3816 3818
f 3817 3819 3820 3818
f 3825 3819 3817
f 3826 3818 3820
f 3819 3821 3822 3820
f 3825 3821 3819
f 3826 3820 3822
f 3821 3823 3824 3822
f 3825 3823 3821
f 3826 3822 3824
f 3823 3801 3802 3824
f 3825 3801 3823
f 3826 3824 3802
f 3827 3829 3830 3828
f 3851 3829 3827
f 3852 3828 3830
f 3829 3831 3832 3830
f 3851 3831 3829
f 3852 3830 3832
f 3831 3833 3834 3832
f 3851 3833 3831
f 3852 3832 3834
f 3833 3835 3836 3834
f 3851 3835 3833
f 3852 3834 3836
f 3835 3837 3838 3836
f 3851 3837 3835
f 3852 3836 3838
f 3837 3839 3840 3838
f 3851 3839 3837
f 3852 3838 3840
f 3839 3841 3842 3840
f 3851 3841 3839
f 3852 3840 3842
f 3841 3843 3844 3842
f 3851 3843 3841
f 3852 3842 3844
f 3843 3845 3846 3844
f 3851 3845 3843
f 3852 3844 3846
f 3845 3847 3848 3846
f 3851 3847 3845
f 3852 3846 3848
f 3847 3849 3850 3848
f 3851 3849 3847
f 3852 3848 3850
f 3849 3827 3828 3850
f 3851 3827 3849
f 3852 3850 3828
f 3853 3855 3856 3854
f 3877 3855 3853
f 3878 3854 3856
f 3855 3857 3858 3856
f 3877 3857 3855
f 3878 3856 3858
f 3857 3859 3860 3858
f 3877 3859 3857
f 3878 3858 3860
f 3859 3861 3862 3860
f 3877 3861 3859
f 3878 3860 3862
f 3861 3863 3864 3862
f 3877 3863 3861
f 3878 3862 3864
f 3863 3865 3866 3864
f 3877 3865 3863
f 3878 3864 3866
f 3865 3867 3868 3866
f 3877 3867 3865
f 3878 3866 3868
f 3867 3869 3870 3868
f 3877 3869 3867
f 3878 3868 3870
f 3869 3871 3872 3870
f 3877 3871 3869
f 3878 3870 3872
f 3871 3873 3874 3872
f 3877 3873 3871
f 3878 3872 3874
f 3873 3875 3876 3874
f 3877 3875 3873
f 3878 3874 3876
f 3875 3853 3854 3876
f 3877 3853 3875
f 3878 3876 3854
f 3879 3881 3882 3880
f 3903 3881 3879
f 3904 3880 3882
f 3881 3883 3884 3882
f 3903 3883 3881
f 3904 3882 3884
f 3883 3885 3886 3884
f 3903 3885 3883
f 3904 3884 3886
f 3885 3887 3888 3886
f 3903 3887 3885
f 3904 3886 3888
f 3887 3889 3890 3888
f 3903 3889 3887
f 3904 3888 3890
f 3889 3891 3892 3890
f 3903 3891 3889
f 3904 3890 3892
f 3891 3893 3894 3892
f 3903 3893 3891
f 3904 3892 3894
f 3893 3895 3896 3894
f 3903 3895 3893
f 3904 3894 3896
f 3895 3897 3898 3896
f 3903 3897 3895
f 3904 3896 3898
f 3897 3899 3900 3898
f 3903 3899 3897
f 3904 3898 3900
f 3899 3901 3902 3900
f 3903 3901 3899
f 3904 3900 3902
f 3901 3879 3880 3902
f 3903 3879 3901
f 3904 3902 3880
f 3905 3907 3908 3906
f 3929 3907 3905
f 3930 3906 3908
f 3907 3909 3910 3908
f 3929 3909 3907
f 3930 3908 3910
f 3909 3911 3912 3910
f 3929 3911 3909
f 3930 3910 3912
f 3911 3913 3914 3912
f 3929 3913 3911
f 3930 3912 3914
f 3913 3915 3916 3914
f 3929 3915 3913
f 3930 3914 3916
f 3915 3917 3918 3916
f 3929 3917 3915
f 3930 3916 3918
f 3917 3919 3920 3918
f 3929 3919 3917
f 3930 3918 3920
f 3919 3921 3922 3920
f 3929 3921 3919
f 3930 3920 3922
f 3921 3923 3924 3922
f 3929 3923 3921
f 3930 3922 3924
f 3923 3925 3926 3924
f 3929 3925 3923
f 3930 3924 3926
f 3925 3927 3928 3926
f 3929 3927 3925
f 3930 3926 3928
f 3927 3905 3906 3928
f 3929 3905 3927
f 3930 3928 3906
f 3931 3933 3934 3932
f 3955 3933 3931
f 3956 3932 3934
f 3933 3935 3936 3934
f 3955 3935 3933
f 3956 3934 3936
f 3935 3937 3938 3936
f 3955 3937 3935
f 3956 3936 3938
f 3937 3939 3940 3938
f 3955 3939 3937
f 3956 3938 3940
f 3939 3941 3942 3940
f 3955 3941 3939
f 3956 3940 3942
f 3941 3943 3944 3942
f 3955 3943 3941
f 3956 3942 3944
f 3943 3945 3946 3944
f 3955 3945 3943
f 3956 3944 3946
f 3945 3947 3948 3946
f 3955 3947 3945
f 3956 3946 3948
f 3947 3949 3950 3948
f 3955 3949 3947
f 3956 3948 3950
f 3949 3951 3952 3950
f 3955 3951 3949
f 3956 3950 3952
f 3951 3953 3954 3952
f 3955 3953 3951
f 3956 3952 3954
f 3953 3931 3932 3954
f 3955 3931 3953
f 3956 3954 3932
f 3957 3959 3960 3958
f 3981 3959 3957
f 3982 3958 3960
f 3959 3961 3962 3960
f 3981 3961 3959
f 3982 3960 3962
f 3961 3963 3964 3962
f 3981 3963 3961
f 3982 3962 3964
f 3963 3965 3966 3964
f 3981 3965 3963
f 3982 3964 3966
f 3965 3967 3968 3966
f 3981 3967 3965
f 3982 3966 3968
f 3967 3969 3970 3968
f 3981 3969 3967
f 3982 3968 3970
f 3969 3971 3972 3970
f 3981 3971 3969
f 3982 3970 3972
f 3971 3973 3974 3972
f 3981 3973 3971
f 3982 3972 3974
f 3973 3975 3976 3974
f 3981 3975 3973
f 3982 3974 3976
f 3975 3977 3978 3976
f 3981 3977 3975
f 3982 3976 3978
f 3977 3979 3980 3978
f 3981 3979 3977
f 3982 3978 3980
f 3979 3957 3958 3980
f 3981 3957 3979
f 3982 3980 3958
f 3983 3985 3986 3984
f 4007 3985 3983
f 4008 3984 3986
f 3985 3987 3988 3986
f 4007 3987 3985
f 4008 3986 3988
f 3987 3989 3990 3988
f 4007 3989 3987
f 4008 3988 3990
f 3989 3991 3992 3990
f 4007 3991 3989
f 4008 3990 3992
f 3991 3993 3994 3992
f 4007 3993 3991
f 4008 3992 3994
f 3993 3995 3996 3994
f 4007 3995 3993
f 4008 3994 3996
f 3995 3997 3998 3996
f 4007 3997 3995
f 4008 3996 3998
f 3997 3999 4000 3998
f 4007 3999 3997
f 4008 3998 4000
f 3999 4001 4002 4000
f 4007 4001 3999
f 4008 4000 4002
f 4001 4003 4004 4002
f 4007 4003 4001
f 4008 4002 4004
f 4003 4005 4006 4004
f 4007 4005 4003
f 4008 4004 4006
f 4005 3983 3984 4006
f 4007 3983 4005
f 4008 4006 3984
g raised-tire-tread
usemtl tire_tread
f 4009 4010 4014 4013
f 4012 4016 4015 4011
f 4009 4012 4011 4010
f 4013 4014 4015 4016
f 4009 4013 4016 4012
f 4010 4011 4015 4014
f 4017 4018 4022 4021
f 4020 4024 4023 4019
f 4017 4020 4019 4018
f 4021 4022 4023 4024
f 4017 4021 4024 4020
f 4018 4019 4023 4022
f 4025 4026 4030 4029
f 4028 4032 4031 4027
f 4025 4028 4027 4026
f 4029 4030 4031 4032
f 4025 4029 4032 4028
f 4026 4027 4031 4030
f 4033 4034 4038 4037
f 4036 4040 4039 4035
f 4033 4036 4035 4034
f 4037 4038 4039 4040
f 4033 4037 4040 4036
f 4034 4035 4039 4038
f 4041 4042 4046 4045
f 4044 4048 4047 4043
f 4041 4044 4043 4042
f 4045 4046 4047 4048
f 4041 4045 4048 4044
f 4042 4043 4047 4046
f 4049 4050 4054 4053
f 4052 4056 4055 4051
f 4049 4052 4051 4050
f 4053 4054 4055 4056
f 4049 4053 4056 4052
f 4050 4051 4055 4054
f 4057 4058 4062 4061
f 4060 4064 4063 4059
f 4057 4060 4059 4058
f 4061 4062 4063 4064
f 4057 4061 4064 4060
f 4058 4059 4063 4062
f 4065 4066 4070 4069
f 4068 4072 4071 4067
f 4065 4068 4067 4066
f 4069 4070 4071 4072
f 4065 4069 4072 4068
f 4066 4067 4071 4070
f 4073 4074 4078 4077
f 4076 4080 4079 4075
f 4073 4076 4075 4074
f 4077 4078 4079 4080
f 4073 4077 4080 4076
f 4074 4075 4079 4078
f 4081 4082 4086 4085
f 4084 4088 4087 4083
f 4081 4084 4083 4082
f 4085 4086 4087 4088
f 4081 4085 4088 4084
f 4082 4083 4087 4086
f 4089 4090 4094 4093
f 4092 4096 4095 4091
f 4089 4092 4091 4090
f 4093 4094 4095 4096
f 4089 4093 4096 4092
f 4090 4091 4095 4094
f 4097 4098 4102 4101
f 4100 4104 4103 4099
f 4097 4100 4099 4098
f 4101 4102 4103 4104
f 4097 4101 4104 4100
f 4098 4099 4103 4102
f 4105 4106 4110 4109
f 4108 4112 4111 4107
f 4105 4108 4107 4106
f 4109 4110 4111 4112
f 4105 4109 4112 4108
f 4106 4107 4111 4110
f 4113 4114 4118 4117
f 4116 4120 4119 4115
f 4113 4116 4115 4114
f 4117 4118 4119 4120
f 4113 4117 4120 4116
f 4114 4115 4119 4118
f 4121 4122 4126 4125
f 4124 4128 4127 4123
f 4121 4124 4123 4122
f 4125 4126 4127 4128
f 4121 4125 4128 4124
f 4122 4123 4127 4126
f 4129 4130 4134 4133
f 4132 4136 4135 4131
f 4129 4132 4131 4130
f 4133 4134 4135 4136
f 4129 4133 4136 4132
f 4130 4131 4135 4134
f 4137 4138 4142 4141
f 4140 4144 4143 4139
f 4137 4140 4139 4138
f 4141 4142 4143 4144
f 4137 4141 4144 4140
f 4138 4139 4143 4142
f 4145 4146 4150 4149
f 4148 4152 4151 4147
f 4145 4148 4147 4146
f 4149 4150 4151 4152
f 4145 4149 4152 4148
f 4146 4147 4151 4150
f 4153 4154 4158 4157
f 4156 4160 4159 4155
f 4153 4156 4155 4154
f 4157 4158 4159 4160
f 4153 4157 4160 4156
f 4154 4155 4159 4158
f 4161 4162 4166 4165
f 4164 4168 4167 4163
f 4161 4164 4163 4162
f 4165 4166 4167 4168
f 4161 4165 4168 4164
f 4162 4163 4167 4166
f 4169 4170 4174 4173
f 4172 4176 4175 4171
f 4169 4172 4171 4170
f 4173 4174 4175 4176
f 4169 4173 4176 4172
f 4170 4171 4175 4174
f 4177 4178 4182 4181
f 4180 4184 4183 4179
f 4177 4180 4179 4178
f 4181 4182 4183 4184
f 4177 4181 4184 4180
f 4178 4179 4183 4182
f 4185 4186 4190 4189
f 4188 4192 4191 4187
f 4185 4188 4187 4186
f 4189 4190 4191 4192
f 4185 4189 4192 4188
f 4186 4187 4191 4190
f 4193 4194 4198 4197
f 4196 4200 4199 4195
f 4193 4196 4195 4194
f 4197 4198 4199 4200
f 4193 4197 4200 4196
f 4194 4195 4199 4198
f 4201 4202 4206 4205
f 4204 4208 4207 4203
f 4201 4204 4203 4202
f 4205 4206 4207 4208
f 4201 4205 4208 4204
f 4202 4203 4207 4206
f 4209 4210 4214 4213
f 4212 4216 4215 4211
f 4209 4212 4211 4210
f 4213 4214 4215 4216
f 4209 4213 4216 4212
f 4210 4211 4215 4214
f 4217 4218 4222 4221
f 4220 4224 4223 4219
f 4217 4220 4219 4218
f 4221 4222 4223 4224
f 4217 4221 4224 4220
f 4218 4219 4223 4222
f 4225 4226 4230 4229
f 4228 4232 4231 4227
f 4225 4228 4227 4226
f 4229 4230 4231 4232
f 4225 4229 4232 4228
f 4226 4227 4231 4230
g heavy-rubber-tire
usemtl rubber_tire
f 4233 4235 4236 4234
f 4345 4235 4233
f 4346 4234 4236
f 4235 4237 4238 4236
f 4345 4237 4235
f 4346 4236 4238
f 4237 4239 4240 4238
f 4345 4239 4237
f 4346 4238 4240
f 4239 4241 4242 4240
f 4345 4241 4239
f 4346 4240 4242
f 4241 4243 4244 4242
f 4345 4243 4241
f 4346 4242 4244
f 4243 4245 4246 4244
f 4345 4245 4243
f 4346 4244 4246
f 4245 4247 4248 4246
f 4345 4247 4245
f 4346 4246 4248
f 4247 4249 4250 4248
f 4345 4249 4247
f 4346 4248 4250
f 4249 4251 4252 4250
f 4345 4251 4249
f 4346 4250 4252
f 4251 4253 4254 4252
f 4345 4253 4251
f 4346 4252 4254
f 4253 4255 4256 4254
f 4345 4255 4253
f 4346 4254 4256
f 4255 4257 4258 4256
f 4345 4257 4255
f 4346 4256 4258
f 4257 4259 4260 4258
f 4345 4259 4257
f 4346 4258 4260
f 4259 4261 4262 4260
f 4345 4261 4259
f 4346 4260 4262
f 4261 4263 4264 4262
f 4345 4263 4261
f 4346 4262 4264
f 4263 4265 4266 4264
f 4345 4265 4263
f 4346 4264 4266
f 4265 4267 4268 4266
f 4345 4267 4265
f 4346 4266 4268
f 4267 4269 4270 4268
f 4345 4269 4267
f 4346 4268 4270
f 4269 4271 4272 4270
f 4345 4271 4269
f 4346 4270 4272
f 4271 4273 4274 4272
f 4345 4273 4271
f 4346 4272 4274
f 4273 4275 4276 4274
f 4345 4275 4273
f 4346 4274 4276
f 4275 4277 4278 4276
f 4345 4277 4275
f 4346 4276 4278
f 4277 4279 4280 4278
f 4345 4279 4277
f 4346 4278 4280
f 4279 4281 4282 4280
f 4345 4281 4279
f 4346 4280 4282
f 4281 4283 4284 4282
f 4345 4283 4281
f 4346 4282 4284
f 4283 4285 4286 4284
f 4345 4285 4283
f 4346 4284 4286
f 4285 4287 4288 4286
f 4345 4287 4285
f 4346 4286 4288
f 4287 4289 4290 4288
f 4345 4289 4287
f 4346 4288 4290
f 4289 4291 4292 4290
f 4345 4291 4289
f 4346 4290 4292
f 4291 4293 4294 4292
f 4345 4293 4291
f 4346 4292 4294
f 4293 4295 4296 4294
f 4345 4295 4293
f 4346 4294 4296
f 4295 4297 4298 4296
f 4345 4297 4295
f 4346 4296 4298
f 4297 4299 4300 4298
f 4345 4299 4297
f 4346 4298 4300
f 4299 4301 4302 4300
f 4345 4301 4299
f 4346 4300 4302
f 4301 4303 4304 4302
f 4345 4303 4301
f 4346 4302 4304
f 4303 4305 4306 4304
f 4345 4305 4303
f 4346 4304 4306
f 4305 4307 4308 4306
f 4345 4307 4305
f 4346 4306 4308
f 4307 4309 4310 4308
f 4345 4309 4307
f 4346 4308 4310
f 4309 4311 4312 4310
f 4345 4311 4309
f 4346 4310 4312
f 4311 4313 4314 4312
f 4345 4313 4311
f 4346 4312 4314
f 4313 4315 4316 4314
f 4345 4315 4313
f 4346 4314 4316
f 4315 4317 4318 4316
f 4345 4317 4315
f 4346 4316 4318
f 4317 4319 4320 4318
f 4345 4319 4317
f 4346 4318 4320
f 4319 4321 4322 4320
f 4345 4321 4319
f 4346 4320 4322
f 4321 4323 4324 4322
f 4345 4323 4321
f 4346 4322 4324
f 4323 4325 4326 4324
f 4345 4325 4323
f 4346 4324 4326
f 4325 4327 4328 4326
f 4345 4327 4325
f 4346 4326 4328
f 4327 4329 4330 4328
f 4345 4329 4327
f 4346 4328 4330
f 4329 4331 4332 4330
f 4345 4331 4329
f 4346 4330 4332
f 4331 4333 4334 4332
f 4345 4333 4331
f 4346 4332 4334
f 4333 4335 4336 4334
f 4345 4335 4333
f 4346 4334 4336
f 4335 4337 4338 4336
f 4345 4337 4335
f 4346 4336 4338
f 4337 4339 4340 4338
f 4345 4339 4337
f 4346 4338 4340
f 4339 4341 4342 4340
f 4345 4341 4339
f 4346 4340 4342
f 4341 4343 4344 4342
f 4345 4343 4341
f 4346 4342 4344
f 4343 4233 4234 4344
f 4345 4233 4343
f 4346 4344 4234
g sidewall-detail
usemtl tire_tread
f 4347 4349 4350 4348
f 4459 4349 4347
f 4460 4348 4350
f 4349 4351 4352 4350
f 4459 4351 4349
f 4460 4350 4352
f 4351 4353 4354 4352
f 4459 4353 4351
f 4460 4352 4354
f 4353 4355 4356 4354
f 4459 4355 4353
f 4460 4354 4356
f 4355 4357 4358 4356
f 4459 4357 4355
f 4460 4356 4358
f 4357 4359 4360 4358
f 4459 4359 4357
f 4460 4358 4360
f 4359 4361 4362 4360
f 4459 4361 4359
f 4460 4360 4362
f 4361 4363 4364 4362
f 4459 4363 4361
f 4460 4362 4364
f 4363 4365 4366 4364
f 4459 4365 4363
f 4460 4364 4366
f 4365 4367 4368 4366
f 4459 4367 4365
f 4460 4366 4368
f 4367 4369 4370 4368
f 4459 4369 4367
f 4460 4368 4370
f 4369 4371 4372 4370
f 4459 4371 4369
f 4460 4370 4372
f 4371 4373 4374 4372
f 4459 4373 4371
f 4460 4372 4374
f 4373 4375 4376 4374
f 4459 4375 4373
f 4460 4374 4376
f 4375 4377 4378 4376
f 4459 4377 4375
f 4460 4376 4378
f 4377 4379 4380 4378
f 4459 4379 4377
f 4460 4378 4380
f 4379 4381 4382 4380
f 4459 4381 4379
f 4460 4380 4382
f 4381 4383 4384 4382
f 4459 4383 4381
f 4460 4382 4384
f 4383 4385 4386 4384
f 4459 4385 4383
f 4460 4384 4386
f 4385 4387 4388 4386
f 4459 4387 4385
f 4460 4386 4388
f 4387 4389 4390 4388
f 4459 4389 4387
f 4460 4388 4390
f 4389 4391 4392 4390
f 4459 4391 4389
f 4460 4390 4392
f 4391 4393 4394 4392
f 4459 4393 4391
f 4460 4392 4394
f 4393 4395 4396 4394
f 4459 4395 4393
f 4460 4394 4396
f 4395 4397 4398 4396
f 4459 4397 4395
f 4460 4396 4398
f 4397 4399 4400 4398
f 4459 4399 4397
f 4460 4398 4400
f 4399 4401 4402 4400
f 4459 4401 4399
f 4460 4400 4402
f 4401 4403 4404 4402
f 4459 4403 4401
f 4460 4402 4404
f 4403 4405 4406 4404
f 4459 4405 4403
f 4460 4404 4406
f 4405 4407 4408 4406
f 4459 4407 4405
f 4460 4406 4408
f 4407 4409 4410 4408
f 4459 4409 4407
f 4460 4408 4410
f 4409 4411 4412 4410
f 4459 4411 4409
f 4460 4410 4412
f 4411 4413 4414 4412
f 4459 4413 4411
f 4460 4412 4414
f 4413 4415 4416 4414
f 4459 4415 4413
f 4460 4414 4416
f 4415 4417 4418 4416
f 4459 4417 4415
f 4460 4416 4418
f 4417 4419 4420 4418
f 4459 4419 4417
f 4460 4418 4420
f 4419 4421 4422 4420
f 4459 4421 4419
f 4460 4420 4422
f 4421 4423 4424 4422
f 4459 4423 4421
f 4460 4422 4424
f 4423 4425 4426 4424
f 4459 4425 4423
f 4460 4424 4426
f 4425 4427 4428 4426
f 4459 4427 4425
f 4460 4426 4428
f 4427 4429 4430 4428
f 4459 4429 4427
f 4460 4428 4430
f 4429 4431 4432 4430
f 4459 4431 4429
f 4460 4430 4432
f 4431 4433 4434 4432
f 4459 4433 4431
f 4460 4432 4434
f 4433 4435 4436 4434
f 4459 4435 4433
f 4460 4434 4436
f 4435 4437 4438 4436
f 4459 4437 4435
f 4460 4436 4438
f 4437 4439 4440 4438
f 4459 4439 4437
f 4460 4438 4440
f 4439 4441 4442 4440
f 4459 4441 4439
f 4460 4440 4442
f 4441 4443 4444 4442
f 4459 4443 4441
f 4460 4442 4444
f 4443 4445 4446 4444
f 4459 4445 4443
f 4460 4444 4446
f 4445 4447 4448 4446
f 4459 4447 4445
f 4460 4446 4448
f 4447 4449 4450 4448
f 4459 4449 4447
f 4460 4448 4450
f 4449 4451 4452 4450
f 4459 4451 4449
f 4460 4450 4452
f 4451 4453 4454 4452
f 4459 4453 4451
f 4460 4452 4454
f 4453 4455 4456 4454
f 4459 4455 4453
f 4460 4454 4456
f 4455 4457 4458 4456
f 4459 4457 4455
f 4460 4456 4458
f 4457 4347 4348 4458
f 4459 4347 4457
f 4460 4458 4348
g steel-wheel-rim
usemtl wheel_rim
f 4461 4463 4464 4462
f 4541 4463 4461
f 4542 4462 4464
f 4463 4465 4466 4464
f 4541 4465 4463
f 4542 4464 4466
f 4465 4467 4468 4466
f 4541 4467 4465
f 4542 4466 4468
f 4467 4469 4470 4468
f 4541 4469 4467
f 4542 4468 4470
f 4469 4471 4472 4470
f 4541 4471 4469
f 4542 4470 4472
f 4471 4473 4474 4472
f 4541 4473 4471
f 4542 4472 4474
f 4473 4475 4476 4474
f 4541 4475 4473
f 4542 4474 4476
f 4475 4477 4478 4476
f 4541 4477 4475
f 4542 4476 4478
f 4477 4479 4480 4478
f 4541 4479 4477
f 4542 4478 4480
f 4479 4481 4482 4480
f 4541 4481 4479
f 4542 4480 4482
f 4481 4483 4484 4482
f 4541 4483 4481
f 4542 4482 4484
f 4483 4485 4486 4484
f 4541 4485 4483
f 4542 4484 4486
f 4485 4487 4488 4486
f 4541 4487 4485
f 4542 4486 4488
f 4487 4489 4490 4488
f 4541 4489 4487
f 4542 4488 4490
f 4489 4491 4492 4490
f 4541 4491 4489
f 4542 4490 4492
f 4491 4493 4494 4492
f 4541 4493 4491
f 4542 4492 4494
f 4493 4495 4496 4494
f 4541 4495 4493
f 4542 4494 4496
f 4495 4497 4498 4496
f 4541 4497 4495
f 4542 4496 4498
f 4497 4499 4500 4498
f 4541 4499 4497
f 4542 4498 4500
f 4499 4501 4502 4500
f 4541 4501 4499
f 4542 4500 4502
f 4501 4503 4504 4502
f 4541 4503 4501
f 4542 4502 4504
f 4503 4505 4506 4504
f 4541 4505 4503
f 4542 4504 4506
f 4505 4507 4508 4506
f 4541 4507 4505
f 4542 4506 4508
f 4507 4509 4510 4508
f 4541 4509 4507
f 4542 4508 4510
f 4509 4511 4512 4510
f 4541 4511 4509
f 4542 4510 4512
f 4511 4513 4514 4512
f 4541 4513 4511
f 4542 4512 4514
f 4513 4515 4516 4514
f 4541 4515 4513
f 4542 4514 4516
f 4515 4517 4518 4516
f 4541 4517 4515
f 4542 4516 4518
f 4517 4519 4520 4518
f 4541 4519 4517
f 4542 4518 4520
f 4519 4521 4522 4520
f 4541 4521 4519
f 4542 4520 4522
f 4521 4523 4524 4522
f 4541 4523 4521
f 4542 4522 4524
f 4523 4525 4526 4524
f 4541 4525 4523
f 4542 4524 4526
f 4525 4527 4528 4526
f 4541 4527 4525
f 4542 4526 4528
f 4527 4529 4530 4528
f 4541 4529 4527
f 4542 4528 4530
f 4529 4531 4532 4530
f 4541 4531 4529
f 4542 4530 4532
f 4531 4533 4534 4532
f 4541 4533 4531
f 4542 4532 4534
f 4533 4535 4536 4534
f 4541 4535 4533
f 4542 4534 4536
f 4535 4537 4538 4536
f 4541 4537 4535
f 4542 4536 4538
f 4537 4539 4540 4538
f 4541 4539 4537
f 4542 4538 4540
f 4539 4461 4462 4540
f 4541 4461 4539
f 4542 4540 4462
g dark-wheel-hub
usemtl axle_metal
f 4543 4545 4546 4544
f 4607 4545 4543
f 4608 4544 4546
f 4545 4547 4548 4546
f 4607 4547 4545
f 4608 4546 4548
f 4547 4549 4550 4548
f 4607 4549 4547
f 4608 4548 4550
f 4549 4551 4552 4550
f 4607 4551 4549
f 4608 4550 4552
f 4551 4553 4554 4552
f 4607 4553 4551
f 4608 4552 4554
f 4553 4555 4556 4554
f 4607 4555 4553
f 4608 4554 4556
f 4555 4557 4558 4556
f 4607 4557 4555
f 4608 4556 4558
f 4557 4559 4560 4558
f 4607 4559 4557
f 4608 4558 4560
f 4559 4561 4562 4560
f 4607 4561 4559
f 4608 4560 4562
f 4561 4563 4564 4562
f 4607 4563 4561
f 4608 4562 4564
f 4563 4565 4566 4564
f 4607 4565 4563
f 4608 4564 4566
f 4565 4567 4568 4566
f 4607 4567 4565
f 4608 4566 4568
f 4567 4569 4570 4568
f 4607 4569 4567
f 4608 4568 4570
f 4569 4571 4572 4570
f 4607 4571 4569
f 4608 4570 4572
f 4571 4573 4574 4572
f 4607 4573 4571
f 4608 4572 4574
f 4573 4575 4576 4574
f 4607 4575 4573
f 4608 4574 4576
f 4575 4577 4578 4576
f 4607 4577 4575
f 4608 4576 4578
f 4577 4579 4580 4578
f 4607 4579 4577
f 4608 4578 4580
f 4579 4581 4582 4580
f 4607 4581 4579
f 4608 4580 4582
f 4581 4583 4584 4582
f 4607 4583 4581
f 4608 4582 4584
f 4583 4585 4586 4584
f 4607 4585 4583
f 4608 4584 4586
f 4585 4587 4588 4586
f 4607 4587 4585
f 4608 4586 4588
f 4587 4589 4590 4588
f 4607 4589 4587
f 4608 4588 4590
f 4589 4591 4592 4590
f 4607 4591 4589
f 4608 4590 4592
f 4591 4593 4594 4592
f 4607 4593 4591
f 4608 4592 4594
f 4593 4595 4596 4594
f 4607 4595 4593
f 4608 4594 4596
f 4595 4597 4598 4596
f 4607 4597 4595
f 4608 4596 4598
f 4597 4599 4600 4598
f 4607 4599 4597
f 4608 4598 4600
f 4599 4601 4602 4600
f 4607 4601 4599
f 4608 4600 4602
f 4601 4603 4604 4602
f 4607 4603 4601
f 4608 4602 4604
f 4603 4605 4606 4604
f 4607 4605 4603
f 4608 4604 4606
f 4605 4543 4544 4606
f 4607 4543 4605
f 4608 4606 4544
g wheel-bolt
usemtl chrome
f 4609 4611 4612 4610
f 4633 4611 4609
f 4634 4610 4612
f 4611 4613 4614 4612
f 4633 4613 4611
f 4634 4612 4614
f 4613 4615 4616 4614
f 4633 4615 4613
f 4634 4614 4616
f 4615 4617 4618 4616
f 4633 4617 4615
f 4634 4616 4618
f 4617 4619 4620 4618
f 4633 4619 4617
f 4634 4618 4620
f 4619 4621 4622 4620
f 4633 4621 4619
f 4634 4620 4622
f 4621 4623 4624 4622
f 4633 4623 4621
f 4634 4622 4624
f 4623 4625 4626 4624
f 4633 4625 4623
f 4634 4624 4626
f 4625 4627 4628 4626
f 4633 4627 4625
f 4634 4626 4628
f 4627 4629 4630 4628
f 4633 4629 4627
f 4634 4628 4630
f 4629 4631 4632 4630
f 4633 4631 4629
f 4634 4630 4632
f 4631 4609 4610 4632
f 4633 4609 4631
f 4634 4632 4610
f 4635 4637 4638 4636
f 4659 4637 4635
f 4660 4636 4638
f 4637 4639 4640 4638
f 4659 4639 4637
f 4660 4638 4640
f 4639 4641 4642 4640
f 4659 4641 4639
f 4660 4640 4642
f 4641 4643 4644 4642
f 4659 4643 4641
f 4660 4642 4644
f 4643 4645 4646 4644
f 4659 4645 4643
f 4660 4644 4646
f 4645 4647 4648 4646
f 4659 4647 4645
f 4660 4646 4648
f 4647 4649 4650 4648
f 4659 4649 4647
f 4660 4648 4650
f 4649 4651 4652 4650
f 4659 4651 4649
f 4660 4650 4652
f 4651 4653 4654 4652
f 4659 4653 4651
f 4660 4652 4654
f 4653 4655 4656 4654
f 4659 4655 4653
f 4660 4654 4656
f 4655 4657 4658 4656
f 4659 4657 4655
f 4660 4656 4658
f 4657 4635 4636 4658
f 4659 4635 4657
f 4660 4658 4636
f 4661 4663 4664 4662
f 4685 4663 4661
f 4686 4662 4664
f 4663 4665 4666 4664
f 4685 4665 4663
f 4686 4664 4666
f 4665 4667 4668 4666
f 4685 4667 4665
f 4686 4666 4668
f 4667 4669 4670 4668
f 4685 4669 4667
f 4686 4668 4670
f 4669 4671 4672 4670
f 4685 4671 4669
f 4686 4670 4672
f 4671 4673 4674 4672
f 4685 4673 4671
f 4686 4672 4674
f 4673 4675 4676 4674
f 4685 4675 4673
f 4686 4674 4676
f 4675 4677 4678 4676
f 4685 4677 4675
f 4686 4676 4678
f 4677 4679 4680 4678
f 4685 4679 4677
f 4686 4678 4680
f 4679 4681 4682 4680
f 4685 4681 4679
f 4686 4680 4682
f 4681 4683 4684 4682
f 4685 4683 4681
f 4686 4682 4684
f 4683 4661 4662 4684
f 4685 4661 4683
f 4686 4684 4662
f 4687 4689 4690 4688
f 4711 4689 4687
f 4712 4688 4690
f 4689 4691 4692 4690
f 4711 4691 4689
f 4712 4690 4692
f 4691 4693 4694 4692
f 4711 4693 4691
f 4712 4692 4694
f 4693 4695 4696 4694
f 4711 4695 4693
f 4712 4694 4696
f 4695 4697 4698 4696
f 4711 4697 4695
f 4712 4696 4698
f 4697 4699 4700 4698
f 4711 4699 4697
f 4712 4698 4700
f 4699 4701 4702 4700
f 4711 4701 4699
f 4712 4700 4702
f 4701 4703 4704 4702
f 4711 4703 4701
f 4712 4702 4704
f 4703 4705 4706 4704
f 4711 4705 4703
f 4712 4704 4706
f 4705 4707 4708 4706
f 4711 4707 4705
f 4712 4706 4708
f 4707 4709 4710 4708
f 4711 4709 4707
f 4712 4708 4710
f 4709 4687 4688 4710
f 4711 4687 4709
f 4712 4710 4688
f 4713 4715 4716 4714
f 4737 4715 4713
f 4738 4714 4716
f 4715 4717 4718 4716
f 4737 4717 4715
f 4738 4716 4718
f 4717 4719 4720 4718
f 4737 4719 4717
f 4738 4718 4720
f 4719 4721 4722 4720
f 4737 4721 4719
f 4738 4720 4722
f 4721 4723 4724 4722
f 4737 4723 4721
f 4738 4722 4724
f 4723 4725 4726 4724
f 4737 4725 4723
f 4738 4724 4726
f 4725 4727 4728 4726
f 4737 4727 4725
f 4738 4726 4728
f 4727 4729 4730 4728
f 4737 4729 4727
f 4738 4728 4730
f 4729 4731 4732 4730
f 4737 4731 4729
f 4738 4730 4732
f 4731 4733 4734 4732
f 4737 4733 4731
f 4738 4732 4734
f 4733 4735 4736 4734
f 4737 4735 4733
f 4738 4734 4736
f 4735 4713 4714 4736
f 4737 4713 4735
f 4738 4736 4714
f 4739 4741 4742 4740
f 4763 4741 4739
f 4764 4740 4742
f 4741 4743 4744 4742
f 4763 4743 4741
f 4764 4742 4744
f 4743 4745 4746 4744
f 4763 4745 4743
f 4764 4744 4746
f 4745 4747 4748 4746
f 4763 4747 4745
f 4764 4746 4748
f 4747 4749 4750 4748
f 4763 4749 4747
f 4764 4748 4750
f 4749 4751 4752 4750
f 4763 4751 4749
f 4764 4750 4752
f 4751 4753 4754 4752
f 4763 4753 4751
f 4764 4752 4754
f 4753 4755 4756 4754
f 4763 4755 4753
f 4764 4754 4756
f 4755 4757 4758 4756
f 4763 4757 4755
f 4764 4756 4758
f 4757 4759 4760 4758
f 4763 4759 4757
f 4764 4758 4760
f 4759 4761 4762 4760
f 4763 4761 4759
f 4764 4760 4762
f 4761 4739 4740 4762
f 4763 4739 4761
f 4764 4762 4740
f 4765 4767 4768 4766
f 4789 4767 4765
f 4790 4766 4768
f 4767 4769 4770 4768
f 4789 4769 4767
f 4790 4768 4770
f 4769 4771 4772 4770
f 4789 4771 4769
f 4790 4770 4772
f 4771 4773 4774 4772
f 4789 4773 4771
f 4790 4772 4774
f 4773 4775 4776 4774
f 4789 4775 4773
f 4790 4774 4776
f 4775 4777 4778 4776
f 4789 4777 4775
f 4790 4776 4778
f 4777 4779 4780 4778
f 4789 4779 4777
f 4790 4778 4780
f 4779 4781 4782 4780
f 4789 4781 4779
f 4790 4780 4782
f 4781 4783 4784 4782
f 4789 4783 4781
f 4790 4782 4784
f 4783 4785 4786 4784
f 4789 4785 4783
f 4790 4784 4786
f 4785 4787 4788 4786
f 4789 4787 4785
f 4790 4786 4788
f 4787 4765 4766 4788
f 4789 4765 4787
f 4790 4788 4766
f 4791 4793 4794 4792
f 4815 4793 4791
f 4816 4792 4794
f 4793 4795 4796 4794
f 4815 4795 4793
f 4816 4794 4796
f 4795 4797 4798 4796
f 4815 4797 4795
f 4816 4796 4798
f 4797 4799 4800 4798
f 4815 4799 4797
f 4816 4798 4800
f 4799 4801 4802 4800
f 4815 4801 4799
f 4816 4800 4802
f 4801 4803 4804 4802
f 4815 4803 4801
f 4816 4802 4804
f 4803 4805 4806 4804
f 4815 4805 4803
f 4816 4804 4806
f 4805 4807 4808 4806
f 4815 4807 4805
f 4816 4806 4808
f 4807 4809 4810 4808
f 4815 4809 4807
f 4816 4808 4810
f 4809 4811 4812 4810
f 4815 4811 4809
f 4816 4810 4812
f 4811 4813 4814 4812
f 4815 4813 4811
f 4816 4812 4814
f 4813 4791 4792 4814
f 4815 4791 4813
f 4816 4814 4792
f 4817 4819 4820 4818
f 4841 4819 4817
f 4842 4818 4820
f 4819 4821 4822 4820
f 4841 4821 4819
f 4842 4820 4822
f 4821 4823 4824 4822
f 4841 4823 4821
f 4842 4822 4824
f 4823 4825 4826 4824
f 4841 4825 4823
f 4842 4824 4826
f 4825 4827 4828 4826
f 4841 4827 4825
f 4842 4826 4828
f 4827 4829 4830 4828
f 4841 4829 4827
f 4842 4828 4830
f 4829 4831 4832 4830
f 4841 4831 4829
f 4842 4830 4832
f 4831 4833 4834 4832
f 4841 4833 4831
f 4842 4832 4834
f 4833 4835 4836 4834
f 4841 4835 4833
f 4842 4834 4836
f 4835 4837 4838 4836
f 4841 4837 4835
f 4842 4836 4838
f 4837 4839 4840 4838
f 4841 4839 4837
f 4842 4838 4840
f 4839 4817 4818 4840
f 4841 4817 4839
f 4842 4840 4818
f 4843 4845 4846 4844
f 4867 4845 4843
f 4868 4844 4846
f 4845 4847 4848 4846
f 4867 4847 4845
f 4868 4846 4848
f 4847 4849 4850 4848
f 4867 4849 4847
f 4868 4848 4850
f 4849 4851 4852 4850
f 4867 4851 4849
f 4868 4850 4852
f 4851 4853 4854 4852
f 4867 4853 4851
f 4868 4852 4854
f 4853 4855 4856 4854
f 4867 4855 4853
f 4868 4854 4856
f 4855 4857 4858 4856
f 4867 4857 4855
f 4868 4856 4858
f 4857 4859 4860 4858
f 4867 4859 4857
f 4868 4858 4860
f 4859 4861 4862 4860
f 4867 4861 4859
f 4868 4860 4862
f 4861 4863 4864 4862
f 4867 4863 4861
f 4868 4862 4864
f 4863 4865 4866 4864
f 4867 4865 4863
f 4868 4864 4866
f 4865 4843 4844 4866
f 4867 4843 4865
f 4868 4866 4844
g raised-tire-tread
usemtl tire_tread
f 4869 4870 4874 4873
f 4872 4876 4875 4871
f 4869 4872 4871 4870
f 4873 4874 4875 4876
f 4869 4873 4876 4872
f 4870 4871 4875 4874
f 4877 4878 4882 4881
f 4880 4884 4883 4879
f 4877 4880 4879 4878
f 4881 4882 4883 4884
f 4877 4881 4884 4880
f 4878 4879 4883 4882
f 4885 4886 4890 4889
f 4888 4892 4891 4887
f 4885 4888 4887 4886
f 4889 4890 4891 4892
f 4885 4889 4892 4888
f 4886 4887 4891 4890
f 4893 4894 4898 4897
f 4896 4900 4899 4895
f 4893 4896 4895 4894
f 4897 4898 4899 4900
f 4893 4897 4900 4896
f 4894 4895 4899 4898
f 4901 4902 4906 4905
f 4904 4908 4907 4903
f 4901 4904 4903 4902
f 4905 4906 4907 4908
f 4901 4905 4908 4904
f 4902 4903 4907 4906
f 4909 4910 4914 4913
f 4912 4916 4915 4911
f 4909 4912 4911 4910
f 4913 4914 4915 4916
f 4909 4913 4916 4912
f 4910 4911 4915 4914
f 4917 4918 4922 4921
f 4920 4924 4923 4919
f 4917 4920 4919 4918
f 4921 4922 4923 4924
f 4917 4921 4924 4920
f 4918 4919 4923 4922
f 4925 4926 4930 4929
f 4928 4932 4931 4927
f 4925 4928 4927 4926
f 4929 4930 4931 4932
f 4925 4929 4932 4928
f 4926 4927 4931 4930
f 4933 4934 4938 4937
f 4936 4940 4939 4935
f 4933 4936 4935 4934
f 4937 4938 4939 4940
f 4933 4937 4940 4936
f 4934 4935 4939 4938
f 4941 4942 4946 4945
f 4944 4948 4947 4943
f 4941 4944 4943 4942
f 4945 4946 4947 4948
f 4941 4945 4948 4944
f 4942 4943 4947 4946
f 4949 4950 4954 4953
f 4952 4956 4955 4951
f 4949 4952 4951 4950
f 4953 4954 4955 4956
f 4949 4953 4956 4952
f 4950 4951 4955 4954
f 4957 4958 4962 4961
f 4960 4964 4963 4959
f 4957 4960 4959 4958
f 4961 4962 4963 4964
f 4957 4961 4964 4960
f 4958 4959 4963 4962
f 4965 4966 4970 4969
f 4968 4972 4971 4967
f 4965 4968 4967 4966
f 4969 4970 4971 4972
f 4965 4969 4972 4968
f 4966 4967 4971 4970
f 4973 4974 4978 4977
f 4976 4980 4979 4975
f 4973 4976 4975 4974
f 4977 4978 4979 4980
f 4973 4977 4980 4976
f 4974 4975 4979 4978
f 4981 4982 4986 4985
f 4984 4988 4987 4983
f 4981 4984 4983 4982
f 4985 4986 4987 4988
f 4981 4985 4988 4984
f 4982 4983 4987 4986
f 4989 4990 4994 4993
f 4992 4996 4995 4991
f 4989 4992 4991 4990
f 4993 4994 4995 4996
f 4989 4993 4996 4992
f 4990 4991 4995 4994
f 4997 4998 5002 5001
f 5000 5004 5003 4999
f 4997 5000 4999 4998
f 5001 5002 5003 5004
f 4997 5001 5004 5000
f 4998 4999 5003 5002
f 5005 5006 5010 5009
f 5008 5012 5011 5007
f 5005 5008 5007 5006
f 5009 5010 5011 5012
f 5005 5009 5012 5008
f 5006 5007 5011 5010
f 5013 5014 5018 5017
f 5016 5020 5019 5015
f 5013 5016 5015 5014
f 5017 5018 5019 5020
f 5013 5017 5020 5016
f 5014 5015 5019 5018
f 5021 5022 5026 5025
f 5024 5028 5027 5023
f 5021 5024 5023 5022
f 5025 5026 5027 5028
f 5021 5025 5028 5024
f 5022 5023 5027 5026
f 5029 5030 5034 5033
f 5032 5036 5035 5031
f 5029 5032 5031 5030
f 5033 5034 5035 5036
f 5029 5033 5036 5032
f 5030 5031 5035 5034
f 5037 5038 5042 5041
f 5040 5044 5043 5039
f 5037 5040 5039 5038
f 5041 5042 5043 5044
f 5037 5041 5044 5040
f 5038 5039 5043 5042
f 5045 5046 5050 5049
f 5048 5052 5051 5047
f 5045 5048 5047 5046
f 5049 5050 5051 5052
f 5045 5049 5052 5048
f 5046 5047 5051 5050
f 5053 5054 5058 5057
f 5056 5060 5059 5055
f 5053 5056 5055 5054
f 5057 5058 5059 5060
f 5053 5057 5060 5056
f 5054 5055 5059 5058
f 5061 5062 5066 5065
f 5064 5068 5067 5063
f 5061 5064 5063 5062
f 5065 5066 5067 5068
f 5061 5065 5068 5064
f 5062 5063 5067 5066
f 5069 5070 5074 5073
f 5072 5076 5075 5071
f 5069 5072 5071 5070
f 5073 5074 5075 5076
f 5069 5073 5076 5072
f 5070 5071 5075 5074
f 5077 5078 5082 5081
f 5080 5084 5083 5079
f 5077 5080 5079 5078
f 5081 5082 5083 5084
f 5077 5081 5084 5080
f 5078 5079 5083 5082
f 5085 5086 5090 5089
f 5088 5092 5091 5087
f 5085 5088 5087 5086
f 5089 5090 5091 5092
f 5085 5089 5092 5088
f 5086 5087 5091 5090
g heavy-rubber-tire
usemtl rubber_tire
f 5093 5095 5096 5094
f 5205 5095 5093
f 5206 5094 5096
f 5095 5097 5098 5096
f 5205 5097 5095
f 5206 5096 5098
f 5097 5099 5100 5098
f 5205 5099 5097
f 5206 5098 5100
f 5099 5101 5102 5100
f 5205 5101 5099
f 5206 5100 5102
f 5101 5103 5104 5102
f 5205 5103 5101
f 5206 5102 5104
f 5103 5105 5106 5104
f 5205 5105 5103
f 5206 5104 5106
f 5105 5107 5108 5106
f 5205 5107 5105
f 5206 5106 5108
f 5107 5109 5110 5108
f 5205 5109 5107
f 5206 5108 5110
f 5109 5111 5112 5110
f 5205 5111 5109
f 5206 5110 5112
f 5111 5113 5114 5112
f 5205 5113 5111
f 5206 5112 5114
f 5113 5115 5116 5114
f 5205 5115 5113
f 5206 5114 5116
f 5115 5117 5118 5116
f 5205 5117 5115
f 5206 5116 5118
f 5117 5119 5120 5118
f 5205 5119 5117
f 5206 5118 5120
f 5119 5121 5122 5120
f 5205 5121 5119
f 5206 5120 5122
f 5121 5123 5124 5122
f 5205 5123 5121
f 5206 5122 5124
f 5123 5125 5126 5124
f 5205 5125 5123
f 5206 5124 5126
f 5125 5127 5128 5126
f 5205 5127 5125
f 5206 5126 5128
f 5127 5129 5130 5128
f 5205 5129 5127
f 5206 5128 5130
f 5129 5131 5132 5130
f 5205 5131 5129
f 5206 5130 5132
f 5131 5133 5134 5132
f 5205 5133 5131
f 5206 5132 5134
f 5133 5135 5136 5134
f 5205 5135 5133
f 5206 5134 5136
f 5135 5137 5138 5136
f 5205 5137 5135
f 5206 5136 5138
f 5137 5139 5140 5138
f 5205 5139 5137
f 5206 5138 5140
f 5139 5141 5142 5140
f 5205 5141 5139
f 5206 5140 5142
f 5141 5143 5144 5142
f 5205 5143 5141
f 5206 5142 5144
f 5143 5145 5146 5144
f 5205 5145 5143
f 5206 5144 5146
f 5145 5147 5148 5146
f 5205 5147 5145
f 5206 5146 5148
f 5147 5149 5150 5148
f 5205 5149 5147
f 5206 5148 5150
f 5149 5151 5152 5150
f 5205 5151 5149
f 5206 5150 5152
f 5151 5153 5154 5152
f 5205 5153 5151
f 5206 5152 5154
f 5153 5155 5156 5154
f 5205 5155 5153
f 5206 5154 5156
f 5155 5157 5158 5156
f 5205 5157 5155
f 5206 5156 5158
f 5157 5159 5160 5158
f 5205 5159 5157
f 5206 5158 5160
f 5159 5161 5162 5160
f 5205 5161 5159
f 5206 5160 5162
f 5161 5163 5164 5162
f 5205 5163 5161
f 5206 5162 5164
f 5163 5165 5166 5164
f 5205 5165 5163
f 5206 5164 5166
f 5165 5167 5168 5166
f 5205 5167 5165
f 5206 5166 5168
f 5167 5169 5170 5168
f 5205 5169 5167
f 5206 5168 5170
f 5169 5171 5172 5170
f 5205 5171 5169
f 5206 5170 5172
f 5171 5173 5174 5172
f 5205 5173 5171
f 5206 5172 5174
f 5173 5175 5176 5174
f 5205 5175 5173
f 5206 5174 5176
f 5175 5177 5178 5176
f 5205 5177 5175
f 5206 5176 5178
f 5177 5179 5180 5178
f 5205 5179 5177
f 5206 5178 5180
f 5179 5181 5182 5180
f 5205 5181 5179
f 5206 5180 5182
f 5181 5183 5184 5182
f 5205 5183 5181
f 5206 5182 5184
f 5183 5185 5186 5184
f 5205 5185 5183
f 5206 5184 5186
f 5185 5187 5188 5186
f 5205 5187 5185
f 5206 5186 5188
f 5187 5189 5190 5188
f 5205 5189 5187
f 5206 5188 5190
f 5189 5191 5192 5190
f 5205 5191 5189
f 5206 5190 5192
f 5191 5193 5194 5192
f 5205 5193 5191
f 5206 5192 5194
f 5193 5195 5196 5194
f 5205 5195 5193
f 5206 5194 5196
f 5195 5197 5198 5196
f 5205 5197 5195
f 5206 5196 5198
f 5197 5199 5200 5198
f 5205 5199 5197
f 5206 5198 5200
f 5199 5201 5202 5200
f 5205 5201 5199
f 5206 5200 5202
f 5201 5203 5204 5202
f 5205 5203 5201
f 5206 5202 5204
f 5203 5093 5094 5204
f 5205 5093 5203
f 5206 5204 5094
g sidewall-detail
usemtl tire_tread
f 5207 5209 5210 5208
f 5319 5209 5207
f 5320 5208 5210
f 5209 5211 5212 5210
f 5319 5211 5209
f 5320 5210 5212
f 5211 5213 5214 5212
f 5319 5213 5211
f 5320 5212 5214
f 5213 5215 5216 5214
f 5319 5215 5213
f 5320 5214 5216
f 5215 5217 5218 5216
f 5319 5217 5215
f 5320 5216 5218
f 5217 5219 5220 5218
f 5319 5219 5217
f 5320 5218 5220
f 5219 5221 5222 5220
f 5319 5221 5219
f 5320 5220 5222
f 5221 5223 5224 5222
f 5319 5223 5221
f 5320 5222 5224
f 5223 5225 5226 5224
f 5319 5225 5223
f 5320 5224 5226
f 5225 5227 5228 5226
f 5319 5227 5225
f 5320 5226 5228
f 5227 5229 5230 5228
f 5319 5229 5227
f 5320 5228 5230
f 5229 5231 5232 5230
f 5319 5231 5229
f 5320 5230 5232
f 5231 5233 5234 5232
f 5319 5233 5231
f 5320 5232 5234
f 5233 5235 5236 5234
f 5319 5235 5233
f 5320 5234 5236
f 5235 5237 5238 5236
f 5319 5237 5235
f 5320 5236 5238
f 5237 5239 5240 5238
f 5319 5239 5237
f 5320 5238 5240
f 5239 5241 5242 5240
f 5319 5241 5239
f 5320 5240 5242
f 5241 5243 5244 5242
f 5319 5243 5241
f 5320 5242 5244
f 5243 5245 5246 5244
f 5319 5245 5243
f 5320 5244 5246
f 5245 5247 5248 5246
f 5319 5247 5245
f 5320 5246 5248
f 5247 5249 5250 5248
f 5319 5249 5247
f 5320 5248 5250
f 5249 5251 5252 5250
f 5319 5251 5249
f 5320 5250 5252
f 5251 5253 5254 5252
f 5319 5253 5251
f 5320 5252 5254
f 5253 5255 5256 5254
f 5319 5255 5253
f 5320 5254 5256
f 5255 5257 5258 5256
f 5319 5257 5255
f 5320 5256 5258
f 5257 5259 5260 5258
f 5319 5259 5257
f 5320 5258 5260
f 5259 5261 5262 5260
f 5319 5261 5259
f 5320 5260 5262
f 5261 5263 5264 5262
f 5319 5263 5261
f 5320 5262 5264
f 5263 5265 5266 5264
f 5319 5265 5263
f 5320 5264 5266
f 5265 5267 5268 5266
f 5319 5267 5265
f 5320 5266 5268
f 5267 5269 5270 5268
f 5319 5269 5267
f 5320 5268 5270
f 5269 5271 5272 5270
f 5319 5271 5269
f 5320 5270 5272
f 5271 5273 5274 5272
f 5319 5273 5271
f 5320 5272 5274
f 5273 5275 5276 5274
f 5319 5275 5273
f 5320 5274 5276
f 5275 5277 5278 5276
f 5319 5277 5275
f 5320 5276 5278
f 5277 5279 5280 5278
f 5319 5279 5277
f 5320 5278 5280
f 5279 5281 5282 5280
f 5319 5281 5279
f 5320 5280 5282
f 5281 5283 5284 5282
f 5319 5283 5281
f 5320 5282 5284
f 5283 5285 5286 5284
f 5319 5285 5283
f 5320 5284 5286
f 5285 5287 5288 5286
f 5319 5287 5285
f 5320 5286 5288
f 5287 5289 5290 5288
f 5319 5289 5287
f 5320 5288 5290
f 5289 5291 5292 5290
f 5319 5291 5289
f 5320 5290 5292
f 5291 5293 5294 5292
f 5319 5293 5291
f 5320 5292 5294
f 5293 5295 5296 5294
f 5319 5295 5293
f 5320 5294 5296
f 5295 5297 5298 5296
f 5319 5297 5295
f 5320 5296 5298
f 5297 5299 5300 5298
f 5319 5299 5297
f 5320 5298 5300
f 5299 5301 5302 5300
f 5319 5301 5299
f 5320 5300 5302
f 5301 5303 5304 5302
f 5319 5303 5301
f 5320 5302 5304
f 5303 5305 5306 5304
f 5319 5305 5303
f 5320 5304 5306
f 5305 5307 5308 5306
f 5319 5307 5305
f 5320 5306 5308
f 5307 5309 5310 5308
f 5319 5309 5307
f 5320 5308 5310
f 5309 5311 5312 5310
f 5319 5311 5309
f 5320 5310 5312
f 5311 5313 5314 5312
f 5319 5313 5311
f 5320 5312 5314
f 5313 5315 5316 5314
f 5319 5315 5313
f 5320 5314 5316
f 5315 5317 5318 5316
f 5319 5317 5315
f 5320 5316 5318
f 5317 5207 5208 5318
f 5319 5207 5317
f 5320 5318 5208
g steel-wheel-rim
usemtl wheel_rim
f 5321 5323 5324 5322
f 5401 5323 5321
f 5402 5322 5324
f 5323 5325 5326 5324
f 5401 5325 5323
f 5402 5324 5326
f 5325 5327 5328 5326
f 5401 5327 5325
f 5402 5326 5328
f 5327 5329 5330 5328
f 5401 5329 5327
f 5402 5328 5330
f 5329 5331 5332 5330
f 5401 5331 5329
f 5402 5330 5332
f 5331 5333 5334 5332
f 5401 5333 5331
f 5402 5332 5334
f 5333 5335 5336 5334
f 5401 5335 5333
f 5402 5334 5336
f 5335 5337 5338 5336
f 5401 5337 5335
f 5402 5336 5338
f 5337 5339 5340 5338
f 5401 5339 5337
f 5402 5338 5340
f 5339 5341 5342 5340
f 5401 5341 5339
f 5402 5340 5342
f 5341 5343 5344 5342
f 5401 5343 5341
f 5402 5342 5344
f 5343 5345 5346 5344
f 5401 5345 5343
f 5402 5344 5346
f 5345 5347 5348 5346
f 5401 5347 5345
f 5402 5346 5348
f 5347 5349 5350 5348
f 5401 5349 5347
f 5402 5348 5350
f 5349 5351 5352 5350
f 5401 5351 5349
f 5402 5350 5352
f 5351 5353 5354 5352
f 5401 5353 5351
f 5402 5352 5354
f 5353 5355 5356 5354
f 5401 5355 5353
f 5402 5354 5356
f 5355 5357 5358 5356
f 5401 5357 5355
f 5402 5356 5358
f 5357 5359 5360 5358
f 5401 5359 5357
f 5402 5358 5360
f 5359 5361 5362 5360
f 5401 5361 5359
f 5402 5360 5362
f 5361 5363 5364 5362
f 5401 5363 5361
f 5402 5362 5364
f 5363 5365 5366 5364
f 5401 5365 5363
f 5402 5364 5366
f 5365 5367 5368 5366
f 5401 5367 5365
f 5402 5366 5368
f 5367 5369 5370 5368
f 5401 5369 5367
f 5402 5368 5370
f 5369 5371 5372 5370
f 5401 5371 5369
f 5402 5370 5372
f 5371 5373 5374 5372
f 5401 5373 5371
f 5402 5372 5374
f 5373 5375 5376 5374
f 5401 5375 5373
f 5402 5374 5376
f 5375 5377 5378 5376
f 5401 5377 5375
f 5402 5376 5378
f 5377 5379 5380 5378
f 5401 5379 5377
f 5402 5378 5380
f 5379 5381 5382 5380
f 5401 5381 5379
f 5402 5380 5382
f 5381 5383 5384 5382
f 5401 5383 5381
f 5402 5382 5384
f 5383 5385 5386 5384
f 5401 5385 5383
f 5402 5384 5386
f 5385 5387 5388 5386
f 5401 5387 5385
f 5402 5386 5388
f 5387 5389 5390 5388
f 5401 5389 5387
f 5402 5388 5390
f 5389 5391 5392 5390
f 5401 5391 5389
f 5402 5390 5392
f 5391 5393 5394 5392
f 5401 5393 5391
f 5402 5392 5394
f 5393 5395 5396 5394
f 5401 5395 5393
f 5402 5394 5396
f 5395 5397 5398 5396
f 5401 5397 5395
f 5402 5396 5398
f 5397 5399 5400 5398
f 5401 5399 5397
f 5402 5398 5400
f 5399 5321 5322 5400
f 5401 5321 5399
f 5402 5400 5322
g dark-wheel-hub
usemtl axle_metal
f 5403 5405 5406 5404
f 5467 5405 5403
f 5468 5404 5406
f 5405 5407 5408 5406
f 5467 5407 5405
f 5468 5406 5408
f 5407 5409 5410 5408
f 5467 5409 5407
f 5468 5408 5410
f 5409 5411 5412 5410
f 5467 5411 5409
f 5468 5410 5412
f 5411 5413 5414 5412
f 5467 5413 5411
f 5468 5412 5414
f 5413 5415 5416 5414
f 5467 5415 5413
f 5468 5414 5416
f 5415 5417 5418 5416
f 5467 5417 5415
f 5468 5416 5418
f 5417 5419 5420 5418
f 5467 5419 5417
f 5468 5418 5420
f 5419 5421 5422 5420
f 5467 5421 5419
f 5468 5420 5422
f 5421 5423 5424 5422
f 5467 5423 5421
f 5468 5422 5424
f 5423 5425 5426 5424
f 5467 5425 5423
f 5468 5424 5426
f 5425 5427 5428 5426
f 5467 5427 5425
f 5468 5426 5428
f 5427 5429 5430 5428
f 5467 5429 5427
f 5468 5428 5430
f 5429 5431 5432 5430
f 5467 5431 5429
f 5468 5430 5432
f 5431 5433 5434 5432
f 5467 5433 5431
f 5468 5432 5434
f 5433 5435 5436 5434
f 5467 5435 5433
f 5468 5434 5436
f 5435 5437 5438 5436
f 5467 5437 5435
f 5468 5436 5438
f 5437 5439 5440 5438
f 5467 5439 5437
f 5468 5438 5440
f 5439 5441 5442 5440
f 5467 5441 5439
f 5468 5440 5442
f 5441 5443 5444 5442
f 5467 5443 5441
f 5468 5442 5444
f 5443 5445 5446 5444
f 5467 5445 5443
f 5468 5444 5446
f 5445 5447 5448 5446
f 5467 5447 5445
f 5468 5446 5448
f 5447 5449 5450 5448
f 5467 5449 5447
f 5468 5448 5450
f 5449 5451 5452 5450
f 5467 5451 5449
f 5468 5450 5452
f 5451 5453 5454 5452
f 5467 5453 5451
f 5468 5452 5454
f 5453 5455 5456 5454
f 5467 5455 5453
f 5468 5454 5456
f 5455 5457 5458 5456
f 5467 5457 5455
f 5468 5456 5458
f 5457 5459 5460 5458
f 5467 5459 5457
f 5468 5458 5460
f 5459 5461 5462 5460
f 5467 5461 5459
f 5468 5460 5462
f 5461 5463 5464 5462
f 5467 5463 5461
f 5468 5462 5464
f 5463 5465 5466 5464
f 5467 5465 5463
f 5468 5464 5466
f 5465 5403 5404 5466
f 5467 5403 5465
f 5468 5466 5404
g wheel-bolt
usemtl chrome
f 5469 5471 5472 5470
f 5493 5471 5469
f 5494 5470 5472
f 5471 5473 5474 5472
f 5493 5473 5471
f 5494 5472 5474
f 5473 5475 5476 5474
f 5493 5475 5473
f 5494 5474 5476
f 5475 5477 5478 5476
f 5493 5477 5475
f 5494 5476 5478
f 5477 5479 5480 5478
f 5493 5479 5477
f 5494 5478 5480
f 5479 5481 5482 5480
f 5493 5481 5479
f 5494 5480 5482
f 5481 5483 5484 5482
f 5493 5483 5481
f 5494 5482 5484
f 5483 5485 5486 5484
f 5493 5485 5483
f 5494 5484 5486
f 5485 5487 5488 5486
f 5493 5487 5485
f 5494 5486 5488
f 5487 5489 5490 5488
f 5493 5489 5487
f 5494 5488 5490
f 5489 5491 5492 5490
f 5493 5491 5489
f 5494 5490 5492
f 5491 5469 5470 5492
f 5493 5469 5491
f 5494 5492 5470
f 5495 5497 5498 5496
f 5519 5497 5495
f 5520 5496 5498
f 5497 5499 5500 5498
f 5519 5499 5497
f 5520 5498 5500
f 5499 5501 5502 5500
f 5519 5501 5499
f 5520 5500 5502
f 5501 5503 5504 5502
f 5519 5503 5501
f 5520 5502 5504
f 5503 5505 5506 5504
f 5519 5505 5503
f 5520 5504 5506
f 5505 5507 5508 5506
f 5519 5507 5505
f 5520 5506 5508
f 5507 5509 5510 5508
f 5519 5509 5507
f 5520 5508 5510
f 5509 5511 5512 5510
f 5519 5511 5509
f 5520 5510 5512
f 5511 5513 5514 5512
f 5519 5513 5511
f 5520 5512 5514
f 5513 5515 5516 5514
f 5519 5515 5513
f 5520 5514 5516
f 5515 5517 5518 5516
f 5519 5517 5515
f 5520 5516 5518
f 5517 5495 5496 5518
f 5519 5495 5517
f 5520 5518 5496
f 5521 5523 5524 5522
f 5545 5523 5521
f 5546 5522 5524
f 5523 5525 5526 5524
f 5545 5525 5523
f 5546 5524 5526
f 5525 5527 5528 5526
f 5545 5527 5525
f 5546 5526 5528
f 5527 5529 5530 5528
f 5545 5529 5527
f 5546 5528 5530
f 5529 5531 5532 5530
f 5545 5531 5529
f 5546 5530 5532
f 5531 5533 5534 5532
f 5545 5533 5531
f 5546 5532 5534
f 5533 5535 5536 5534
f 5545 5535 5533
f 5546 5534 5536
f 5535 5537 5538 5536
f 5545 5537 5535
f 5546 5536 5538
f 5537 5539 5540 5538
f 5545 5539 5537
f 5546 5538 5540
f 5539 5541 5542 5540
f 5545 5541 5539
f 5546 5540 5542
f 5541 5543 5544 5542
f 5545 5543 5541
f 5546 5542 5544
f 5543 5521 5522 5544
f 5545 5521 5543
f 5546 5544 5522
f 5547 5549 5550 5548
f 5571 5549 5547
f 5572 5548 5550
f 5549 5551 5552 5550
f 5571 5551 5549
f 5572 5550 5552
f 5551 5553 5554 5552
f 5571 5553 5551
f 5572 5552 5554
f 5553 5555 5556 5554
f 5571 5555 5553
f 5572 5554 5556
f 5555 5557 5558 5556
f 5571 5557 5555
f 5572 5556 5558
f 5557 5559 5560 5558
f 5571 5559 5557
f 5572 5558 5560
f 5559 5561 5562 5560
f 5571 5561 5559
f 5572 5560 5562
f 5561 5563 5564 5562
f 5571 5563 5561
f 5572 5562 5564
f 5563 5565 5566 5564
f 5571 5565 5563
f 5572 5564 5566
f 5565 5567 5568 5566
f 5571 5567 5565
f 5572 5566 5568
f 5567 5569 5570 5568
f 5571 5569 5567
f 5572 5568 5570
f 5569 5547 5548 5570
f 5571 5547 5569
f 5572 5570 5548
f 5573 5575 5576 5574
f 5597 5575 5573
f 5598 5574 5576
f 5575 5577 5578 5576
f 5597 5577 5575
f 5598 5576 5578
f 5577 5579 5580 5578
f 5597 5579 5577
f 5598 5578 5580
f 5579 5581 5582 5580
f 5597 5581 5579
f 5598 5580 5582
f 5581 5583 5584 5582
f 5597 5583 5581
f 5598 5582 5584
f 5583 5585 5586 5584
f 5597 5585 5583
f 5598 5584 5586
f 5585 5587 5588 5586
f 5597 5587 5585
f 5598 5586 5588
f 5587 5589 5590 5588
f 5597 5589 5587
f 5598 5588 5590
f 5589 5591 5592 5590
f 5597 5591 5589
f 5598 5590 5592
f 5591 5593 5594 5592
f 5597 5593 5591
f 5598 5592 5594
f 5593 5595 5596 5594
f 5597 5595 5593
f 5598 5594 5596
f 5595 5573 5574 5596
f 5597 5573 5595
f 5598 5596 5574
f 5599 5601 5602 5600
f 5623 5601 5599
f 5624 5600 5602
f 5601 5603 5604 5602
f 5623 5603 5601
f 5624 5602 5604
f 5603 5605 5606 5604
f 5623 5605 5603
f 5624 5604 5606
f 5605 5607 5608 5606
f 5623 5607 5605
f 5624 5606 5608
f 5607 5609 5610 5608
f 5623 5609 5607
f 5624 5608 5610
f 5609 5611 5612 5610
f 5623 5611 5609
f 5624 5610 5612
f 5611 5613 5614 5612
f 5623 5613 5611
f 5624 5612 5614
f 5613 5615 5616 5614
f 5623 5615 5613
f 5624 5614 5616
f 5615 5617 5618 5616
f 5623 5617 5615
f 5624 5616 5618
f 5617 5619 5620 5618
f 5623 5619 5617
f 5624 5618 5620
f 5619 5621 5622 5620
f 5623 5621 5619
f 5624 5620 5622
f 5621 5599 5600 5622
f 5623 5599 5621
f 5624 5622 5600
f 5625 5627 5628 5626
f 5649 5627 5625
f 5650 5626 5628
f 5627 5629 5630 5628
f 5649 5629 5627
f 5650 5628 5630
f 5629 5631 5632 5630
f 5649 5631 5629
f 5650 5630 5632
f 5631 5633 5634 5632
f 5649 5633 5631
f 5650 5632 5634
f 5633 5635 5636 5634
f 5649 5635 5633
f 5650 5634 5636
f 5635 5637 5638 5636
f 5649 5637 5635
f 5650 5636 5638
f 5637 5639 5640 5638
f 5649 5639 5637
f 5650 5638 5640
f 5639 5641 5642 5640
f 5649 5641 5639
f 5650 5640 5642
f 5641 5643 5644 5642
f 5649 5643 5641
f 5650 5642 5644
f 5643 5645 5646 5644
f 5649 5645 5643
f 5650 5644 5646
f 5645 5647 5648 5646
f 5649 5647 5645
f 5650 5646 5648
f 5647 5625 5626 5648
f 5649 5625 5647
f 5650 5648 5626
f 5651 5653 5654 5652
f 5675 5653 5651
f 5676 5652 5654
f 5653 5655 5656 5654
f 5675 5655 5653
f 5676 5654 5656
f 5655 5657 5658 5656
f 5675 5657 5655
f 5676 5656 5658
f 5657 5659 5660 5658
f 5675 5659 5657
f 5676 5658 5660
f 5659 5661 5662 5660
f 5675 5661 5659
f 5676 5660 5662
f 5661 5663 5664 5662
f 5675 5663 5661
f 5676 5662 5664
f 5663 5665 5666 5664
f 5675 5665 5663
f 5676 5664 5666
f 5665 5667 5668 5666
f 5675 5667 5665
f 5676 5666 5668
f 5667 5669 5670 5668
f 5675 5669 5667
f 5676 5668 5670
f 5669 5671 5672 5670
f 5675 5671 5669
f 5676 5670 5672
f 5671 5673 5674 5672
f 5675 5673 5671
f 5676 5672 5674
f 5673 5651 5652 5674
f 5675 5651 5673
f 5676 5674 5652
f 5677 5679 5680 5678
f 5701 5679 5677
f 5702 5678 5680
f 5679 5681 5682 5680
f 5701 5681 5679
f 5702 5680 5682
f 5681 5683 5684 5682
f 5701 5683 5681
f 5702 5682 5684
f 5683 5685 5686 5684
f 5701 5685 5683
f 5702 5684 5686
f 5685 5687 5688 5686
f 5701 5687 5685
f 5702 5686 5688
f 5687 5689 5690 5688
f 5701 5689 5687
f 5702 5688 5690
f 5689 5691 5692 5690
f 5701 5691 5689
f 5702 5690 5692
f 5691 5693 5694 5692
f 5701 5693 5691
f 5702 5692 5694
f 5693 5695 5696 5694
f 5701 5695 5693
f 5702 5694 5696
f 5695 5697 5698 5696
f 5701 5697 5695
f 5702 5696 5698
f 5697 5699 5700 5698
f 5701 5699 5697
f 5702 5698 5700
f 5699 5677 5678 5700
f 5701 5677 5699
f 5702 5700 5678
f 5703 5705 5706 5704
f 5727 5705 5703
f 5728 5704 5706
f 5705 5707 5708 5706
f 5727 5707 5705
f 5728 5706 5708
f 5707 5709 5710 5708
f 5727 5709 5707
f 5728 5708 5710
f 5709 5711 5712 5710
f 5727 5711 5709
f 5728 5710 5712
f 5711 5713 5714 5712
f 5727 5713 5711
f 5728 5712 5714
f 5713 5715 5716 5714
f 5727 5715 5713
f 5728 5714 5716
f 5715 5717 5718 5716
f 5727 5717 5715
f 5728 5716 5718
f 5717 5719 5720 5718
f 5727 5719 5717
f 5728 5718 5720
f 5719 5721 5722 5720
f 5727 5721 5719
f 5728 5720 5722
f 5721 5723 5724 5722
f 5727 5723 5721
f 5728 5722 5724
f 5723 5725 5726 5724
f 5727 5725 5723
f 5728 5724 5726
f 5725 5703 5704 5726
f 5727 5703 5725
f 5728 5726 5704
g raised-tire-tread
usemtl tire_tread
f 5729 5730 5734 5733
f 5732 5736 5735 5731
f 5729 5732 5731 5730
f 5733 5734 5735 5736
f 5729 5733 5736 5732
f 5730 5731 5735 5734
f 5737 5738 5742 5741
f 5740 5744 5743 5739
f 5737 5740 5739 5738
f 5741 5742 5743 5744
f 5737 5741 5744 5740
f 5738 5739 5743 5742
f 5745 5746 5750 5749
f 5748 5752 5751 5747
f 5745 5748 5747 5746
f 5749 5750 5751 5752
f 5745 5749 5752 5748
f 5746 5747 5751 5750
f 5753 5754 5758 5757
f 5756 5760 5759 5755
f 5753 5756 5755 5754
f 5757 5758 5759 5760
f 5753 5757 5760 5756
f 5754 5755 5759 5758
f 5761 5762 5766 5765
f 5764 5768 5767 5763
f 5761 5764 5763 5762
f 5765 5766 5767 5768
f 5761 5765 5768 5764
f 5762 5763 5767 5766
f 5769 5770 5774 5773
f 5772 5776 5775 5771
f 5769 5772 5771 5770
f 5773 5774 5775 5776
f 5769 5773 5776 5772
f 5770 5771 5775 5774
f 5777 5778 5782 5781
f 5780 5784 5783 5779
f 5777 5780 5779 5778
f 5781 5782 5783 5784
f 5777 5781 5784 5780
f 5778 5779 5783 5782
f 5785 5786 5790 5789
f 5788 5792 5791 5787
f 5785 5788 5787 5786
f 5789 5790 5791 5792
f 5785 5789 5792 5788
f 5786 5787 5791 5790
f 5793 5794 5798 5797
f 5796 5800 5799 5795
f 5793 5796 5795 5794
f 5797 5798 5799 5800
f 5793 5797 5800 5796
f 5794 5795 5799 5798
f 5801 5802 5806 5805
f 5804 5808 5807 5803
f 5801 5804 5803 5802
f 5805 5806 5807 5808
f 5801 5805 5808 5804
f 5802 5803 5807 5806
f 5809 5810 5814 5813
f 5812 5816 5815 5811
f 5809 5812 5811 5810
f 5813 5814 5815 5816
f 5809 5813 5816 5812
f 5810 5811 5815 5814
f 5817 5818 5822 5821
f 5820 5824 5823 5819
f 5817 5820 5819 5818
f 5821 5822 5823 5824
f 5817 5821 5824 5820
f 5818 5819 5823 5822
f 5825 5826 5830 5829
f 5828 5832 5831 5827
f 5825 5828 5827 5826
f 5829 5830 5831 5832
f 5825 5829 5832 5828
f 5826 5827 5831 5830
f 5833 5834 5838 5837
f 5836 5840 5839 5835
f 5833 5836 5835 5834
f 5837 5838 5839 5840
f 5833 5837 5840 5836
f 5834 5835 5839 5838
f 5841 5842 5846 5845
f 5844 5848 5847 5843
f 5841 5844 5843 5842
f 5845 5846 5847 5848
f 5841 5845 5848 5844
f 5842 5843 5847 5846
f 5849 5850 5854 5853
f 5852 5856 5855 5851
f 5849 5852 5851 5850
f 5853 5854 5855 5856
f 5849 5853 5856 5852
f 5850 5851 5855 5854
f 5857 5858 5862 5861
f 5860 5864 5863 5859
f 5857 5860 5859 5858
f 5861 5862 5863 5864
f 5857 5861 5864 5860
f 5858 5859 5863 5862
f 5865 5866 5870 5869
f 5868 5872 5871 5867
f 5865 5868 5867 5866
f 5869 5870 5871 5872
f 5865 5869 5872 5868
f 5866 5867 5871 5870
f 5873 5874 5878 5877
f 5876 5880 5879 5875
f 5873 5876 5875 5874
f 5877 5878 5879 5880
f 5873 5877 5880 5876
f 5874 5875 5879 5878
f 5881 5882 5886 5885
f 5884 5888 5887 5883
f 5881 5884 5883 5882
f 5885 5886 5887 5888
f 5881 5885 5888 5884
f 5882 5883 5887 5886
f 5889 5890 5894 5893
f 5892 5896 5895 5891
f 5889 5892 5891 5890
f 5893 5894 5895 5896
f 5889 5893 5896 5892
f 5890 5891 5895 5894
f 5897 5898 5902 5901
f 5900 5904 5903 5899
f 5897 5900 5899 5898
f 5901 5902 5903 5904
f 5897 5901 5904 5900
f 5898 5899 5903 5902
f 5905 5906 5910 5909
f 5908 5912 5911 5907
f 5905 5908 5907 5906
f 5909 5910 5911 5912
f 5905 5909 5912 5908
f 5906 5907 5911 5910
f 5913 5914 5918 5917
f 5916 5920 5919 5915
f 5913 5916 5915 5914
f 5917 5918 5919 5920
f 5913 5917 5920 5916
f 5914 5915 5919 5918
f 5921 5922 5926 5925
f 5924 5928 5927 5923
f 5921 5924 5923 5922
f 5925 5926 5927 5928
f 5921 5925 5928 5924
f 5922 5923 5927 5926
f 5929 5930 5934 5933
f 5932 5936 5935 5931
f 5929 5932 5931 5930
f 5933 5934 5935 5936
f 5929 5933 5936 5932
f 5930 5931 5935 5934
f 5937 5938 5942 5941
f 5940 5944 5943 5939
f 5937 5940 5939 5938
f 5941 5942 5943 5944
f 5937 5941 5944 5940
f 5938 5939 5943 5942
f 5945 5946 5950 5949
f 5948 5952 5951 5947
f 5945 5948 5947 5946
f 5949 5950 5951 5952
f 5945 5949 5952 5948
f 5946 5947 5951 5950
g heavy-rubber-tire
usemtl rubber_tire
f 5953 5955 5956 5954
f 6065 5955 5953
f 6066 5954 5956
f 5955 5957 5958 5956
f 6065 5957 5955
f 6066 5956 5958
f 5957 5959 5960 5958
f 6065 5959 5957
f 6066 5958 5960
f 5959 5961 5962 5960
f 6065 5961 5959
f 6066 5960 5962
f 5961 5963 5964 5962
f 6065 5963 5961
f 6066 5962 5964
f 5963 5965 5966 5964
f 6065 5965 5963
f 6066 5964 5966
f 5965 5967 5968 5966
f 6065 5967 5965
f 6066 5966 5968
f 5967 5969 5970 5968
f 6065 5969 5967
f 6066 5968 5970
f 5969 5971 5972 5970
f 6065 5971 5969
f 6066 5970 5972
f 5971 5973 5974 5972
f 6065 5973 5971
f 6066 5972 5974
f 5973 5975 5976 5974
f 6065 5975 5973
f 6066 5974 5976
f 5975 5977 5978 5976
f 6065 5977 5975
f 6066 5976 5978
f 5977 5979 5980 5978
f 6065 5979 5977
f 6066 5978 5980
f 5979 5981 5982 5980
f 6065 5981 5979
f 6066 5980 5982
f 5981 5983 5984 5982
f 6065 5983 5981
f 6066 5982 5984
f 5983 5985 5986 5984
f 6065 5985 5983
f 6066 5984 5986
f 5985 5987 5988 5986
f 6065 5987 5985
f 6066 5986 5988
f 5987 5989 5990 5988
f 6065 5989 5987
f 6066 5988 5990
f 5989 5991 5992 5990
f 6065 5991 5989
f 6066 5990 5992
f 5991 5993 5994 5992
f 6065 5993 5991
f 6066 5992 5994
f 5993 5995 5996 5994
f 6065 5995 5993
f 6066 5994 5996
f 5995 5997 5998 5996
f 6065 5997 5995
f 6066 5996 5998
f 5997 5999 6000 5998
f 6065 5999 5997
f 6066 5998 6000
f 5999 6001 6002 6000
f 6065 6001 5999
f 6066 6000 6002
f 6001 6003 6004 6002
f 6065 6003 6001
f 6066 6002 6004
f 6003 6005 6006 6004
f 6065 6005 6003
f 6066 6004 6006
f 6005 6007 6008 6006
f 6065 6007 6005
f 6066 6006 6008
f 6007 6009 6010 6008
f 6065 6009 6007
f 6066 6008 6010
f 6009 6011 6012 6010
f 6065 6011 6009
f 6066 6010 6012
f 6011 6013 6014 6012
f 6065 6013 6011
f 6066 6012 6014
f 6013 6015 6016 6014
f 6065 6015 6013
f 6066 6014 6016
f 6015 6017 6018 6016
f 6065 6017 6015
f 6066 6016 6018
f 6017 6019 6020 6018
f 6065 6019 6017
f 6066 6018 6020
f 6019 6021 6022 6020
f 6065 6021 6019
f 6066 6020 6022
f 6021 6023 6024 6022
f 6065 6023 6021
f 6066 6022 6024
f 6023 6025 6026 6024
f 6065 6025 6023
f 6066 6024 6026
f 6025 6027 6028 6026
f 6065 6027 6025
f 6066 6026 6028
f 6027 6029 6030 6028
f 6065 6029 6027
f 6066 6028 6030
f 6029 6031 6032 6030
f 6065 6031 6029
f 6066 6030 6032
f 6031 6033 6034 6032
f 6065 6033 6031
f 6066 6032 6034
f 6033 6035 6036 6034
f 6065 6035 6033
f 6066 6034 6036
f 6035 6037 6038 6036
f 6065 6037 6035
f 6066 6036 6038
f 6037 6039 6040 6038
f 6065 6039 6037
f 6066 6038 6040
f 6039 6041 6042 6040
f 6065 6041 6039
f 6066 6040 6042
f 6041 6043 6044 6042
f 6065 6043 6041
f 6066 6042 6044
f 6043 6045 6046 6044
f 6065 6045 6043
f 6066 6044 6046
f 6045 6047 6048 6046
f 6065 6047 6045
f 6066 6046 6048
f 6047 6049 6050 6048
f 6065 6049 6047
f 6066 6048 6050
f 6049 6051 6052 6050
f 6065 6051 6049
f 6066 6050 6052
f 6051 6053 6054 6052
f 6065 6053 6051
f 6066 6052 6054
f 6053 6055 6056 6054
f 6065 6055 6053
f 6066 6054 6056
f 6055 6057 6058 6056
f 6065 6057 6055
f 6066 6056 6058
f 6057 6059 6060 6058
f 6065 6059 6057
f 6066 6058 6060
f 6059 6061 6062 6060
f 6065 6061 6059
f 6066 6060 6062
f 6061 6063 6064 6062
f 6065 6063 6061
f 6066 6062 6064
f 6063 5953 5954 6064
f 6065 5953 6063
f 6066 6064 5954
g sidewall-detail
usemtl tire_tread
f 6067 6069 6070 6068
f 6179 6069 6067
f 6180 6068 6070
f 6069 6071 6072 6070
f 6179 6071 6069
f 6180 6070 6072
f 6071 6073 6074 6072
f 6179 6073 6071
f 6180 6072 6074
f 6073 6075 6076 6074
f 6179 6075 6073
f 6180 6074 6076
f 6075 6077 6078 6076
f 6179 6077 6075
f 6180 6076 6078
f 6077 6079 6080 6078
f 6179 6079 6077
f 6180 6078 6080
f 6079 6081 6082 6080
f 6179 6081 6079
f 6180 6080 6082
f 6081 6083 6084 6082
f 6179 6083 6081
f 6180 6082 6084
f 6083 6085 6086 6084
f 6179 6085 6083
f 6180 6084 6086
f 6085 6087 6088 6086
f 6179 6087 6085
f 6180 6086 6088
f 6087 6089 6090 6088
f 6179 6089 6087
f 6180 6088 6090
f 6089 6091 6092 6090
f 6179 6091 6089
f 6180 6090 6092
f 6091 6093 6094 6092
f 6179 6093 6091
f 6180 6092 6094
f 6093 6095 6096 6094
f 6179 6095 6093
f 6180 6094 6096
f 6095 6097 6098 6096
f 6179 6097 6095
f 6180 6096 6098
f 6097 6099 6100 6098
f 6179 6099 6097
f 6180 6098 6100
f 6099 6101 6102 6100
f 6179 6101 6099
f 6180 6100 6102
f 6101 6103 6104 6102
f 6179 6103 6101
f 6180 6102 6104
f 6103 6105 6106 6104
f 6179 6105 6103
f 6180 6104 6106
f 6105 6107 6108 6106
f 6179 6107 6105
f 6180 6106 6108
f 6107 6109 6110 6108
f 6179 6109 6107
f 6180 6108 6110
f 6109 6111 6112 6110
f 6179 6111 6109
f 6180 6110 6112
f 6111 6113 6114 6112
f 6179 6113 6111
f 6180 6112 6114
f 6113 6115 6116 6114
f 6179 6115 6113
f 6180 6114 6116
f 6115 6117 6118 6116
f 6179 6117 6115
f 6180 6116 6118
f 6117 6119 6120 6118
f 6179 6119 6117
f 6180 6118 6120
f 6119 6121 6122 6120
f 6179 6121 6119
f 6180 6120 6122
f 6121 6123 6124 6122
f 6179 6123 6121
f 6180 6122 6124
f 6123 6125 6126 6124
f 6179 6125 6123
f 6180 6124 6126
f 6125 6127 6128 6126
f 6179 6127 6125
f 6180 6126 6128
f 6127 6129 6130 6128
f 6179 6129 6127
f 6180 6128 6130
f 6129 6131 6132 6130
f 6179 6131 6129
f 6180 6130 6132
f 6131 6133 6134 6132
f 6179 6133 6131
f 6180 6132 6134
f 6133 6135 6136 6134
f 6179 6135 6133
f 6180 6134 6136
f 6135 6137 6138 6136
f 6179 6137 6135
f 6180 6136 6138
f 6137 6139 6140 6138
f 6179 6139 6137
f 6180 6138 6140
f 6139 6141 6142 6140
f 6179 6141 6139
f 6180 6140 6142
f 6141 6143 6144 6142
f 6179 6143 6141
f 6180 6142 6144
f 6143 6145 6146 6144
f 6179 6145 6143
f 6180 6144 6146
f 6145 6147 6148 6146
f 6179 6147 6145
f 6180 6146 6148
f 6147 6149 6150 6148
f 6179 6149 6147
f 6180 6148 6150
f 6149 6151 6152 6150
f 6179 6151 6149
f 6180 6150 6152
f 6151 6153 6154 6152
f 6179 6153 6151
f 6180 6152 6154
f 6153 6155 6156 6154
f 6179 6155 6153
f 6180 6154 6156
f 6155 6157 6158 6156
f 6179 6157 6155
f 6180 6156 6158
f 6157 6159 6160 6158
f 6179 6159 6157
f 6180 6158 6160
f 6159 6161 6162 6160
f 6179 6161 6159
f 6180 6160 6162
f 6161 6163 6164 6162
f 6179 6163 6161
f 6180 6162 6164
f 6163 6165 6166 6164
f 6179 6165 6163
f 6180 6164 6166
f 6165 6167 6168 6166
f 6179 6167 6165
f 6180 6166 6168
f 6167 6169 6170 6168
f 6179 6169 6167
f 6180 6168 6170
f 6169 6171 6172 6170
f 6179 6171 6169
f 6180 6170 6172
f 6171 6173 6174 6172
f 6179 6173 6171
f 6180 6172 6174
f 6173 6175 6176 6174
f 6179 6175 6173
f 6180 6174 6176
f 6175 6177 6178 6176
f 6179 6177 6175
f 6180 6176 6178
f 6177 6067 6068 6178
f 6179 6067 6177
f 6180 6178 6068
g steel-wheel-rim
usemtl wheel_rim
f 6181 6183 6184 6182
f 6261 6183 6181
f 6262 6182 6184
f 6183 6185 6186 6184
f 6261 6185 6183
f 6262 6184 6186
f 6185 6187 6188 6186
f 6261 6187 6185
f 6262 6186 6188
f 6187 6189 6190 6188
f 6261 6189 6187
f 6262 6188 6190
f 6189 6191 6192 6190
f 6261 6191 6189
f 6262 6190 6192
f 6191 6193 6194 6192
f 6261 6193 6191
f 6262 6192 6194
f 6193 6195 6196 6194
f 6261 6195 6193
f 6262 6194 6196
f 6195 6197 6198 6196
f 6261 6197 6195
f 6262 6196 6198
f 6197 6199 6200 6198
f 6261 6199 6197
f 6262 6198 6200
f 6199 6201 6202 6200
f 6261 6201 6199
f 6262 6200 6202
f 6201 6203 6204 6202
f 6261 6203 6201
f 6262 6202 6204
f 6203 6205 6206 6204
f 6261 6205 6203
f 6262 6204 6206
f 6205 6207 6208 6206
f 6261 6207 6205
f 6262 6206 6208
f 6207 6209 6210 6208
f 6261 6209 6207
f 6262 6208 6210
f 6209 6211 6212 6210
f 6261 6211 6209
f 6262 6210 6212
f 6211 6213 6214 6212
f 6261 6213 6211
f 6262 6212 6214
f 6213 6215 6216 6214
f 6261 6215 6213
f 6262 6214 6216
f 6215 6217 6218 6216
f 6261 6217 6215
f 6262 6216 6218
f 6217 6219 6220 6218
f 6261 6219 6217
f 6262 6218 6220
f 6219 6221 6222 6220
f 6261 6221 6219
f 6262 6220 6222
f 6221 6223 6224 6222
f 6261 6223 6221
f 6262 6222 6224
f 6223 6225 6226 6224
f 6261 6225 6223
f 6262 6224 6226
f 6225 6227 6228 6226
f 6261 6227 6225
f 6262 6226 6228
f 6227 6229 6230 6228
f 6261 6229 6227
f 6262 6228 6230
f 6229 6231 6232 6230
f 6261 6231 6229
f 6262 6230 6232
f 6231 6233 6234 6232
f 6261 6233 6231
f 6262 6232 6234
f 6233 6235 6236 6234
f 6261 6235 6233
f 6262 6234 6236
f 6235 6237 6238 6236
f 6261 6237 6235
f 6262 6236 6238
f 6237 6239 6240 6238
f 6261 6239 6237
f 6262 6238 6240
f 6239 6241 6242 6240
f 6261 6241 6239
f 6262 6240 6242
f 6241 6243 6244 6242
f 6261 6243 6241
f 6262 6242 6244
f 6243 6245 6246 6244
f 6261 6245 6243
f 6262 6244 6246
f 6245 6247 6248 6246
f 6261 6247 6245
f 6262 6246 6248
f 6247 6249 6250 6248
f 6261 6249 6247
f 6262 6248 6250
f 6249 6251 6252 6250
f 6261 6251 6249
f 6262 6250 6252
f 6251 6253 6254 6252
f 6261 6253 6251
f 6262 6252 6254
f 6253 6255 6256 6254
f 6261 6255 6253
f 6262 6254 6256
f 6255 6257 6258 6256
f 6261 6257 6255
f 6262 6256 6258
f 6257 6259 6260 6258
f 6261 6259 6257
f 6262 6258 6260
f 6259 6181 6182 6260
f 6261 6181 6259
f 6262 6260 6182
g dark-wheel-hub
usemtl axle_metal
f 6263 6265 6266 6264
f 6327 6265 6263
f 6328 6264 6266
f 6265 6267 6268 6266
f 6327 6267 6265
f 6328 6266 6268
f 6267 6269 6270 6268
f 6327 6269 6267
f 6328 6268 6270
f 6269 6271 6272 6270
f 6327 6271 6269
f 6328 6270 6272
f 6271 6273 6274 6272
f 6327 6273 6271
f 6328 6272 6274
f 6273 6275 6276 6274
f 6327 6275 6273
f 6328 6274 6276
f 6275 6277 6278 6276
f 6327 6277 6275
f 6328 6276 6278
f 6277 6279 6280 6278
f 6327 6279 6277
f 6328 6278 6280
f 6279 6281 6282 6280
f 6327 6281 6279
f 6328 6280 6282
f 6281 6283 6284 6282
f 6327 6283 6281
f 6328 6282 6284
f 6283 6285 6286 6284
f 6327 6285 6283
f 6328 6284 6286
f 6285 6287 6288 6286
f 6327 6287 6285
f 6328 6286 6288
f 6287 6289 6290 6288
f 6327 6289 6287
f 6328 6288 6290
f 6289 6291 6292 6290
f 6327 6291 6289
f 6328 6290 6292
f 6291 6293 6294 6292
f 6327 6293 6291
f 6328 6292 6294
f 6293 6295 6296 6294
f 6327 6295 6293
f 6328 6294 6296
f 6295 6297 6298 6296
f 6327 6297 6295
f 6328 6296 6298
f 6297 6299 6300 6298
f 6327 6299 6297
f 6328 6298 6300
f 6299 6301 6302 6300
f 6327 6301 6299
f 6328 6300 6302
f 6301 6303 6304 6302
f 6327 6303 6301
f 6328 6302 6304
f 6303 6305 6306 6304
f 6327 6305 6303
f 6328 6304 6306
f 6305 6307 6308 6306
f 6327 6307 6305
f 6328 6306 6308
f 6307 6309 6310 6308
f 6327 6309 6307
f 6328 6308 6310
f 6309 6311 6312 6310
f 6327 6311 6309
f 6328 6310 6312
f 6311 6313 6314 6312
f 6327 6313 6311
f 6328 6312 6314
f 6313 6315 6316 6314
f 6327 6315 6313
f 6328 6314 6316
f 6315 6317 6318 6316
f 6327 6317 6315
f 6328 6316 6318
f 6317 6319 6320 6318
f 6327 6319 6317
f 6328 6318 6320
f 6319 6321 6322 6320
f 6327 6321 6319
f 6328 6320 6322
f 6321 6323 6324 6322
f 6327 6323 6321
f 6328 6322 6324
f 6323 6325 6326 6324
f 6327 6325 6323
f 6328 6324 6326
f 6325 6263 6264 6326
f 6327 6263 6325
f 6328 6326 6264
g wheel-bolt
usemtl chrome
f 6329 6331 6332 6330
f 6353 6331 6329
f 6354 6330 6332
f 6331 6333 6334 6332
f 6353 6333 6331
f 6354 6332 6334
f 6333 6335 6336 6334
f 6353 6335 6333
f 6354 6334 6336
f 6335 6337 6338 6336
f 6353 6337 6335
f 6354 6336 6338
f 6337 6339 6340 6338
f 6353 6339 6337
f 6354 6338 6340
f 6339 6341 6342 6340
f 6353 6341 6339
f 6354 6340 6342
f 6341 6343 6344 6342
f 6353 6343 6341
f 6354 6342 6344
f 6343 6345 6346 6344
f 6353 6345 6343
f 6354 6344 6346
f 6345 6347 6348 6346
f 6353 6347 6345
f 6354 6346 6348
f 6347 6349 6350 6348
f 6353 6349 6347
f 6354 6348 6350
f 6349 6351 6352 6350
f 6353 6351 6349
f 6354 6350 6352
f 6351 6329 6330 6352
f 6353 6329 6351
f 6354 6352 6330
f 6355 6357 6358 6356
f 6379 6357 6355
f 6380 6356 6358
f 6357 6359 6360 6358
f 6379 6359 6357
f 6380 6358 6360
f 6359 6361 6362 6360
f 6379 6361 6359
f 6380 6360 6362
f 6361 6363 6364 6362
f 6379 6363 6361
f 6380 6362 6364
f 6363 6365 6366 6364
f 6379 6365 6363
f 6380 6364 6366
f 6365 6367 6368 6366
f 6379 6367 6365
f 6380 6366 6368
f 6367 6369 6370 6368
f 6379 6369 6367
f 6380 6368 6370
f 6369 6371 6372 6370
f 6379 6371 6369
f 6380 6370 6372
f 6371 6373 6374 6372
f 6379 6373 6371
f 6380 6372 6374
f 6373 6375 6376 6374
f 6379 6375 6373
f 6380 6374 6376
f 6375 6377 6378 6376
f 6379 6377 6375
f 6380 6376 6378
f 6377 6355 6356 6378
f 6379 6355 6377
f 6380 6378 6356
f 6381 6383 6384 6382
f 6405 6383 6381
f 6406 6382 6384
f 6383 6385 6386 6384
f 6405 6385 6383
f 6406 6384 6386
f 6385 6387 6388 6386
f 6405 6387 6385
f 6406 6386 6388
f 6387 6389 6390 6388
f 6405 6389 6387
f 6406 6388 6390
f 6389 6391 6392 6390
f 6405 6391 6389
f 6406 6390 6392
f 6391 6393 6394 6392
f 6405 6393 6391
f 6406 6392 6394
f 6393 6395 6396 6394
f 6405 6395 6393
f 6406 6394 6396
f 6395 6397 6398 6396
f 6405 6397 6395
f 6406 6396 6398
f 6397 6399 6400 6398
f 6405 6399 6397
f 6406 6398 6400
f 6399 6401 6402 6400
f 6405 6401 6399
f 6406 6400 6402
f 6401 6403 6404 6402
f 6405 6403 6401
f 6406 6402 6404
f 6403 6381 6382 6404
f 6405 6381 6403
f 6406 6404 6382
f 6407 6409 6410 6408
f 6431 6409 6407
f 6432 6408 6410
f 6409 6411 6412 6410
f 6431 6411 6409
f 6432 6410 6412
f 6411 6413 6414 6412
f 6431 6413 6411
f 6432 6412 6414
f 6413 6415 6416 6414
f 6431 6415 6413
f 6432 6414 6416
f 6415 6417 6418 6416
f 6431 6417 6415
f 6432 6416 6418
f 6417 6419 6420 6418
f 6431 6419 6417
f 6432 6418 6420
f 6419 6421 6422 6420
f 6431 6421 6419
f 6432 6420 6422
f 6421 6423 6424 6422
f 6431 6423 6421
f 6432 6422 6424
f 6423 6425 6426 6424
f 6431 6425 6423
f 6432 6424 6426
f 6425 6427 6428 6426
f 6431 6427 6425
f 6432 6426 6428
f 6427 6429 6430 6428
f 6431 6429 6427
f 6432 6428 6430
f 6429 6407 6408 6430
f 6431 6407 6429
f 6432 6430 6408
f 6433 6435 6436 6434
f 6457 6435 6433
f 6458 6434 6436
f 6435 6437 6438 6436
f 6457 6437 6435
f 6458 6436 6438
f 6437 6439 6440 6438
f 6457 6439 6437
f 6458 6438 6440
f 6439 6441 6442 6440
f 6457 6441 6439
f 6458 6440 6442
f 6441 6443 6444 6442
f 6457 6443 6441
f 6458 6442 6444
f 6443 6445 6446 6444
f 6457 6445 6443
f 6458 6444 6446
f 6445 6447 6448 6446
f 6457 6447 6445
f 6458 6446 6448
f 6447 6449 6450 6448
f 6457 6449 6447
f 6458 6448 6450
f 6449 6451 6452 6450
f 6457 6451 6449
f 6458 6450 6452
f 6451 6453 6454 6452
f 6457 6453 6451
f 6458 6452 6454
f 6453 6455 6456 6454
f 6457 6455 6453
f 6458 6454 6456
f 6455 6433 6434 6456
f 6457 6433 6455
f 6458 6456 6434
f 6459 6461 6462 6460
f 6483 6461 6459
f 6484 6460 6462
f 6461 6463 6464 6462
f 6483 6463 6461
f 6484 6462 6464
f 6463 6465 6466 6464
f 6483 6465 6463
f 6484 6464 6466
f 6465 6467 6468 6466
f 6483 6467 6465
f 6484 6466 6468
f 6467 6469 6470 6468
f 6483 6469 6467
f 6484 6468 6470
f 6469 6471 6472 6470
f 6483 6471 6469
f 6484 6470 6472
f 6471 6473 6474 6472
f 6483 6473 6471
f 6484 6472 6474
f 6473 6475 6476 6474
f 6483 6475 6473
f 6484 6474 6476
f 6475 6477 6478 6476
f 6483 6477 6475
f 6484 6476 6478
f 6477 6479 6480 6478
f 6483 6479 6477
f 6484 6478 6480
f 6479 6481 6482 6480
f 6483 6481 6479
f 6484 6480 6482
f 6481 6459 6460 6482
f 6483 6459 6481
f 6484 6482 6460
f 6485 6487 6488 6486
f 6509 6487 6485
f 6510 6486 6488
f 6487 6489 6490 6488
f 6509 6489 6487
f 6510 6488 6490
f 6489 6491 6492 6490
f 6509 6491 6489
f 6510 6490 6492
f 6491 6493 6494 6492
f 6509 6493 6491
f 6510 6492 6494
f 6493 6495 6496 6494
f 6509 6495 6493
f 6510 6494 6496
f 6495 6497 6498 6496
f 6509 6497 6495
f 6510 6496 6498
f 6497 6499 6500 6498
f 6509 6499 6497
f 6510 6498 6500
f 6499 6501 6502 6500
f 6509 6501 6499
f 6510 6500 6502
f 6501 6503 6504 6502
f 6509 6503 6501
f 6510 6502 6504
f 6503 6505 6506 6504
f 6509 6505 6503
f 6510 6504 6506
f 6505 6507 6508 6506
f 6509 6507 6505
f 6510 6506 6508
f 6507 6485 6486 6508
f 6509 6485 6507
f 6510 6508 6486
f 6511 6513 6514 6512
f 6535 6513 6511
f 6536 6512 6514
f 6513 6515 6516 6514
f 6535 6515 6513
f 6536 6514 6516
f 6515 6517 6518 6516
f 6535 6517 6515
f 6536 6516 6518
f 6517 6519 6520 6518
f 6535 6519 6517
f 6536 6518 6520
f 6519 6521 6522 6520
f 6535 6521 6519
f 6536 6520 6522
f 6521 6523 6524 6522
f 6535 6523 6521
f 6536 6522 6524
f 6523 6525 6526 6524
f 6535 6525 6523
f 6536 6524 6526
f 6525 6527 6528 6526
f 6535 6527 6525
f 6536 6526 6528
f 6527 6529 6530 6528
f 6535 6529 6527
f 6536 6528 6530
f 6529 6531 6532 6530
f 6535 6531 6529
f 6536 6530 6532
f 6531 6533 6534 6532
f 6535 6533 6531
f 6536 6532 6534
f 6533 6511 6512 6534
f 6535 6511 6533
f 6536 6534 6512
f 6537 6539 6540 6538
f 6561 6539 6537
f 6562 6538 6540
f 6539 6541 6542 6540
f 6561 6541 6539
f 6562 6540 6542
f 6541 6543 6544 6542
f 6561 6543 6541
f 6562 6542 6544
f 6543 6545 6546 6544
f 6561 6545 6543
f 6562 6544 6546
f 6545 6547 6548 6546
f 6561 6547 6545
f 6562 6546 6548
f 6547 6549 6550 6548
f 6561 6549 6547
f 6562 6548 6550
f 6549 6551 6552 6550
f 6561 6551 6549
f 6562 6550 6552
f 6551 6553 6554 6552
f 6561 6553 6551
f 6562 6552 6554
f 6553 6555 6556 6554
f 6561 6555 6553
f 6562 6554 6556
f 6555 6557 6558 6556
f 6561 6557 6555
f 6562 6556 6558
f 6557 6559 6560 6558
f 6561 6559 6557
f 6562 6558 6560
f 6559 6537 6538 6560
f 6561 6537 6559
f 6562 6560 6538
f 6563 6565 6566 6564
f 6587 6565 6563
f 6588 6564 6566
f 6565 6567 6568 6566
f 6587 6567 6565
f 6588 6566 6568
f 6567 6569 6570 6568
f 6587 6569 6567
f 6588 6568 6570
f 6569 6571 6572 6570
f 6587 6571 6569
f 6588 6570 6572
f 6571 6573 6574 6572
f 6587 6573 6571
f 6588 6572 6574
f 6573 6575 6576 6574
f 6587 6575 6573
f 6588 6574 6576
f 6575 6577 6578 6576
f 6587 6577 6575
f 6588 6576 6578
f 6577 6579 6580 6578
f 6587 6579 6577
f 6588 6578 6580
f 6579 6581 6582 6580
f 6587 6581 6579
f 6588 6580 6582
f 6581 6583 6584 6582
f 6587 6583 6581
f 6588 6582 6584
f 6583 6585 6586 6584
f 6587 6585 6583
f 6588 6584 6586
f 6585 6563 6564 6586
f 6587 6563 6585
f 6588 6586 6564
g raised-tire-tread
usemtl tire_tread
f 6589 6590 6594 6593
f 6592 6596 6595 6591
f 6589 6592 6591 6590
f 6593 6594 6595 6596
f 6589 6593 6596 6592
f 6590 6591 6595 6594
f 6597 6598 6602 6601
f 6600 6604 6603 6599
f 6597 6600 6599 6598
f 6601 6602 6603 6604
f 6597 6601 6604 6600
f 6598 6599 6603 6602
f 6605 6606 6610 6609
f 6608 6612 6611 6607
f 6605 6608 6607 6606
f 6609 6610 6611 6612
f 6605 6609 6612 6608
f 6606 6607 6611 6610
f 6613 6614 6618 6617
f 6616 6620 6619 6615
f 6613 6616 6615 6614
f 6617 6618 6619 6620
f 6613 6617 6620 6616
f 6614 6615 6619 6618
f 6621 6622 6626 6625
f 6624 6628 6627 6623
f 6621 6624 6623 6622
f 6625 6626 6627 6628
f 6621 6625 6628 6624
f 6622 6623 6627 6626
f 6629 6630 6634 6633
f 6632 6636 6635 6631
f 6629 6632 6631 6630
f 6633 6634 6635 6636
f 6629 6633 6636 6632
f 6630 6631 6635 6634
f 6637 6638 6642 6641
f 6640 6644 6643 6639
f 6637 6640 6639 6638
f 6641 6642 6643 6644
f 6637 6641 6644 6640
f 6638 6639 6643 6642
f 6645 6646 6650 6649
f 6648 6652 6651 6647
f 6645 6648 6647 6646
f 6649 6650 6651 6652
f 6645 6649 6652 6648
f 6646 6647 6651 6650
f 6653 6654 6658 6657
f 6656 6660 6659 6655
f 6653 6656 6655 6654
f 6657 6658 6659 6660
f 6653 6657 6660 6656
f 6654 6655 6659 6658
f 6661 6662 6666 6665
f 6664 6668 6667 6663
f 6661 6664 6663 6662
f 6665 6666 6667 6668
f 6661 6665 6668 6664
f 6662 6663 6667 6666
f 6669 6670 6674 6673
f 6672 6676 6675 6671
f 6669 6672 6671 6670
f 6673 6674 6675 6676
f 6669 6673 6676 6672
f 6670 6671 6675 6674
f 6677 6678 6682 6681
f 6680 6684 6683 6679
f 6677 6680 6679 6678
f 6681 6682 6683 6684
f 6677 6681 6684 6680
f 6678 6679 6683 6682
f 6685 6686 6690 6689
f 6688 6692 6691 6687
f 6685 6688 6687 6686
f 6689 6690 6691 6692
f 6685 6689 6692 6688
f 6686 6687 6691 6690
f 6693 6694 6698 6697
f 6696 6700 6699 6695
f 6693 6696 6695 6694
f 6697 6698 6699 6700
f 6693 6697 6700 6696
f 6694 6695 6699 6698
f 6701 6702 6706 6705
f 6704 6708 6707 6703
f 6701 6704 6703 6702
f 6705 6706 6707 6708
f 6701 6705 6708 6704
f 6702 6703 6707 6706
f 6709 6710 6714 6713
f 6712 6716 6715 6711
f 6709 6712 6711 6710
f 6713 6714 6715 6716
f 6709 6713 6716 6712
f 6710 6711 6715 6714
f 6717 6718 6722 6721
f 6720 6724 6723 6719
f 6717 6720 6719 6718
f 6721 6722 6723 6724
f 6717 6721 6724 6720
f 6718 6719 6723 6722
f 6725 6726 6730 6729
f 6728 6732 6731 6727
f 6725 6728 6727 6726
f 6729 6730 6731 6732
f 6725 6729 6732 6728
f 6726 6727 6731 6730
f 6733 6734 6738 6737
f 6736 6740 6739 6735
f 6733 6736 6735 6734
f 6737 6738 6739 6740
f 6733 6737 6740 6736
f 6734 6735 6739 6738
f 6741 6742 6746 6745
f 6744 6748 6747 6743
f 6741 6744 6743 6742
f 6745 6746 6747 6748
f 6741 6745 6748 6744
f 6742 6743 6747 6746
f 6749 6750 6754 6753
f 6752 6756 6755 6751
f 6749 6752 6751 6750
f 6753 6754 6755 6756
f 6749 6753 6756 6752
f 6750 6751 6755 6754
f 6757 6758 6762 6761
f 6760 6764 6763 6759
f 6757 6760 6759 6758
f 6761 6762 6763 6764
f 6757 6761 6764 6760
f 6758 6759 6763 6762
f 6765 6766 6770 6769
f 6768 6772 6771 6767
f 6765 6768 6767 6766
f 6769 6770 6771 6772
f 6765 6769 6772 6768
f 6766 6767 6771 6770
f 6773 6774 6778 6777
f 6776 6780 6779 6775
f 6773 6776 6775 6774
f 6777 6778 6779 6780
f 6773 6777 6780 6776
f 6774 6775 6779 6778
f 6781 6782 6786 6785
f 6784 6788 6787 6783
f 6781 6784 6783 6782
f 6785 6786 6787 6788
f 6781 6785 6788 6784
f 6782 6783 6787 6786
f 6789 6790 6794 6793
f 6792 6796 6795 6791
f 6789 6792 6791 6790
f 6793 6794 6795 6796
f 6789 6793 6796 6792
f 6790 6791 6795 6794
f 6797 6798 6802 6801
f 6800 6804 6803 6799
f 6797 6800 6799 6798
f 6801 6802 6803 6804
f 6797 6801 6804 6800
f 6798 6799 6803 6802
f 6805 6806 6810 6809
f 6808 6812 6811 6807
f 6805 6808 6807 6806
f 6809 6810 6811 6812
f 6805 6809 6812 6808
f 6806 6807 6811 6810
g amber-side-marker
usemtl marker_amber
f 6813 6814 6818 6817
f 6816 6820 6819 6815
f 6813 6816 6815 6814
f 6817 6818 6819 6820
f 6813 6817 6820 6816
f 6814 6815 6819 6818
f 6821 6822 6826 6825
f 6824 6828 6827 6823
f 6821 6824 6823 6822
f 6825 6826 6827 6828
f 6821 6825 6828 6824
f 6822 6823 6827 6826
f 6829 6830 6834 6833
f 6832 6836 6835 6831
f 6829 6832 6831 6830
f 6833 6834 6835 6836
f 6829 6833 6836 6832
f 6830 6831 6835 6834
f 6837 6838 6842 6841
f 6840 6844 6843 6839
f 6837 6840 6839 6838
f 6841 6842 6843 6844
f 6837 6841 6844 6840
f 6838 6839 6843 6842
f 6845 6846 6850 6849
f 6848 6852 6851 6847
f 6845 6848 6847 6846
f 6849 6850 6851 6852
f 6845 6849 6852 6848
f 6846 6847 6851 6850
f 6853 6854 6858 6857
f 6856 6860 6859 6855
f 6853 6856 6855 6854
f 6857 6858 6859 6860
f 6853 6857 6860 6856
f 6854 6855 6859 6858
f 6861 6862 6866 6865
f 6864 6868 6867 6863
f 6861 6864 6863 6862
f 6865 6866 6867 6868
f 6861 6865 6868 6864
f 6862 6863 6867 6866
f 6869 6870 6874 6873
f 6872 6876 6875 6871
f 6869 6872 6871 6870
f 6873 6874 6875 6876
f 6869 6873 6876 6872
f 6870 6871 6875 6874
g black-shadow-under-cargo
usemtl chassis_dark
f 6877 6878 6882 6881
f 6880 6884 6883 6879
f 6877 6880 6879 6878
f 6881 6882 6883 6884
f 6877 6881 6884 6880
f 6878 6879 6883 6882
g cab-cargo-shadow-gap
usemtl black_plastic
f 6885 6886 6890 6889
f 6888 6892 6891 6887
f 6885 6888 6887 6886
f 6889 6890 6891 6892
f 6885 6889 6892 6888
f 6886 6887 6891 6890
